
      Date     Time  Bit Depth  Tot Depth  TVD Depth  LAG Depth        WOH    WOH min    WOH max        WOB     TORQUE    TRQ min    TRQ max        RPM        SPP   ROP m/hr     Cntr 1     Pump 1     Cntr 2     Pump 2     Cntr 3     Pump 3  Cum Cntrs   PumpTime    FLWpmps     RETURN      Sum 1    VarSum1    ACT PIT    VarSum2      MW IN     MW OUT     TMP IN    TMP OUT T GAS main T GAS main T GAS main T GAS main    T Revol 
                             m          m          m          m       klbs       klbs       klbs       klbs      lb*ft      lb*ft      lb*ft        rpm        psi        m/h       stks        spm       stks        spm       stks        spm       stks          h        gpm          %        bbl       l/mn        bbl       l/mn        ppg       kg/l       degC       degC          %          %          %          %       krev 
10-01-2014 00:00:10    3932.26    5139.42    4104.95    5141.00      418.6      418.6      418.6          0        234        232        232          0          4     213.74          0          0       5784          0       5647          0      11431      12.10          0          8    1211.56       1442      33.95         55        1.2       1.17       41.9       38.4       0.00       0.00       0.00       0.00          0 
10-01-2014 00:00:20    3932.26    5139.42    4104.95    5141.00      416.0      416.0      416.0          0        232        232        232          0          4     213.74          0          0       5784          0       5647          0      11431      12.10          0         15    1212.40       1382      33.93         45        1.2       1.17       42.0       38.4       0.00       0.00       0.00       0.00          0 
10-01-2014 00:00:30    3932.26    5139.42    4104.95    5141.00      418.8      418.8      418.8          0        234        232        232          0          4     213.74          0          0       5784          0       5647          0      11431      12.10          0          7    1212.05       1580      34.00         40        1.2       1.17       41.9       38.4       0.00       0.00       0.00       0.00          0 
10-01-2014 00:00:40    3932.26    5139.42    4104.95    5141.00      418.8      418.8      418.8          0        232        232        232          0          3     213.74          0          0       5784          0       5647          0      11431      12.10          0         12    1212.22       1434      34.00         35        1.2       1.17       41.9       38.4       0.00       0.00       0.00       0.00          0 
10-01-2014 00:00:50    3932.26    5139.42    4104.95    5141.00      417.5      417.5      417.5          0        232        232        232          0          4     213.74          0          0       5784          0       5647          0      11431      12.10          0         16    1212.51       1194      33.97         35        1.2       1.17       42.0       38.4       0.00       0.00       0.00       0.00          0 
10-01-2014 00:01:00    3932.26    5139.42    4104.95    5141.00      416.4      416.4      416.4          0        233        244        244          0          2     213.74          0          0       5784          0       5647          0      11431      12.10          0         15    1212.27       1220      33.96         25        1.2       1.17       42.0       38.4       0.00       0.00       0.00       0.00          0 
10-01-2014 00:01:10    3932.26    5139.42    4104.95    5141.00      419.2      419.2      419.2          0        238        232        232          0          2     213.74          0          0       5784          0       5647          0      11431      12.10          0          5    1211.72       1289      33.97         25        1.2       1.17       41.9       38.4       0.00       0.00       0.00       0.00          0 
10-01-2014 00:01:20    3932.26    5139.42    4104.95    5141.00      418.6      418.6      418.6          0        236        232        232          0          3     213.74          0          0       5784          0       5647          0      11431      12.10          0          7    1211.78       1244      33.97         16        1.2       1.17       41.9       38.4       0.00       0.00       0.00       0.00          0 
10-01-2014 00:01:30    3932.26    5139.42    4104.95    5141.00      416.3      416.3      416.3          0        232        232        232          0          4     213.74          0          0       5784          0       5647          0      11431      12.10          0         16    1212.97       1249      33.97         13        1.2       1.17       41.9       38.4       0.00       0.00       0.00       0.00          0 
10-01-2014 00:01:40    3932.26    5139.42    4104.95    5141.00      416.4      416.4      416.4          0        232        232        232          0          2     213.74          0          0       5784          0       5647          0      11431      12.10          0         14    1212.15       1456      33.99         11        1.2       1.17       41.9       38.3       0.00       0.00       0.00       0.00          0 
10-01-2014 00:01:50    3932.26    5139.42    4104.95    5141.00      417.8      417.8      417.8          0        234        232        232          0          2     213.74          0          0       5784          0       5647          0      11431      12.10          0         12    1211.94       1465      33.97         11        1.2       1.17       41.9       38.4       0.00       0.00       0.00       0.00          0 
10-01-2014 00:02:00    3932.26    5139.42    4104.95    5141.00      418.9      418.9      418.9          0        232        232        232          0          2     213.74          0          0       5784          0       5647          0      11431      12.10          0         13    1211.94       1330      33.94         15        1.2       1.17       41.9       38.3       0.00       0.00       0.00       0.00          0 
10-01-2014 00:02:10    3932.26    5139.42    4104.95    5141.00      415.1      415.1      415.1          0        233        244        244          0          2     213.74          0          0       5784          0       5647          0      11431      12.10          0          9    1211.62       1278      33.98         19        1.2       1.17       41.9       38.4       0.00       0.00       0.00       0.00          0 
10-01-2014 00:02:20    3932.26    5139.42    4104.95    5141.00      418.6      418.6      418.6          0        234        232        232          0          3     213.74          0          0       5784          0       5647          0      11431      12.10          0         14    1212.58       1241      34.04         27        1.2       1.17       41.9       38.4       0.00       0.00       0.00       0.00          0 
10-01-2014 00:02:30    3932.26    5139.42    4104.95    5141.00      417.4      417.4      417.4          0        233        232        232          0          3     213.74          0          0       5784          0       5647          0      11431      12.10          0          9    1212.18        960      34.00         32        1.2       1.17       42.0       38.3       0.00       0.00       0.00       0.00          0 
10-01-2014 00:02:40    3932.26    5139.42    4104.95    5141.00      417.1      417.1      417.1          0        232        232        232          0          4     213.74          0          0       5784          0       5647          0      11431      12.10          0          6    1212.09        839      33.95         39        1.2       1.17       41.9       38.4       0.00       0.00       0.00       0.00          0 
10-01-2014 00:02:50    3932.26    5139.42    4104.95    5141.00      418.3      418.3      418.3          0        232        232        232          0          3     213.74          0          0       5784          0       5647          0      11431      12.10          0         14    1212.62        935      33.96         39        1.2       1.17       41.9       38.4       0.00       0.00       0.00       0.00          0 
10-01-2014 00:03:00    3932.26    5139.42    4104.95    5141.00      416.8      416.8      416.8          0        233        232        232          0          2     213.74          0          0       5784          0       5647          0      11431      12.10          0          8    1212.38       1057      34.01         41        1.2       1.17       42.0       38.3       0.00       0.00       0.00       0.00          0 
10-01-2014 00:03:10    3932.26    5139.42    4104.95    5141.00      415.9      415.9      415.9          0        232        232        232          0          3     213.74          0          0       5784          0       5647          0      11431      12.10          0          6    1212.17       1017      33.88         53        1.2       1.17       42.0       38.4       0.00       0.00       0.00       0.00          0 
10-01-2014 00:03:20    3932.26    5139.42    4104.95    5141.00      418.6      418.6      418.6          0        232        232        232          0          3     213.74          0          0       5784          0       5647          0      11431      12.10          0         12    1212.22       1076      33.88         48        1.2       1.17       41.9       38.3       0.00       0.00       0.00       0.00          0 
10-01-2014 00:03:30    3932.26    5139.42    4104.95    5141.00      416.5      416.5      416.5          0        234        232        232          0          3     213.74          0          0       5784          0       5647          0      11431      12.10          0          9    1212.01       1042      33.96         54        1.2       1.17       41.9       38.3       0.00       0.00       0.00       0.00          0 
10-01-2014 00:03:40    3932.26    5139.42    4104.95    5141.00      416.8      416.8      416.8          0        232        232        232          0          2     213.74          0          0       5784          0       5647          0      11431      12.10          0         16    1211.42        999      34.06         67        1.2       1.17       42.0       38.4       0.00       0.00       0.00       0.00          0 
10-01-2014 00:03:50    3932.26    5139.42    4104.95    5141.00      418.1      418.1      418.1          0        232        232        232          0          3     213.74          0          0       5784          0       5647          0      11431      12.10          0         11    1211.91        870      34.04         64        1.2       1.17       41.9       38.3       0.00       0.00       0.00       0.00          0 
10-01-2014 00:04:00    3932.26    5139.42    4104.95    5141.00      417.2      417.2      417.2          0        234        232        232          0          3     213.74          0          0       5784          0       5647          0      11431      12.10          0          8    1211.80       1071      34.01         41        1.2       1.17       42.0       38.3       0.00       0.00       0.00       0.00          0 
10-01-2014 00:04:10    3932.26    5139.42    4104.95    5141.00      416.3      416.3      416.3          0        232        232        232          0          3     213.74          0          0       5784          0       5647          0      11431      12.10          0         13    1210.68       1085      34.01         42        1.2       1.17       42.0       38.3       0.00       0.00       0.00       0.00          0 
10-01-2014 00:04:20    3932.26    5139.42    4104.95    5141.00      418.6      418.6      418.6          0        232        232        232          0          3     213.74          0          0       5784          0       5647          0      11431      12.10          0         16    1212.06       1213      33.96         49        1.2       1.17       42.0       38.3       0.00       0.00       0.00       0.00          0 
10-01-2014 00:04:30    3932.26    5139.42    4104.95    5141.00      417.6      417.6      417.6          0        234        232        232          0          3     213.74          0          0       5784          0       5647          0      11431      12.10          0          6    1211.18       1232      33.93         29        1.2       1.17       42.0       38.3       0.00       0.00       0.00       0.00          0 
10-01-2014 00:04:40    3932.26    5139.42    4104.95    5141.00      416.9      416.9      416.9          0        234        232        232          0          3     213.74          0          0       5784          0       5647          0      11431      12.10          0          9    1211.28       1318      33.99         35        1.2       1.17       41.9       38.3       0.00       0.00       0.00       0.00          0 
10-01-2014 00:04:50    3932.26    5139.42    4104.95    5141.00      420.5      420.5      420.5          0        232        232        232          0          3     213.74          0          0       5784          0       5647          0      11431      12.10          0         11    1210.97       1186      33.83         59        1.2       1.17       42.0       38.3       0.00       0.00       0.00       0.00          0 
10-01-2014 00:05:00    3932.26    5139.42    4104.95    5141.00      417.1      417.1      417.1          0        232        232        232          0          2     213.74          0          0       5784          0       5647          0      11431      12.10          0         14    1211.66       1093      33.83         60        1.2       1.17       42.0       38.3       0.00       0.00       0.00       0.00          0 
10-01-2014 00:05:10    3932.26    5139.42    4104.95    5141.00      419.1      419.1      419.1          0        232        232        232          0          3     213.74          0          0       5784          0       5647          0      11431      12.10          0         10    1210.98       1092      33.95         78        1.2       1.17       42.0       38.3       0.00       0.00       0.00       0.00          0 
10-01-2014 00:05:20    3932.26    5139.42    4104.95    5141.00      417.1      417.1      417.1          0        233        244        244          0          2     213.74          0          0       5784          0       5647          0      11431      12.10          0          9    1211.07        991      34.01         76        1.2       1.17       42.0       38.3       0.00       0.00       0.00       0.00          0 
10-01-2014 00:05:30    3932.26    5139.42    4104.95    5141.00      418.2      418.2      418.2          0        234        232        232          0          3     213.74          0          0       5784          0       5647          0      11431      12.10          0         13    1211.73       1065      33.87         88        1.2       1.17       42.0       38.3       0.00       0.00       0.00       0.00          0 
10-01-2014 00:05:40    3932.26    5139.42    4104.95    5141.00      417.3      417.3      417.3          0        233        232        232          0          3     213.74          0          0       5784          0       5647          0      11431      12.10          0          9    1211.84       1091      33.87         83        1.2       1.17       41.9       38.3       0.00       0.00       0.00       0.00          0 
10-01-2014 00:05:50    3932.26    5139.42    4104.95    5141.00      419.3      419.3      419.3          0        234        232        232          0          3     213.74          0          0       5784          0       5647          0      11431      12.10          0         14    1211.49       1067      33.94         70        1.2       1.17       41.9       38.3       0.00       0.00       0.00       0.00          0 
10-01-2014 00:06:00    3932.26    5139.42    4104.95    5141.00      419.2      419.2      419.2          0        232        232        232          0          4     213.74          0          0       5784          0       5647          0      11431      12.10          0          7    1211.06       1144      33.94         57        1.2       1.17       41.9       38.3       0.00       0.00       0.00       0.00          0 
10-01-2014 00:06:10    3932.26    5139.42    4104.95    5141.00      419.1      419.1      419.1          0        234        232        232          0          2     213.74          0          0       5784          0       5647          0      11431      12.10          0          8    1211.32       1107      33.95         40        1.2       1.17       42.0       38.3       0.00       0.00       0.00       0.00          0 
10-01-2014 00:06:20    3932.26    5139.42    4104.95    5141.00      418.1      418.1      418.1          0        232        232        232          0          4     213.74          0          0       5784          0       5647          0      11431      12.10          0          8    1211.16        936      33.93         26        1.2       1.17       42.0       38.3       0.00       0.00       0.00       0.00          0 
10-01-2014 00:06:30    3932.26    5139.42    4104.95    5141.00      417.4      417.4      417.4          0        232        232        232          0          5     213.74          0          0       5784          0       5647          0      11431      12.10          0         14    1211.87        956      33.91         21        1.2       1.17       41.9       38.3       0.00       0.00       0.00       0.00          0 
10-01-2014 00:06:40    3932.26    5139.42    4104.95    5141.00      418.6      418.6      418.6          0        232        232        232          0          3     213.74          0          0       5784          0       5647          0      11431      12.10          0         13    1211.72       1063      33.88         25        1.2       1.17       41.9       38.3       0.00       0.00       0.00       0.00          0 
10-01-2014 00:06:50    3932.26    5139.42    4104.95    5141.00      418.8      418.8      418.8          0        232        232        232          0          4     213.74          0          0       5784          0       5647          0      11431      12.10          0          8    1211.73        938      33.98         31        1.2       1.17       41.9       38.3       0.00       0.00       0.00       0.00          0 
10-01-2014 00:07:00    3932.26    5139.42    4104.95    5141.00      418.4      418.4      418.4          0        233        244        244          0          4     213.74          0          0       5784          0       5647          0      11431      12.10          0          8    1212.32        962      33.90         44        1.2       1.17       41.9       38.3       0.00       0.00       0.00       0.00          0 
10-01-2014 00:07:10    3932.26    5139.42    4104.95    5141.00      416.2      416.2      416.2          0        233        232        232          0          3     213.74          0          0       5784          0       5647          0      11431      12.10          0         15    1211.11        989      33.88         53        1.2       1.17       41.9       38.3       0.00       0.00       0.00       0.00          0 
10-01-2014 00:07:20    3932.26    5139.42    4104.95    5141.00      418.0      418.0      418.0          0        232        232        232          0          3     213.74          0          0       5784          0       5647          0      11431      12.10          0         16    1211.91       1051      33.94         59        1.2       1.17       42.0       38.3       0.00       0.00       0.00       0.00          0 
10-01-2014 00:07:30    3932.26    5139.42    4104.95    5141.00      419.5      419.5      419.5          0        232        232        232          0          3     213.74          0          0       5784          0       5647          0      11431      12.10          0          6    1211.01        897      33.93         54        1.2       1.17       41.9       38.3       0.00       0.00       0.00       0.00          0 
10-01-2014 00:07:40    3932.26    5139.42    4104.95    5141.00      418.9      418.9      418.9          0        232        232        232          0          3     213.74          0          0       5784          0       5647          0      11431      12.10          0          9    1212.04       1123      33.96         41        1.2       1.17       42.0       38.3       0.00       0.00       0.00       0.00          0 
10-01-2014 00:07:50    3932.26    5139.42    4104.95    5141.00      417.7      417.7      417.7          0        233        244        244          0          2     213.74          0          0       5784          0       5647          0      11431      12.10          0         11    1211.29       1289      33.95         40        1.2       1.17       41.9       38.3       0.00       0.00       0.00       0.00          0 
10-01-2014 00:08:00    3932.26    5139.42    4104.95    5141.00      417.5      417.5      417.5          0        235        232        232          0          2     213.74          0          0       5784          0       5647          0      11431      12.10          0          8    1211.23       1263      33.94         22        1.2       1.17       42.0       38.3       0.00       0.00       0.00       0.00          0 
10-01-2014 00:08:10    3932.26    5139.42    4104.95    5141.00      419.4      419.4      419.4          0        232        232        232          0          2     213.74          0          0       5784          0       5647          0      11431      12.10          0         15    1211.80       1222      33.90         19        1.2       1.17       41.9       38.3       0.00       0.00       0.00       0.00          0 
10-01-2014 00:08:20    3932.26    5139.42    4104.95    5141.00      416.8      416.8      416.8          0        234        232        232          0          3     213.74          0          0       5784          0       5647          0      11431      12.10          0          7    1211.61       1370      33.91         15        1.2       1.17       42.0       38.3       0.00       0.00       0.00       0.00          0 
10-01-2014 00:08:30    3932.26    5139.42    4104.95    5141.00      419.7      419.7      419.7          0        236        232        232          0          2     213.74          0          0          0          0          0          0          0      12.10          0          8    1212.12       1326      33.92         15        1.2       1.17       42.0       38.3       0.00       0.00       0.00       0.00          0 
10-01-2014 00:08:40    3932.26    5139.42    4104.95    5141.00      419.4      419.4      419.4          0        232        232        232          0          2     213.74          0          0          0          0          0          0          0      12.10          0         12    1212.02       1088      33.92         12        1.2       1.17       41.9       38.3       0.00       0.00       0.00       0.00          0 
10-01-2014 00:08:50    3932.26    5139.42    4104.95    5141.00      417.2      417.2      417.2          0        232        232        232          0          2     213.74          0          0          0          0          0          0          0      12.10          0         13    1211.51       1079      33.87         18        1.2       1.17       42.0       38.3       0.00       0.00       0.00       0.00          0 
10-01-2014 00:09:00    3932.26    5139.42    4104.95    5141.00      417.7      417.7      417.7          0        235        232        232          0          2     213.74          0          0          0          0          0          0          0      12.10          0         12    1209.68       1234      33.84         22        1.2       1.17       42.0       38.3       0.00       0.00       0.00       0.00          0 
10-01-2014 00:09:10    3932.26    5139.42    4104.95    5141.00      418.4      418.4      418.4          0        234        232        232          0          3     213.74          0          0          0          0          0          0          0      12.10          0         11    1208.30       1326      33.87         25        1.2       1.17       41.9       38.3       0.00       0.00       0.00       0.00          0 
10-01-2014 00:09:20    3932.26    5139.42    4104.95    5141.00      418.6      418.6      418.6          0        233        232        232          0          2     213.74          0          0          0          0          0          0          0      12.10          0         13    1209.85       1529      33.84         28        1.2       1.17       41.9       38.3       0.00       0.00       0.00       0.00          0 
10-01-2014 00:09:30    3932.26    5139.42    4104.95    5141.00      420.0      420.0      420.0          0        234        232        232          0          3     213.74          0          0          0          0          0          0          0      12.10          0         12    1210.26       1499      33.91         40        1.2       1.17       41.9       38.3       0.00       0.00       0.00       0.00          0 
10-01-2014 00:09:40    3932.26    5139.42    4104.95    5141.00      420.8      420.8      420.8          0        232        232        232          0          2     213.74          0          0          0          0          0          0          0      12.10          0          8    1208.88       1643      33.90         41        1.2       1.17       41.9       38.3       0.00       0.00       0.00       0.00          0 
10-01-2014 00:09:50    3932.26    5139.42    4104.95    5141.00      419.2      419.2      419.2          0        233        244        244          0          3     213.74          0          0          0          0          0          0          0      12.10          0         14    1208.44       1643      33.84         39        1.2       1.17       41.9       38.3       0.00       0.00       0.00       0.00          0 
10-01-2014 00:10:00    3932.26    5139.42    4104.95    5141.00      416.9      416.9      416.9          0        232        232        232          0          1     213.74          0          0          0          0          0          0          0      12.10          0         13    1209.50       1449      33.90         48        1.2       1.17       41.9       38.3       0.00       0.00       0.00       0.00          0 
10-01-2014 00:10:10    3932.26    5139.42    4104.95    5141.00      418.6      418.6      418.6          0        234        232        232          0          1     213.74          0          0          0          0          0          0          0      12.10          0         15    1209.20       1258      33.91         47        1.2       1.17       42.0       38.3       0.00       0.00       0.00       0.00          0 
10-01-2014 00:10:20    3932.26    5139.42    4104.95    5141.00      420.7      420.7      420.7          0        233        232        232          0          1     213.74          0          0          0          0          0          0          0      12.10          0          8    1208.39       1207      33.91         42        1.2       1.17       42.0       38.3       0.00       0.00       0.00       0.00          0 
10-01-2014 00:10:30    3932.26    5139.42    4104.95    5141.00      418.1      418.1      418.1          0        234        232        232          0          1     213.74          0          0          0          0          0          0          0      12.10          0         10    1208.88       1423      33.91         36        1.2       1.17       41.9       38.3       0.00       0.00       0.00       0.00          0 
10-01-2014 00:10:40    3932.26    5139.42    4104.95    5141.00      417.3      417.3      417.3          0        232        232        232          0          1     213.74          0          0          0          0          0          0          0      12.10          0         14    1209.59       1480      33.92         25        1.2       1.17       41.9       38.2       0.00       0.00       0.00       0.00          0 
10-01-2014 00:10:50    3932.26    5139.42    4104.95    5141.00      418.2      418.2      418.2          0        232        232        232          0          2     213.74          0          0          0          0          0          0          0      12.10          0          8    1210.20       1439      33.91         16        1.2       1.17       41.9       38.3       0.00       0.00       0.00       0.00          0 
10-01-2014 00:11:00    3932.26    5139.42    4104.95    5141.00      421.2      421.2      421.2          0        232        232        232          0          3     213.74          0          0          0          0          0          0          0      12.10          0         12    1209.52       1412      33.93         17        1.2       1.17       41.9       38.2       0.00       0.00       0.00       0.00          0 
10-01-2014 00:11:10    3932.26    5139.42    4104.95    5141.00      418.7      418.7      418.7          0        234        232        232          0          3     213.74          0          0          0          0          0          0          0      12.10          0         12    1209.76       1261      33.87         26        1.2       1.17       41.9       38.3       0.00       0.00       0.00       0.00          0 
10-01-2014 00:11:20    3932.26    5139.42    4104.95    5141.00      417.0      417.0      417.0          0        232        232        232          0          2     213.74          0          0          0          0          0          0          0      12.10          0          9    1209.18       1152      33.86         26        1.2       1.17       41.9       38.3       0.00       0.00       0.00       0.00          0 
10-01-2014 00:11:30    3932.26    5139.42    4104.95    5141.00      418.9      418.9      418.9          0        234        232        232          0          3     213.74          0          0          0          0          0          0          0      12.10          0         11    1208.89        811      33.87         24        1.2       1.17       41.9       38.2       0.00       0.00       0.00       0.00          0 
10-01-2014 00:11:40    3932.26    5139.42    4104.95    5141.00      421.7      421.7      421.7          0        232        232        232          0          3     213.74          0          0          0          0          0          0          0      12.10          0         14    1210.72        982      33.90         28        1.2       1.17       42.0       38.2       0.00       0.00       0.00       0.00          0 
10-01-2014 00:11:50    3932.26    5139.42    4104.95    5141.00      418.8      418.8      418.8          0        233        232        232          0          3     213.74          0          0          0          0          0          0          0      12.10          0          9    1212.65       1091      33.93         29        1.2       1.17       41.9       38.2       0.00       0.00       0.00       0.00          0 
10-01-2014 00:12:00    3932.26    5139.42    4104.95    5141.00      419.7      419.7      419.7          0        232        232        232          0          3     213.74          0          0          0          0          0          0          0      12.10          0         12    1210.80       1487      33.93         20        1.2       1.17       41.9       38.2       0.00       0.00       0.00       0.00          0 
10-01-2014 00:12:10    3932.26    5139.42    4104.95    5141.00      420.5      420.5      420.5          0        232        232        232          0          2     213.74          0          0          0          0          0          0          0      12.10          0          9    1210.48       1535      33.93         17        1.2       1.17       41.9       38.2       0.00       0.00       0.00       0.00          0 
10-01-2014 00:12:20    3932.26    5139.42    4104.95    5141.00      418.0      418.0      418.0          0        232        232        232          0          2     213.74          0          0          0          0          0          0          0      12.10          0         12    1211.57       1668      33.92         17        1.2       1.17       41.9       38.2       0.00       0.00       0.00       0.00          0 
10-01-2014 00:12:30    3932.26    5139.42    4104.95    5141.00      420.2      420.2      420.2          0        234        232        232          0          4     213.74          0          0          0          0          0          0          0      12.10          0         13    1212.56       1619      33.93         15        1.2       1.17       41.9       38.2       0.00       0.00       0.00       0.00          0 
10-01-2014 00:12:40    3932.26    5139.42    4104.95    5141.00      419.7      419.7      419.7          0        232        232        232          0          4     213.74          0          0          0          0          0          0          0      12.10          0          6    1211.28       1641      33.94         11        1.2       1.17       41.9       38.3       0.00       0.00       0.00       0.00          0 
10-01-2014 00:12:50    3932.26    5139.42    4104.95    5141.00      417.5      417.5      417.5          0        232        232        232          0          3     213.74          0          0          0          0          0          0          0      12.10          0         12    1210.06       1573      33.92         13        1.2       1.17       41.9       38.2       0.00       0.00       0.00       0.00          0 
10-01-2014 00:13:00    3932.26    5139.42    4104.95    5141.00      417.4      417.4      417.4          0        232        232        232          0          3     213.74          0          0          0          0          0          0          0      12.10          0         10    1211.13       1233      33.79         34        1.2       1.17       41.9       38.2       0.00       0.00       0.00       0.00          0 
10-01-2014 00:13:10    3932.26    5139.42    4104.95    5141.00      418.1      418.1      418.1          0        234        232        232          0          3     213.74          0          0          0          0          0          0          0      12.10          0         12    1211.16       1155      33.89         51        1.2       1.17       41.9       38.2       0.00       0.00       0.00       0.00          0 
10-01-2014 00:13:20    3932.26    5139.42    4104.95    5141.00      419.1      419.1      419.1          0        232        232        232          0          3     213.74          0          0          0          0          0          0          0      12.10          0         14    1211.48       1137      33.93         56        1.2       1.17       41.9       38.2       0.00       0.00       0.00       0.00          0 
10-01-2014 00:13:30    3932.26    5139.42    4104.95    5141.00      419.6      419.6      419.6          0        232        232        232          0          2     213.74          0          0          0          0          0          0          0      12.10          0          7    1211.97        939      33.93         53        1.2       1.17       41.9       38.2       0.00       0.00       0.00       0.00          0 
10-01-2014 00:13:40    3932.26    5139.42    4104.95    5141.00      419.4      419.4      419.4          0        232        232        232          0          2     213.74          0          0          0          0          0          0          0      12.10          0          8    1212.35        949      33.88         60        1.2       1.17       41.9       38.2       0.00       0.00       0.00       0.00          0 
10-01-2014 00:13:50    3932.26    5139.42    4104.95    5141.00      417.7      417.7      417.7          0        232        232        232          0          2     213.74          0          0          0          0          0          0          0      12.10          0         14    1212.13        793      33.86         46        1.2       1.17       41.9       38.2       0.00       0.00       0.00       0.00          0 
10-01-2014 00:14:00    3932.26    5139.42    4104.95    5141.00      419.6      419.6      419.6          0        232        232        232          0          2     213.74          0          0          0          0          0          0          0      12.10          0         14    1212.09        852      33.88         43        1.2       1.17       41.9       38.2       0.00       0.00       0.00       0.00          0 
10-01-2014 00:14:10    3932.26    5139.42    4104.95    5141.00      419.0      419.0      419.0          0        232        232        232          0          3     213.74          0          0          0          0          0          0          0      12.10          0         10    1212.02        849      33.88         22        1.2       1.17       41.9       38.2       0.00       0.00       0.00       0.00          0 
10-01-2014 00:14:20    3932.26    5139.42    4104.95    5141.00      417.5      417.5      417.5          0        232        232        232          0          2     213.74          0          0          0          0          0          0          0      12.10          0         13    1211.99        882      33.88         24        1.2       1.17       41.9       38.2       0.00       0.00       0.00       0.00          0 
10-01-2014 00:14:30    3932.26    5139.42    4104.95    5141.00      419.4      419.4      419.4          0        232        232        232          0          4     213.74          0          0          0          0          0          0          0      12.10          0         12    1211.88        718      33.88         15        1.2       1.17       41.9       38.2       0.00       0.00       0.00       0.00          0 
10-01-2014 00:14:40    3932.26    5139.42    4104.95    5141.00      415.9      415.9      415.9          0        233        232        232          0          2     213.74          0          0          0          0          0          0          0      12.10          0         10    1211.09        899      33.78         28        1.2       1.17       41.9       38.2       0.00       0.00       0.00       0.00          0 
10-01-2014 00:14:50    3932.26    5139.42    4104.95    5141.00      419.5      419.5      419.5          0        232        232        232          0          3     213.74          0          0          0          0          0          0          0      12.10          0         10    1211.27        863      33.79         30        1.2       1.17       41.9       38.2       0.00       0.00       0.00       0.00          0 
10-01-2014 00:15:00    3932.26    5139.42    4104.95    5141.00      418.5      418.5      418.5          0        234        232        232          0          2     213.74          0          0          0          0          0          0          0      12.10          0         14    1211.46       1019      33.90         48        1.2       1.17       41.9       38.2       0.00       0.00       0.00       0.00          0 
10-01-2014 00:15:10    3932.26    5139.42    4104.95    5141.00      418.4      418.4      418.4          0        232        232        232          0          3     213.74          0          0          0          0          0          0          0      12.10          0         14    1212.30        930      33.92         47        1.2       1.17       41.9       38.2       0.00       0.00       0.00       0.00          0 
10-01-2014 00:15:20    3932.26    5139.42    4104.95    5141.00      419.0      419.0      419.0          0        232        232        232          0          3     213.74          0          0          0          0          0          0          0      12.10          0         16    1211.45       1110      33.87         55        1.2       1.17       41.9       38.2       0.00       0.00       0.00       0.00          0 
10-01-2014 00:15:30    3932.26    5139.42    4104.95    5141.00      418.8      418.8      418.8          0        232        232        232          0          2     213.74          0          0          0          0          0          0          0      12.10          0          6    1211.61       1146      33.84         61        1.2       1.17       41.9       38.2       0.00       0.00       0.00       0.00          0 
10-01-2014 00:15:40    3932.26    5139.42    4104.95    5141.00      417.7      417.7      417.7          0        234        232        232          0          3     213.74          0          0          0          0          0          0          0      12.10          0          9    1211.90       1131      33.85         43        1.2       1.17       41.9       38.2       0.00       0.00       0.00       0.00          0 
10-01-2014 00:15:50    3932.26    5139.42    4104.95    5141.00      419.7      419.7      419.7          0        232        232        232          0          3     213.74          0          0          0          0          0          0          0      12.10          0         13    1212.89       1123      33.86         32        1.2       1.17       42.0       38.2       0.00       0.00       0.00       0.00          0 
10-01-2014 00:16:00    3932.26    5139.42    4104.95    5141.00      417.5      417.5      417.5          0        232        232        232          0          2     213.74          0          0          0          0          0          0          0      12.10          0         12    1211.73       1147      33.85         33        1.2       1.17       41.9       38.2       0.00       0.00       0.00       0.00          0 
10-01-2014 00:16:10    3932.26    5139.42    4104.95    5141.00      417.6      417.6      417.6          0        232        232        232          0          3     213.74          0          0          0          0          0          0          0      12.10          0         12    1211.93        951      33.82         33        1.2       1.17       41.9       38.2       0.00       0.00       0.00       0.00          0 
10-01-2014 00:16:20    3932.26    5139.42    4104.95    5141.00      419.9      419.9      419.9          0        232        232        232          0          3     213.74          0          0          0          0          0          0          0      12.10          0         12    1212.35        968      33.84         30        1.2       1.17       41.9       38.2       0.00       0.00       0.00       0.00          0 
10-01-2014 00:16:30    3932.26    5139.42    4104.95    5141.00      417.5      417.5      417.5          0        232        232        232          0          4     213.74          0          0          0          0          0          0          0      12.10          0         12    1212.26        793      33.86         32        1.2       1.17       41.9       38.2       0.00       0.00       0.00       0.00          0 
10-01-2014 00:16:40    3932.26    5139.42    4104.95    5141.00      418.4      418.4      418.4          0        232        232        232          0          4     213.74          0          0          0          0          0          0          0      12.10          0         12    1210.91        886      33.85         29        1.2       1.17       41.9       38.2       0.00       0.00       0.00       0.00          0 
10-01-2014 00:16:50    3932.26    5139.42    4104.95    5141.00      418.6      418.6      418.6          0        232        232        232          0          3     213.74          0          0          0          0          0          0          0      12.10          0         16    1212.02        946      33.85         24        1.2       1.17       41.9       38.2       0.00       0.00       0.00       0.00          0 
10-01-2014 00:17:00    3932.26    5139.42    4104.95    5141.00      418.3      418.3      418.3          0        232        232        232          0          4     213.74          0          0          0          0          0          0          0      12.10          0         12    1211.38       1217      33.87         16        1.2       1.17       41.9       38.2       0.00       0.00       0.00       0.00          0 
10-01-2014 00:17:10    3932.26    5139.42    4104.95    5141.00      418.5      418.5      418.5          0        232        232        232          0          4     213.74          0          0          0          0          0          0          0      12.10          0         11    1210.98       1398      33.86         12        1.2       1.17       41.9       38.2       0.00       0.00       0.00       0.00          0 
10-01-2014 00:17:20    3932.26    5139.42    4104.95    5141.00      417.6      417.6      417.6          0        232        232        232          0          3     213.74          0          0          0          0          0          0          0      12.10          0          6    1211.47       1416      33.85         12        1.2       1.17       41.9       38.2       0.00       0.00       0.00       0.00          0 
10-01-2014 00:17:30    3932.26    5139.42    4104.95    5141.00      417.7      417.7      417.7          0        232        232        232          0          2     213.74          0          0          0          0          0          0          0      12.10          0          3    1211.22       1587      33.91         19        1.2       1.17       42.0       38.2       0.00       0.00       0.00       0.00          0 
10-01-2014 00:17:40    3932.26    5139.42    4104.95    5141.00      416.6      416.6      416.6          0        234        232        232          0          2     213.74          0          0          0          0          0          0          0      12.10          0          8    1210.64       1630      33.87         26        1.2       1.17       41.9       38.2       0.00       0.00       0.00       0.00          0 
10-01-2014 00:17:50    3932.26    5139.42    4104.95    5141.00      421.1      421.1      421.1          0        232        232        232          0          2     213.74          0          0          0          0          0          0          0      12.10          0         16    1212.02       1699      33.81         39        1.2       1.17       41.9       38.2       0.00       0.00       0.00       0.00          0 
10-01-2014 00:18:00    3932.26    5139.42    4104.95    5141.00      419.7      419.7      419.7          0        236        244        244          0          2     213.74          0          0          0          0          0          0          0      12.10          0          7    1211.19       1766      33.82         42        1.2       1.17       41.9       38.2       0.00       0.00       0.00       0.00          0 
10-01-2014 00:18:10    3932.26    5139.42    4104.95    5141.00      420.9      420.9      420.9          0        234        232        232          0          3     213.74          0          0          0          0          0          0          0      12.10          0          9    1211.82       1738      33.91         60        1.2       1.17       41.9       38.2       0.00       0.00       0.00       0.00          0 
10-01-2014 00:18:20    3932.26    5139.42    4104.95    5141.00      420.0      420.0      420.0          0        232        232        232          0          2     213.74          0          0          0          0          0          0          0      12.10          0         13    1212.18       1725      33.92         59        1.2       1.17       42.0       38.2       0.00       0.00       0.00       0.00          0 
10-01-2014 00:18:30    3932.26    5139.42    4104.95    5141.00      415.4      415.4      415.4          0        232        232        232          0          2     213.74          0          0          0          0          0          0          0      12.10          0         11    1212.40       1384      33.91         50        1.2       1.17       41.9       38.2       0.00       0.00       0.00       0.00          0 
10-01-2014 00:18:40    3932.26    5139.42    4104.95    5141.00      418.9      418.9      418.9          0        232        232        232          0          2     213.74          0          0          0          0          0          0          0      12.10          0         13    1212.14       1245      33.89         37        1.2       1.17       41.9       38.2       0.00       0.00       0.00       0.00          0 
10-01-2014 00:18:50    3932.26    5139.42    4104.95    5141.00      419.7      419.7      419.7          0        234        232        232          0          3     213.74          0          0          0          0          0          0          0      12.10          0          7    1212.00       1020      33.81         43        1.2       1.17       41.9       38.2       0.00       0.00       0.00       0.00          0 
10-01-2014 00:19:00    3932.26    5139.42    4104.95    5141.00      418.2      418.2      418.2          0        232        232        232          0          3     213.74          0          0          0          0          0          0          0      12.10          0         12    1211.17        930      33.82         35        1.2       1.17       41.9       38.2       0.00       0.00       0.00       0.00          0 
10-01-2014 00:19:10    3932.26    5139.42    4104.95    5141.00      417.7      417.7      417.7          0        232        232        232          0          4     213.74          0          0          0          0          0          0          0      12.10          0         12    1211.31        947      33.81         28        1.2       1.17       41.9       38.2       0.00       0.00       0.00       0.00          0 
10-01-2014 00:19:20    3932.26    5139.42    4104.95    5141.00      419.0      419.0      419.0          0        232        232        232          0          4     213.74          0          0          0          0          0          0          0      12.10          0         13    1210.97       1018      33.81         27        1.2       1.17       41.9       38.2       0.00       0.00       0.00       0.00          0 
10-01-2014 00:19:30    3932.26    5139.42    4104.95    5141.00      420.0      420.0      420.0          0        232        232        232          0          3     213.74          0          0          0          0          0          0          0      12.10          0         11    1211.43        973      33.89         38        1.2       1.17       41.9       38.2       0.00       0.00       0.00       0.00          0 
10-01-2014 00:19:40    3932.26    5139.42    4104.95    5141.00      422.4      422.4      422.4          0        233        232        232          0          3     213.74          0          0          0          0          0          0          0      12.10          0          6    1212.20        883      33.88         27        1.2       1.17       41.9       38.2       0.00       0.00       0.00       0.00          0 
10-01-2014 00:19:50    3932.26    5139.42    4104.95    5141.00      417.5      417.5      417.5          0        232        232        232          0          2     213.74          0          0          0          0          0          0          0      12.10          0         15    1212.05        818      33.81         33        1.2       1.17       41.9       38.2       0.00       0.00       0.00       0.00          0 
10-01-2014 00:20:00    3932.26    5139.42    4104.95    5141.00      420.3      420.3      420.3          0        232        232        232          0          3     213.74          0          0          0          0          0          0          0      12.10          0         12    1211.84        984      33.80         33        1.2       1.17       41.9       38.2       0.00       0.00       0.00       0.00          0 
10-01-2014 00:20:10    3932.26    5139.42    4104.95    5141.00      418.4      418.4      418.4          0        233        244        244          0          2     213.74          0          0          0          0          0          0          0      12.10          0          6    1211.28        951      33.76         38        1.2       1.17       41.9       38.2       0.00       0.00       0.00       0.00          0 
10-01-2014 00:20:20    3932.26    5139.42    4104.95    5141.00      420.1      420.1      420.1          0        233        232        232          0          3     213.74          0          0          0          0          0          0          0      12.10          0         13    1211.25       1244      33.80         44        1.2       1.17       41.9       38.2       0.00       0.00       0.00       0.00          0 
10-01-2014 00:20:30    3932.26    5139.42    4104.95    5141.00      419.3      419.3      419.3          0        232        232        232          0          2     213.74          0          0          0          0          0          0          0      12.10          0          7    1211.66       1257      33.86         40        1.2       1.17       41.9       38.2       0.00       0.00       0.00       0.00          0 
10-01-2014 00:20:40    3932.26    5139.42    4104.95    5141.00      416.4      416.4      416.4          0        233        232        232          0          3     213.74          0          0          0          0          0          0          0      12.10          0         13    1212.30       1409      33.88         33        1.2       1.17       41.9       38.1       0.00       0.00       0.00       0.00          0 
10-01-2014 00:20:50    3932.26    5139.42    4104.95    5141.00      420.8      420.8      420.8          0        233        232        232          0          2     213.74          0          0          0          0          0          0          0      12.10          0         13    1212.03       1333      33.82         43        1.2       1.17       42.0       38.2       0.00       0.00       0.00       0.00          0 
10-01-2014 00:21:00    3932.26    5139.42    4104.95    5141.00      419.1      419.1      419.1          0        233        232        232          0          2     213.74          0          0          0          0          0          0          0      12.10          0          9    1211.22       1506      33.82         47        1.2       1.17       41.9       38.2       0.00       0.00       0.00       0.00          0 
10-01-2014 00:21:10    3932.26    5139.42    4104.95    5141.00      418.1      418.1      418.1          0        232        232        232          0          2     213.74          0          0          0          0          0          0          0      12.10          0         14    1212.16       1456      33.77         43        1.2       1.17       41.9       38.2       0.00       0.00       0.00       0.00          0 
10-01-2014 00:21:20    3932.26    5139.42    4104.95    5141.00      415.5      415.5      415.5          0        232        232        232          0          2     213.74          0          0          0          0          0          0          0      12.10          0         10    1212.18       1389      33.80         45        1.2       1.17       41.9       38.2       0.00       0.00       0.00       0.00          0 
10-01-2014 00:21:30    3932.26    5139.42    4104.95    5141.00      419.7      419.7      419.7          0        232        232        232          0          1     213.74          0          0          0          0          0          0          0      12.10          0          7    1211.29       1313      33.83         39        1.2       1.17       41.9       38.2       0.00       0.00       0.00       0.00          0 
10-01-2014 00:21:40    3932.26    5139.42    4104.95    5141.00      419.2      419.2      419.2          0        232        232        232          0          2     213.74          0          0          0          0          0          0          0      12.10          0         14    1211.87       1426      33.83         27        1.2       1.17       41.9       38.2       0.00       0.00       0.00       0.00          0 
10-01-2014 00:21:50    3932.26    5139.42    4104.95    5141.00      419.4      419.4      419.4          0        232        232        232          0          2     213.74          0          0          0          0          0          0          0      12.10          0          9    1211.60       1384      33.81         24        1.2       1.17       41.9       38.2       0.00       0.00       0.00       0.00          0 
10-01-2014 00:22:00    3932.26    5139.42    4104.95    5141.00      419.7      419.7      419.7          0        232        232        232          0          2     213.74          0          0          0          0          0          0          0      12.10          0          6    1212.16        979      33.78         20        1.2       1.17       41.9       38.2       0.00       0.00       0.00       0.00          0 
10-01-2014 00:22:10    3932.26    5139.42    4104.95    5141.00      419.8      419.8      419.8          0        232        232        232          0          1     213.74          0          0          0          0          0          0          0      12.10          0         15    1211.49       1099      33.78         19        1.2       1.17       41.9       38.2       0.00       0.00       0.00       0.00          0 
10-01-2014 00:22:20    3932.26    5139.42    4104.95    5141.00      416.9      416.9      416.9          0        234        232        232          0          1     213.74          0          0          0          0          0          0          0      12.10          0         12    1212.31       1176      33.79         17        1.2       1.17       41.9       38.2       0.00       0.00       0.00       0.00          0 
10-01-2014 00:22:30    3932.26    5139.42    4104.95    5141.00      418.1      418.1      418.1          0        232        232        232          0          2     213.74          0          0          0          0          0          0          0      12.10          0         14    1211.39       1105      33.79         18        1.2       1.17       41.9       38.1       0.00       0.00       0.00       0.00          0 
10-01-2014 00:22:40    3932.26    5139.42    4104.95    5141.00      420.2      420.2      420.2          0        232        232        232          0          2     213.74          0          0          0          0          0          0          0      12.10          0         14    1212.05       1110      33.80         19        1.2       1.17       41.9       38.2       0.00       0.00       0.00       0.00          0 
10-01-2014 00:22:50    3932.26    5139.42    4104.95    5141.00      419.4      419.4      419.4          0        232        232        232          0          2     213.74          0          0          0          0          0          0          0      12.10          0          8    1211.73       1218      33.80         12        1.2       1.17       41.9       38.1       0.00       0.00       0.00       0.00          0 
10-01-2014 00:23:00    3932.26    5139.42    4104.95    5141.00      417.1      417.1      417.1          0        232        232        232          0          2     213.74          0          0          0          0          0          0          0      12.10          0         12    1211.98       1202      33.81         14        1.2       1.17       41.9       38.1       0.00       0.00       0.00       0.00          0 
10-01-2014 00:23:10    3932.26    5139.42    4104.95    5141.00      420.8      420.8      420.8          0        232        232        232          0          2     213.74          0          0          0          0          0          0          0      12.10          0         12    1211.56       1392      33.76         25        1.2       1.17       41.9       38.1       0.00       0.00       0.00       0.00          0 
10-01-2014 00:23:20    3932.26    5139.42    4104.95    5141.00      418.9      418.9      418.9          0        232        232        232          0          2     213.74          0          0          0          0          0          0          0      12.10          0         14    1210.70       1326      33.74         29        1.2       1.17       41.9       38.1       0.00       0.00       0.00       0.00          0 
10-01-2014 00:23:30    3932.26    5139.42    4104.95    5141.00      420.7      420.7      420.7          0        232        232        232          0          3     213.74          0          0          0          0          0          0          0      12.10          0         14    1210.31       1396      33.80         36        1.2       1.17       41.9       38.1       0.00       0.00       0.00       0.00          0 
10-01-2014 00:23:40    3932.26    5139.42    4104.95    5141.00      419.6      419.6      419.6          0        232        232        232          0          3     213.74          0          0          0          0          0          0          0      12.10          0          8    1209.31       1425      33.80         46        1.2       1.17       41.9       38.2       0.00       0.00       0.00       0.00          0 
10-01-2014 00:23:50    3932.26    5139.42    4104.95    5141.00      418.1      418.1      418.1          0        232        232        232          0          2     213.74          0          0          0          0          0          0          0      12.10          0         15    1208.71       1461      33.89         58        1.2       1.17       41.9       38.1       0.00       0.00       0.00       0.00          0 
10-01-2014 00:24:00    3932.26    5139.42    4104.95    5141.00      429.4      429.4      429.4          0        232        232        232          0          3     213.74          0          0          0          0          0          0          0      12.10          0          7    1209.29       1454      33.81         68        1.2       1.17       41.9       38.2       0.00       0.00       0.00       0.00          0 
10-01-2014 00:24:10    3932.26    5139.42    4104.95    5141.00      422.0      422.0      422.0          0        233        232        232          0          2     213.74          0          0          0          0          0          0          0      12.10          0         12    1209.91       1447      33.78         59        1.2       1.17       41.9       38.1       0.00       0.00       0.00       0.00          0 
10-01-2014 00:24:20    3932.26    5139.42    4104.95    5141.00      425.4      425.4      425.4          0        232        232        232          0          2     213.74          0          0          0          0          0          0          0      12.10          0          9    1208.97       1490      33.77         54        1.2       1.17       41.9       38.1       0.00       0.00       0.00       0.00          0 
10-01-2014 00:24:30    3932.26    5139.42    4104.95    5141.00      439.5      439.5      439.5          0        236        232        232          0          2     213.74          0          0          0          0          0          0          0      12.10          0         12    1209.53       1466      33.77         46        1.2       1.17       41.9       38.1       0.00       0.00       0.00       0.00          0 
10-01-2014 00:24:40    3932.26    5139.42    4104.95    5141.00      420.0      420.0      420.0          0        232        232        232          0          3     213.74          0          0          0          0          0          0          0      12.10          0         11    1208.54       1459      33.77         42        1.2       1.17       41.9       38.1       0.00       0.00       0.00       0.00          0 
10-01-2014 00:24:50    3932.26    5139.42    4104.95    5141.00      420.2      420.2      420.2          0        232        232        232          0          2     213.74          0          0          0          0          0          0          0      12.10          0          5    1208.09       1437      33.82         40        1.2       1.17       41.9       38.1       0.00       0.00       0.00       0.00          0 
10-01-2014 00:25:00    3932.26    5139.42    4104.95    5141.00      421.8      421.8      421.8          0        232        232        232          0          2     213.74          0          0          0          0          0          0          0      12.10          0          7    1207.44       1196      33.81         42        1.2       1.17       41.9       38.1       0.00       0.00       0.00       0.00          0 
10-01-2014 00:25:10    3932.26    5139.42    4104.95    5141.00      426.5      426.5      426.5          0        232        232        232          0          3     213.74          0          0          0          0          0          0          0      12.10          0         13    1206.07       1266      33.82         45        1.2       1.17       41.9       38.1       0.00       0.00       0.00       0.00          0 
10-01-2014 00:25:20    3932.26    5139.42    4104.95    5141.00      418.1      418.1      418.1          0        232        232        232          0          3     213.74          0          0          0          0          0          0          0      12.10          0         11    1206.98       1143      33.82         43        1.2       1.17       41.9       38.1       0.00       0.00       0.00       0.00          0 
10-01-2014 00:25:30    3932.26    5139.42    4104.95    5141.00      432.0      432.0      432.0          0        232        232        232          0          3     213.74          0          0          0          0          0          0          0      12.10          0         13    1206.95       1082      33.83         43        1.2       1.17       41.9       38.1       0.00       0.00       0.00       0.00          0 
10-01-2014 00:25:40    3932.26    5139.42    4104.95    5141.00      424.1      424.1      424.1          0        232        232        232          0          2     213.74          0          0          0          0          0          0          0      12.10          0          9    1206.57       1101      33.81         25        1.2       1.17       41.9       38.1       0.00       0.00       0.00       0.00          0 
10-01-2014 00:25:50    3932.26    5139.42    4104.95    5141.00      420.1      420.1      420.1          0        232        232        232          0          3     213.74          0          0          0          0          0          0          0      12.10          0         11    1205.22       1249      33.79         21        1.2       1.17       41.9       38.1       0.00       0.00       0.00       0.00          0 
10-01-2014 00:26:00    3932.26    5139.42    4104.95    5141.00      418.9      418.9      418.9          0        232        232        232          0          4     213.74          0          0          0          0          0          0          0      12.10          0         15    1202.89       1433      33.78         17        1.2       1.17       41.9       38.1       0.00       0.00       0.00       0.00          0 
10-01-2014 00:26:10    3932.26    5139.42    4104.95    5141.00      421.6      421.6      421.6          0        232        232        232          0          3     213.74          0          0          0          0          0          0          0      12.10          0          8    1202.77       1489      33.78         13        1.2       1.17       41.9       38.1       0.00       0.00       0.00       0.00          0 
10-01-2014 00:26:20    3932.26    5139.42    4104.95    5141.00      419.9      419.9      419.9          0        232        232        232          0          4     213.74          0          0          0          0          0          0          0      12.10          0         15    1200.63       1606      33.79         14        1.2       1.17       41.9       38.1       0.00       0.00       0.00       0.00          0 
10-01-2014 00:26:30    3932.26    5139.42    4104.95    5141.00      421.5      421.5      421.5          0        232        232        232          0          4     213.74          0          0          0          0          0          0          0      12.10          0         13    1202.03       1635      33.75         30        1.2       1.17       41.9       38.1       0.00       0.00       0.00       0.00          0 
10-01-2014 00:26:40    3932.26    5139.42    4104.95    5141.00      419.3      419.3      419.3          0        232        232        232          0          3     213.74          0          0          0          0          0          0          0      12.10          0          8    1201.01       1662      33.76         35        1.2       1.17       41.9       38.1       0.00       0.00       0.00       0.00          0 
10-01-2014 00:26:50    3932.26    5139.42    4104.95    5141.00      423.4      423.4      423.4          0        232        232        232          0          3     213.74          0          0          0          0          0          0          0      12.10          0         15    1200.46       1391      33.80         39        1.2       1.17       41.9       38.1       0.00       0.00       0.00       0.00          0 
10-01-2014 00:27:00    3932.26    5139.42    4104.95    5141.00      423.5      423.5      423.5          0        233        232        232          0          2     213.74          0          0          0          0          0          0          0      12.10          0          7    1200.87       1403      33.80         37        1.2       1.17       41.9       38.1       0.00       0.00       0.00       0.00          0 
10-01-2014 00:27:10    3932.26    5139.42    4104.95    5141.00      420.7      420.7      420.7          0        234        232        232          0          2     213.74          0          0          0          0          0          0          0      12.10          0          7    1203.11       1355      33.81         58        1.2       1.17       41.9       38.1       0.00       0.00       0.00       0.00          0 
10-01-2014 00:27:20    3932.26    5139.42    4104.95    5141.00      422.2      422.2      422.2          0        232        232        232          0          2     213.74          0          0          0          0          0          0          0      12.10          0         18    1202.84       1325      33.92         71        1.2       1.17       41.9       38.1       0.00       0.00       0.00       0.00          0 
10-01-2014 00:27:30    3932.26    5139.42    4104.95    5141.00      420.4      420.4      420.4          0        232        232        232          0          2     213.74          0          0          0          0          0          0          0      12.10          0         11    1201.56       1428      33.85         65        1.2       1.17       41.9       38.1       0.00       0.00       0.00       0.00          0 
10-01-2014 00:27:40    3932.26    5139.42    4104.95    5141.00      421.9      421.9      421.9          0        232        232        232          0          2     213.74          0          0          0          0          0          0          0      12.10          0          5    1204.28       1803      33.78         65        1.2       1.17       41.9       38.1       0.00       0.00       0.00       0.00          0 
10-01-2014 00:27:50    3932.26    5139.42    4104.95    5141.00      422.7      422.7      422.7          0        232        232        232          0          1     213.74          0          0          0          0          0          0          0      12.10          0          9    1203.83       2021      33.68         84        1.2       1.17       41.9       38.1       0.00       0.00       0.00       0.00          0 
10-01-2014 00:28:00    3932.26    5139.42    4104.95    5141.00      421.2      421.2      421.2          0        232        232        232          0          2     213.74          0          0          0          0          0          0          0      12.10          0          3    1201.68       2259      33.70         81        1.2       1.17       41.9       38.1       0.00       0.00       0.00       0.00          0 
10-01-2014 00:28:10    3932.26    5139.42    4104.95    5141.00      419.6      419.6      419.6          0        232        232        232          0          3     213.74          0          0          0          0          0          0          0      12.10          0         17    1203.27       2134      33.74         70        1.2       1.17       41.9       38.1       0.00       0.00       0.00       0.00          0 
10-01-2014 00:28:20    3932.26    5139.42    4104.95    5141.00      425.7      425.7      425.7          0        232        232        232          0          3     213.74          0          0          0          0          0          0          0      12.10          0         14    1204.00       1950      33.80         58        1.2       1.17       41.9       38.1       0.00       0.00       0.00       0.00          0 
10-01-2014 00:28:30    3932.26    5139.42    4104.95    5141.00      421.5      421.5      421.5          0        232        232        232          0          3     213.74          0          0          0          0          0          0          0      12.10          0         12    1202.13       1942      33.82         55        1.2       1.17       41.9       38.1       0.00       0.00       0.00       0.00          0 
10-01-2014 00:28:40    3932.26    5139.42    4104.95    5141.00      440.3      440.3      440.3          0        232        232        232          0          3     213.74          0          0          0          0          0          0          0      12.10          0         17    1202.50       1610      33.78         37        1.2       1.17       41.8       38.1       0.00       0.00       0.00       0.00          0 
10-01-2014 00:28:50    3932.26    5139.42    4104.95    5141.00      488.1      488.1      488.1          0        232        232        232          0          4     213.74          0          0          0          0          0          0          0      12.10          0          7    1202.75       1302      33.76         37        1.2       1.17       41.9       38.1       0.00       0.00       0.00       0.00          0 
10-01-2014 00:29:00    3932.26    5139.42    4104.95    5141.00      436.7      436.7      436.7          0        232        232        232          0          3     213.74          0          0          0          0          0          0          0      12.10          0          3    1202.26       1264      33.77         34        1.2       1.17       41.9       38.1       0.00       0.00       0.00       0.00          0 
10-01-2014 00:29:10    3932.26    5139.42    4104.95    5141.00      422.5      422.5      422.5          0        232        232        232          0          3     213.74          0          0          0          0          0          0          0      12.10          0         18    1202.29       1330      33.76         21        1.2       1.17       41.9       38.1       0.00       0.00       0.00       0.00          0 
10-01-2014 00:29:20    3932.26    5139.42    4104.95    5141.00      421.8      421.8      421.8          0        232        232        232          0          3     213.74          0          0          0          0          0          0          0      12.10          0          7    1203.39       1420      33.77         20        1.2       1.17       41.9       38.1       0.00       0.00       0.00       0.00          0 
10-01-2014 00:29:30    3932.26    5139.42    4104.95    5141.00      418.9      418.9      418.9          0        232        232        232          0          4     213.74          0          0          0          0          0          0          0      12.10          0          5    1202.74       1322      33.71         24        1.2       1.17       41.9       38.1       0.00       0.00       0.00       0.00          0 
10-01-2014 00:29:40    3932.26    5139.42    4104.95    5141.00      424.0      424.0      424.0          0        232        232        232          0          5     213.74          0          0          0          0          0          0          0      12.10          0         13    1201.73       1395      33.74         21        1.2       1.17       41.9       38.1       0.00       0.00       0.00       0.00          0 
10-01-2014 00:29:50    3932.26    5139.42    4104.95    5141.00      419.6      419.6      419.6          0        232        232        232          0          4     213.74          0          0          0          0          0          0          0      12.10          0         12    1201.58       1318      33.76         30        1.2       1.17       41.9       38.1       0.00       0.00       0.00       0.00          0 
10-01-2014 00:30:00    3932.26    5139.42    4104.95    5141.00      419.7      419.7      419.7          0        232        232        232          0          4     213.74          0          0          0          0          0          0          0      12.10          0          9    1200.42       1348      33.69         41        1.2       1.17       41.9       38.1       0.00       0.00       0.00       0.00          0 
10-01-2014 00:30:10    3932.26    5139.42    4104.95    5141.00      422.4      422.4      422.4          0        232        232        232          0          3     213.74          0          0          0          0          0          0          0      12.10          0         10    1201.57       1069      33.80         58        1.2       1.17       41.8       38.1       0.00       0.00       0.00       0.00          0 
10-01-2014 00:30:20    3932.26    5139.42    4104.95    5141.00      422.1      422.1      422.1          0        232        232        232          0          3     213.74          0          0          0          0          0          0          0      12.10          0         11    1201.50        985      33.77         70        1.2       1.17       41.9       38.1       0.00       0.00       0.00       0.00          0 
10-01-2014 00:30:30    3932.26    5139.42    4104.95    5141.00      420.2      420.2      420.2          0        232        232        232          0          3     213.74          0          0          0          0          0          0          0      12.10          0         10    1201.81        940      33.75         66        1.2       1.17       41.9       38.1       0.00       0.00       0.00       0.00          0 
10-01-2014 00:30:40    3932.26    5139.42    4104.95    5141.00      422.7      422.7      422.7          0        232        232        232          0          2     213.74          0          0          0          0          0          0          0      12.10          0         16    1201.82        814      33.75         57        1.2       1.17       41.9       38.1       0.00       0.00       0.00       0.00          0 
10-01-2014 00:30:50    3932.26    5139.42    4104.95    5141.00      421.1      421.1      421.1          0        232        232        232          0          3     213.74          0          0          0          0          0          0          0      12.10          0          6    1202.50        819      33.76         47        1.2       1.17       41.9       38.1       0.00       0.00       0.00       0.00          0 
10-01-2014 00:31:00    3932.26    5139.42    4104.95    5141.00      420.0      420.0      420.0          0        232        232        232          0          3     213.74          0          0          0          0          0          0          0      12.10          0          7    1205.48       1245      33.84         42        1.2       1.17       41.8       38.1       0.00       0.00       0.00       0.00          0 
10-01-2014 00:31:10    3932.26    5139.42    4104.95    5141.00      422.4      422.4      422.4          0        232        232        232          0          3     213.74          0          0          0          0          0          0          0      12.10          0         18    1205.92       1191      33.80         41        1.2       1.17       41.9       38.1       0.00       0.00       0.00       0.00          0 
10-01-2014 00:31:20    3932.26    5139.42    4104.95    5141.00      420.4      420.4      420.4          0        232        232        232          0          3     213.74          0          0          0          0          0          0          0      12.10          0          9    1207.53       1373      33.79         31        1.2       1.17       41.8       38.1       0.00       0.00       0.00       0.00          0 
10-01-2014 00:31:30    3932.26    5139.42    4104.95    5141.00      421.8      421.8      421.8          0        232        232        232          0          3     213.74          0          0          0          0          0          0          0      12.10          0         12    1206.81       1724      33.79         28        1.2       1.17       41.8       38.1       0.00       0.00       0.00       0.00          0 
10-01-2014 00:31:40    3932.26    5139.42    4104.95    5141.00      421.8      421.8      421.8          0        232        232        232          0          2     213.74          0          0          0          0          0          0          0      12.10          0          9    1205.71       2362      33.91         49        1.2       1.17       41.9       38.1       0.00       0.00       0.00       0.00          0 
10-01-2014 00:31:50    3932.26    5139.42    4104.95    5141.00      422.6      422.6      422.6          0        232        232        232          0          3     213.74          0          0          0          0          0          0          0      12.10          0         14    1207.37       2291      33.88         46        1.2       1.17       41.9       38.1       0.00       0.00       0.00       0.00          0 
10-01-2014 00:32:00    3932.26    5139.42    4104.95    5141.00      421.2      421.2      421.2          0        235        232        232          0          2     213.74          0          0          0          0          0          0          0      12.10          0         13    1207.21       2289      33.90         49        1.2       1.17       41.8       38.1       0.00       0.00       0.00       0.00          0 
10-01-2014 00:32:10    3932.26    5139.42    4104.95    5141.00      424.7      424.7      424.7          0        232        232        232          0          1     213.74          0          0          0          0          0          0          0      12.10          0          9    1207.81       2369      33.91         45        1.2       1.17       41.8       38.1       0.00       0.00       0.00       0.00          0 
10-01-2014 00:32:20    3932.26    5139.42    4104.95    5141.00      418.2      418.2      418.2          0        232        232        232          0          2     213.74          0          0          0          0          0          0          0      12.10          0         13    1206.94       2174      33.84         56        1.2       1.17       41.9       38.0       0.00       0.00       0.00       0.00          0 
10-01-2014 00:32:30    3932.26    5139.42    4104.95    5141.00      417.9      417.9      417.9          0        232        232        232          0          2     213.74          0          0          0          0          0          0          0      12.10          0         12    1207.24       1643      33.78         53        1.2       1.17       41.9       38.1       0.00       0.00       0.00       0.00          0 
10-01-2014 00:32:40    3932.26    5139.42    4104.95    5141.00      423.0      423.0      423.0          0        232        232        232          0          3     213.74          0          0          0          0          0          0          0      12.10          0         11    1207.14       1175      33.67         56        1.2       1.17       41.9       38.1       0.00       0.00       0.00       0.00          0 
10-01-2014 00:32:50    3932.26    5139.42    4104.95    5141.00      432.8      432.8      432.8          0        232        232        232          0          3     213.74          0          0          0          0          0          0          0      12.10          0         10    1206.63        895      33.70         53        1.2       1.17       41.9       38.1       0.00       0.00       0.00       0.00          0 
10-01-2014 00:33:00    3932.26    5139.42    4104.95    5141.00      429.5      429.5      429.5          0        232        232        232          0          2     213.74          0          0          0          0          0          0          0      12.10          0         10    1206.94        924      33.72         53        1.2       1.17       41.9       38.1       0.00       0.00       0.00       0.00          0 
10-01-2014 00:33:10    3932.26    5139.42    4104.95    5141.00      441.5      441.5      441.5          0        232        232        232          0          1     213.74          0          0          0          0          0          0          0      12.10          0          7    1207.23        954      33.72         41        1.2       1.17       41.9       38.0       0.00       0.00       0.00       0.00          0 
10-01-2014 00:33:20    3932.26    5139.42    4104.95    5141.00      420.8      420.8      420.8          0        232        232        232          0          2     213.74          0          0          0          0          0          0          0      12.10          0         12    1206.76       1040      33.72         30        1.2       1.17       41.9       38.1       0.00       0.00       0.00       0.00          0 
10-01-2014 00:33:30    3932.26    5139.42    4104.95    5141.00      421.8      421.8      421.8          0        232        232        232          0          3     213.74          0          0          0          0          0          0          0      12.10          0         10    1207.32       1166      33.74         31        1.2       1.17       41.9       38.0       0.00       0.00       0.00       0.00          0 
10-01-2014 00:33:40    3932.26    5139.42    4104.95    5141.00      421.3      421.3      421.3          0        232        232        232          0          1     213.74          0          0          0          0          0          0          0      12.10          0         12    1208.15       1258      33.74         14        1.2       1.17       41.9       38.0       0.00       0.00       0.00       0.00          0 
10-01-2014 00:33:50    3932.26    5139.42    4104.95    5141.00      420.6      420.6      420.6          0        232        232        232          0          2     213.74          0          0          0          0          0          0          0      12.10          0         12    1208.62       1174      33.72         11        1.2       1.17       41.9       38.1       0.00       0.00       0.00       0.00          0 
10-01-2014 00:34:00    3932.26    5139.42    4104.95    5141.00      432.6      432.6      432.6          0        233        232        232          0          2     213.74          0          0          0          0          0          0          0      12.10          0         12    1206.61       1181      33.71         15        1.2       1.17       41.9       38.1       0.00       0.00       0.00       0.00          0 
10-01-2014 00:34:10    3932.26    5139.42    4104.95    5141.00      419.9      419.9      419.9          0        232        232        232          0          4     213.74          0          0          0          0          0          0          0      12.10          0         14    1206.87       1263      33.72         17        1.2       1.17       41.9       38.1       0.00       0.00       0.00       0.00          0 
10-01-2014 00:34:20    3932.26    5139.42    4104.95    5141.00      419.7      419.7      419.7          0        232        232        232          0          3     213.74          0          0          0          0          0          0          0      12.10          0          7    1207.35        970      33.72         15        1.2       1.17       41.9       38.0       0.00       0.00       0.00       0.00          0 
10-01-2014 00:34:30    3932.26    5139.42    4104.95    5141.00      419.7      419.7      419.7          0        234        232        232          0          3     213.74          0          0          0          0          0          0          0      12.10          0         13    1207.42        938      33.72         16        1.2       1.17       41.9       38.0       0.00       0.00       0.00       0.00          0 
10-01-2014 00:34:40    3932.26    5139.42    4104.95    5141.00      420.6      420.6      420.6          0        235        232        232          0          4     213.74          0          0          0          0          0          0          0      12.10          0          9    1206.77       1136      33.72         13        1.2       1.17       41.8       38.0       0.00       0.00       0.00       0.00          0 
10-01-2014 00:34:50    3932.26    5139.42    4104.95    5141.00      420.8      420.8      420.8          0        234        232        232          0          3     213.74          0          0          0          0          0          0          0      12.10          0         10    1207.66       1244      33.73         12        1.2       1.17       41.9       38.0       0.00       0.00       0.00       0.00          0 
10-01-2014 00:35:00    3932.26    5139.42    4104.95    5141.00      421.7      421.7      421.7          0        232        232        232          0          3     213.74          0          0          0          0          0          0          0      12.10          0         14    1207.43       1127      33.72         12        1.2       1.17       41.8       38.0       0.00       0.00       0.00       0.00          0 
10-01-2014 00:35:10    3932.26    5139.42    4104.95    5141.00      422.0      422.0      422.0          0        233        232        232          0          3     213.74          0          0          0          0          0          0          0      12.10          0          8    1207.24       1210      33.73         11        1.2       1.17       41.8       38.0       0.00       0.00       0.00       0.00          0 
10-01-2014 00:35:20    3932.26    5139.42    4104.95    5141.00      419.7      419.7      419.7          0        232        232        232          0          4     213.74          0          0          0          0          0          0          0      12.10          0         11    1207.12       1171      33.73          9        1.2       1.17       41.9       38.0       0.00       0.00       0.00       0.00          0 
10-01-2014 00:35:30    3932.26    5139.42    4104.95    5141.00      420.7      420.7      420.7          0        234        232        232          0          2     213.74          0          0          0          0          0          0          0      12.10          0         13    1207.37        950      33.70         19        1.2       1.17       41.9       38.0       0.00       0.00       0.00       0.00          0 
10-01-2014 00:35:40    3932.26    5139.42    4104.95    5141.00      419.3      419.3      419.3          0        232        232        232          0          2     213.74          0          0          0          0          0          0          0      12.10          0          7    1207.13        816      33.71         17        1.2       1.17       41.9       38.0       0.00       0.00       0.00       0.00          0 
10-01-2014 00:35:50    3932.26    5139.42    4104.95    5141.00      421.3      421.3      421.3          0        234        232        232          0          2     213.74          0          0          0          0          0          0          0      12.10          0         15    1206.34        795      33.71         15        1.2       1.17       41.9       38.0       0.00       0.00       0.00       0.00          0 
10-01-2014 00:36:00    3932.26    5139.42    4104.95    5141.00      421.9      421.9      421.9          0        233        232        232          0          3     213.74          0          0          0          0          0          0          0      12.10          0          6    1203.66       1208      33.71         14        1.2       1.17       41.9       38.0       0.00       0.00       0.00       0.00          0 
10-01-2014 00:36:10    3932.26    5139.42    4104.95    5141.00      421.5      421.5      421.5          0        232        232        232          0          3     213.74          0          0          0          0          0          0          0      12.10          0          6    1202.93       1306      33.67         20        1.2       1.17       41.9       38.0       0.00       0.00       0.00       0.00          0 
10-01-2014 00:36:20    3932.26    5139.42    4104.95    5141.00      421.5      421.5      421.5          0        232        232        232          0          1     213.74          0          0          0          0          0          0          0      12.10          0         15    1203.29       1335      33.70         17        1.2       1.17       41.9       38.0       0.00       0.00       0.00       0.00          0 
10-01-2014 00:36:30    3932.26    5139.42    4104.95    5141.00      420.3      420.3      420.3          0        232        232        232          0          1     213.74          0          0          0          0          0          0          0      12.10          0          8    1203.13       1481      33.72         19        1.2       1.17       41.9       38.0       0.00       0.00       0.00       0.00          0 
10-01-2014 00:36:40    3932.26    5139.42    4104.95    5141.00      420.2      420.2      420.2          0        232        232        232          0          3     213.74          0          0          0          0          0          0          0      12.10          0         14    1202.15       1630      33.69         24        1.2       1.17       41.8       38.0       0.00       0.00       0.00       0.00          0 
10-01-2014 00:36:50    3932.26    5139.42    4104.95    5141.00      423.4      423.4      423.4          0        232        232        232          0          2     213.74          0          0          0          0          0          0          0      12.10          0          7    1202.69       1224      33.63         35        1.2       1.17       41.9       38.0       0.00       0.00       0.00       0.00          0 
10-01-2014 00:37:00    3932.26    5139.42    4104.95    5141.00      420.8      420.8      420.8          0        232        232        232          0          2     213.74          0          0          0          0          0          0          0      12.10          0          8    1203.23       1138      33.60         59        1.2       1.17       41.9       38.0       0.00       0.00       0.00       0.00          0 
10-01-2014 00:37:10    3932.26    5139.42    4104.95    5141.00      419.9      419.9      419.9          0        232        232        232          0          2     213.74          0          0          0          0          0          0          0      12.10          0         10    1202.15       1189      33.61         58        1.2       1.17       41.8       38.0       0.00       0.00       0.00       0.00          0 
10-01-2014 00:37:20    3932.26    5139.42    4104.95    5141.00      422.8      422.8      422.8          0        232        232        232          0          3     213.74          0          0          0          0          0          0          0      12.10          0         12    1202.31       1278      33.63         58        1.2       1.17       41.9       38.0       0.00       0.00       0.00       0.00          0 
10-01-2014 00:37:30    3932.26    5139.42    4104.95    5141.00      419.9      419.9      419.9          0        233        232        232          0          2     213.74          0          0          0          0          0          0          0      12.10          0         11    1201.88       1255      33.62         57        1.2       1.17       41.8       38.0       0.00       0.00       0.00       0.00          0 
10-01-2014 00:37:40    3932.26    5139.42    4104.95    5141.00      421.2      421.2      421.2          0        232        232        232          0          2     213.74          0          0          0          0          0          0          0      12.10          0         11    1201.70       1300      33.64         66        1.2       1.17       41.9       38.0       0.00       0.00       0.00       0.00          0 
10-01-2014 00:37:50    3932.26    5139.42    4104.95    5141.00      423.2      423.2      423.2          0        233        232        232          0          3     213.74          0          0          0          0          0          0          0      12.10          0         14    1201.28       1353      33.68         47        1.2       1.17       41.9       38.0       0.00       0.00       0.00       0.00          0 
10-01-2014 00:38:00    3932.26    5139.42    4104.95    5141.00      421.5      421.5      421.5          0        234        232        232          0          3     213.74          0          0          0          0          0          0          0      12.10          0         10    1201.00       1337      33.69         49        1.2       1.17       41.8       38.0       0.00       0.00       0.00       0.00          0 
10-01-2014 00:38:10    3932.26    5139.42    4104.95    5141.00      422.3      422.3      422.3          0        232        232        232          0          2     213.74          0          0          0          0          0          0          0      12.10          0         11    1201.61       1171      33.66         50        1.2       1.17       41.9       38.0       0.00       0.00       0.00       0.00          0 
10-01-2014 00:38:20    3932.26    5139.42    4104.95    5141.00      422.5      422.5      422.5          0        232        232        232          0          2     213.74          0          0          0          0          0          0          0      12.10          0         12    1201.33       1225      33.69         47        1.2       1.17       41.9       38.0       0.00       0.00       0.00       0.00          0 
10-01-2014 00:38:30    3932.26    5139.42    4104.95    5141.00      421.8      421.8      421.8          0        233        232        232          0          2     213.74          0          0          0          0          0          0          0      12.10          0          8    1201.43       1015      33.65         46        1.2       1.17       41.8       38.0       0.00       0.00       0.00       0.00          0 
10-01-2014 00:38:40    3932.26    5139.42    4104.95    5141.00      422.2      422.2      422.2          0        232        232        232          0          2     213.74          0          0          0          0          0          0          0      12.10          0         13    1202.76       1075      33.68         33        1.2       1.17       41.8       38.0       0.00       0.00       0.00       0.00          0 
10-01-2014 00:38:50    3932.26    5139.42    4104.95    5141.00      423.8      423.8      423.8          0        232        232        232          0          3     213.74          0          0          0          0          0          0          0      12.10          0         15    1203.07       1038      33.71         35        1.2       1.17       41.8       38.0       0.00       0.00       0.00       0.00          0 
10-01-2014 00:39:00    3932.26    5139.42    4104.95    5141.00      424.1      424.1      424.1          0        232        232        232          0          3     213.74          0          0          0          0          0          0          0      12.10          0          5    1202.56        953      33.76         41        1.2       1.17       41.8       38.0       0.00       0.00       0.00       0.00          0 
10-01-2014 00:39:10    3932.26    5139.42    4104.95    5141.00      427.7      427.7      427.7          0        234        232        232          0          3     213.74          0          0          0          0          0          0          0      12.10          0          7    1203.78       1036      33.65         54        1.2       1.17       41.9       38.0       0.00       0.00       0.00       0.00          0 
10-01-2014 00:39:20    3932.26    5139.42    4104.95    5141.00      423.4      423.4      423.4          0        232        232        232          0          2     213.74          0          0          0          0          0          0          0      12.10          0         13    1204.48       1251      33.57         59        1.2       1.17       41.8       38.0       0.00       0.00       0.00       0.00          0 
10-01-2014 00:39:30    3932.26    5139.42    4104.95    5141.00      422.2      422.2      422.2          0        232        232        232          0          3     213.74          0          0          0          0          0          0          0      12.10          0          7    1203.79       1305      33.58         55        1.2       1.17       41.8       38.0       0.00       0.00       0.00       0.00          0 
10-01-2014 00:39:40    3932.26    5139.42    4104.95    5141.00      420.8      420.8      420.8          0        234        232        232          0          3     213.74          0          0          0          0          0          0          0      12.10          0         12    1204.57       1180      33.63         61        1.2       1.17       41.9       38.0       0.00       0.00       0.00       0.00          0 
10-01-2014 00:39:50    3932.26    5139.42    4104.95    5141.00      421.6      421.6      421.6          0        232        232        232          0          3     213.74          0          0          0          0          0          0          0      12.10          0         18    1205.42       1189      33.59         57        1.2       1.17       41.9       38.0       0.00       0.00       0.00       0.00          0 
10-01-2014 00:40:00    3932.26    5139.42    4104.95    5141.00      421.9      421.9      421.9          0        232        232        232          0          2     213.74          0          0          0          0          0          0          0      12.10          0         15    1207.47       1308      33.62         55        1.2       1.17       41.9       38.0       0.00       0.00       0.00       0.00          0 
10-01-2014 00:40:10    3932.26    5139.42    4104.95    5141.00      419.3      419.3      419.3          0        233        232        232          0          2     213.74          0          0          0          0          0          0          0      12.10          0          7    1206.49       1401      33.60         52        1.2       1.17       41.9       38.0       0.00       0.00       0.00       0.00          0 
10-01-2014 00:40:20    3932.26    5139.42    4104.95    5141.00      420.0      420.0      420.0          0        233        232        232          0          3     213.74          0          0          0          0          0          0          0      12.10          0         12    1207.18       1378      33.54         56        1.2       1.17       41.9       38.0       0.00       0.00       0.00       0.00          0 
10-01-2014 00:40:30    3932.26    5139.42    4104.95    5141.00      418.7      418.7      418.7          0        233        232        232          0          3     213.74          0          0          0          0          0          0          0      12.10          0         12    1207.80       1508      33.44         71        1.2       1.17       41.8       38.0       0.00       0.00       0.00       0.00          0 
10-01-2014 00:40:40    3932.26    5139.42    4104.95    5141.00      416.7      416.7      416.7          0        232        232        232          0          2     213.74          0          0          0          0          0          0          0      12.10          0          8    1207.07       1541      33.51         64        1.2       1.17       41.8       38.0       0.00       0.00       0.00       0.00          0 
10-01-2014 00:40:50    3932.26    5139.42    4104.95    5141.00      419.6      419.6      419.6          0        234        232        232          0          2     213.74          0          0          0          0          0          0          0      12.10          0          9    1207.23       1659      33.33         79        1.2       1.17       41.8       38.0       0.00       0.00       0.00       0.00          0 
10-01-2014 00:41:00    3932.26    5139.42    4104.95    5141.00      434.8      434.8      434.8          0        234        232        232          0          1     213.74          0          0          0          0          0          0          0      12.10          0         14    1207.50       1134      33.36         80        1.2       1.17       41.9       38.0       0.00       0.00       0.00       0.00          0 
10-01-2014 00:41:10    3932.26    5139.42    4104.95    5141.00      422.7      422.7      422.7          0        232        232        232          0          2     213.74          0          0          0          0          0          0          0      12.10          0         15    1208.03       1161      33.48         97        1.2       1.17       41.9       38.0       0.00       0.00       0.00       0.00          0 
10-01-2014 00:41:20    3932.26    5139.42    4104.95    5141.00      424.9      424.9      424.9          0        232        232        232          0          3     213.74          0          0          0          0          0          0          0      12.10          0          7    1209.05       1096      33.53         84        1.2       1.17       41.8       38.0       0.00       0.00       0.00       0.00          0 
10-01-2014 00:41:30    3932.26    5139.42    4104.95    5141.00      420.9      420.9      420.9          0        232        232        232          0          2     213.74          0          0          0          0          0          0          0      12.10          0         13    1208.10       1166      33.51         78        1.2       1.17       41.9       38.0       0.00       0.00       0.00       0.00          0 
10-01-2014 00:41:40    3932.26    5139.42    4104.95    5141.00      417.7      417.7      417.7          0        232        232        232          0          1     213.74          0          0          0          0          0          0          0      12.10          0          8    1208.76       1293      33.50         71        1.2       1.17       41.9       38.0       0.00       0.00       0.00       0.00          0 
10-01-2014 00:41:50    3932.26    5139.42    4104.95    5141.00      420.0      420.0      420.0          0        232        232        232          0          2     213.74          0          0          0          0          0          0          0      12.10          0         14    1209.91       1394      33.51         45        1.2       1.17       41.9       38.0       0.00       0.00       0.00       0.00          0 
10-01-2014 00:42:00    3932.26    5139.42    4104.95    5141.00      420.8      420.8      420.8          0        232        232        232          0          1     213.74          0          0          0          0          0          0          0      12.10          0         10    1209.50       1381      33.50         26        1.2       1.17       41.8       38.0       0.00       0.00       0.00       0.00          0 
10-01-2014 00:42:10    3932.26    5139.42    4104.95    5141.00      420.2      420.2      420.2          0        232        232        232          0          2     213.74          0          0          0          0          0          0          0      12.10          0         14    1208.61       1253      33.50         26        1.2       1.17       41.8       38.0       0.00       0.00       0.00       0.00          0 
10-01-2014 00:42:20    3932.26    5139.42    4104.95    5141.00      420.6      420.6      420.6          0        232        232        232          0          2     213.74          0          0          0          0          0          0          0      12.10          0          9    1208.87       1034      33.50         27        1.2       1.17       41.9       38.0       0.00       0.00       0.00       0.00          0 
10-01-2014 00:42:30    3932.26    5139.42    4104.95    5141.00      417.8      417.8      417.8          0        232        232        232          0          2     213.74          0          0          0          0          0          0          0      12.10          0          4    1209.25        772      33.49         23        1.2       1.17       41.8       38.0       0.00       0.00       0.00       0.00          0 
10-01-2014 00:42:40    3932.26    5139.42    4104.95    5141.00      418.8      418.8      418.8          0        232        232        232          0          2     213.74          0          0          0          0          0          0          0      12.10          0         17    1208.96        843      33.47         24        1.2       1.17       41.9       38.0       0.00       0.00       0.00       0.00          0 
10-01-2014 00:42:50    3932.26    5139.42    4104.95    5141.00      421.1      421.1      421.1          0        232        232        232          0          1     213.74          0          0          0          0          0          0          0      12.10          0         13    1209.28        835      33.44         31        1.2       1.17       41.9       38.0       0.00       0.00       0.00       0.00          0 
10-01-2014 00:43:00    3932.26    5139.42    4104.95    5141.00      420.2      420.2      420.2          0        232        232        232          0          3     213.74          0          0          0          0          0          0          0      12.10          0          8    1208.83       1047      33.44         22        1.2       1.17       41.8       38.0       0.00       0.00       0.00       0.00          0 
10-01-2014 00:43:10    3932.26    5139.42    4104.95    5141.00      422.3      422.3      422.3          0        232        232        232          0          2     213.74          0          0          0          0          0          0          0      12.10          0         16    1208.60       1075      33.44         20        1.2       1.17       41.8       38.0       0.00       0.00       0.00       0.00          0 
10-01-2014 00:43:20    3932.26    5139.42    4104.95    5141.00      433.3      433.3      433.3          0        232        232        232          0          2     213.74          0          0          0          0          0          0          0      12.10          0         10    1209.31       1147      33.47         24        1.2       1.17       41.8       38.0       0.00       0.00       0.00       0.00          0 
10-01-2014 00:43:30    3932.26    5139.42    4104.95    5141.00      418.1      418.1      418.1          0        232        232        232          0          2     213.74          0          0          0          0          0          0          0      12.10          0          5    1209.49       1098      33.51         28        1.2       1.17       41.9       38.0       0.00       0.00       0.00       0.00          0 
10-01-2014 00:43:40    3932.26    5139.42    4104.95    5141.00      419.3      419.3      419.3          0        232        232        232          0          2     213.74          0          0          0          0          0          0          0      12.10          0          9    1208.60       1211      33.51         21        1.2       1.17       41.8       38.0       0.00       0.00       0.00       0.00          0 
10-01-2014 00:43:50    3932.26    5139.42    4104.95    5141.00      429.8      429.8      429.8          0        232        232        232          0          3     213.74          0          0          0          0          0          0          0      12.10          0          9    1208.72       1299      33.51         21        1.2       1.17       41.8       37.9       0.00       0.00       0.00       0.00          0 
10-01-2014 00:44:00    3932.26    5139.42    4104.95    5141.00      421.8      421.8      421.8          0        232        232        232          0          2     213.74          0          0          0          0          0          0          0      12.10          0         13    1209.17       1343      33.49         21        1.2       1.17       41.9       38.0       0.00       0.00       0.00       0.00          0 
10-01-2014 00:44:10    3932.26    5139.42    4104.95    5141.00      422.1      422.1      422.1          0        232        232        232          0          2     213.74          0          0          0          0          0          0          0      12.10          0         12    1209.16       1359      33.51         23        1.2       1.17       41.8       37.9       0.00       0.00       0.00       0.00          0 
10-01-2014 00:44:20    3932.26    5139.42    4104.95    5141.00      418.6      418.6      418.6          0        232        232        232          0          1     213.74          0          0          0          0          0          0          0      12.10          0         10    1208.36       1438      33.52         18        1.2       1.17       41.8       38.0       0.00       0.00       0.00       0.00          0 
10-01-2014 00:44:30    3932.26    5139.42    4104.95    5141.00      419.3      419.3      419.3          0        232        232        232          0          3     213.74          0          0          0          0          0          0          0      12.10          0         11    1204.90       1878      33.61         31        1.2       1.17       41.8       38.0       0.00       0.00       0.00       0.00          0 
10-01-2014 00:44:40    3932.26    5139.42    4104.95    5141.00      418.8      418.8      418.8          0        232        232        232          0          3     213.74          0          0          0          0          0          0          0      12.10          0         12    1202.30       1911      33.49         51        1.2       1.17       41.9       38.0       0.00       0.00       0.00       0.00          0 
10-01-2014 00:44:50    3932.26    5139.42    4104.95    5141.00      420.7      420.7      420.7          0        232        232        232          0          3     213.74          0          0          0          0          0          0          0      12.10          0         14    1202.83       2181      33.44         80        1.2       1.17       41.8       38.0       0.00       0.00       0.00       0.00          0 
10-01-2014 00:45:00    3932.26    5139.42    4104.95    5141.00      419.4      419.4      419.4          0        232        232        232          0          4     213.74          0          0          0          0          0          0          0      12.10          0          8    1205.17       2356      33.78        136        1.2       1.17       41.9       38.0       0.00       0.00       0.00       0.00          0 
10-01-2014 00:45:10    3932.26    5139.42    4104.95    5141.00      421.8      421.8      421.8          0        232        232        232          0          4     213.74          0          0          0          0          0          0          0      12.10          0          9    1203.42       2576      33.74        143        1.2       1.17       41.8       37.9       0.00       0.00       0.00       0.00          0 
10-01-2014 00:45:20    3932.26    5139.42    4104.95    5141.00      422.2      422.2      422.2          0        232        232        232          0          3     213.74          0          0          0          0          0          0          0      12.10          0         12    1203.57       2322      33.64        147        1.2       1.17       41.8       37.9       0.00       0.00       0.00       0.00          0 
10-01-2014 00:45:30    3932.26    5139.42    4104.95    5141.00      420.6      420.6      420.6          0        232        232        232          0          3     213.74          0          0          0          0          0          0          0      12.10          0         10    1204.51       2105      33.77        160        1.2       1.17       41.9       37.9       0.00       0.00       0.00       0.00          0 
10-01-2014 00:45:40    3932.26    5139.42    4104.95    5141.00      421.4      421.4      421.4          0        232        232        232          0          2     213.74          0          0          0          0          0          0          0      12.10          0         12    1205.14       1877      33.81        129        1.2       1.17       41.9       38.0       0.00       0.00       0.00       0.00          0 
10-01-2014 00:45:50    3932.26    5139.42    4104.95    5141.00      420.1      420.1      420.1          0        232        232        232          0          4     213.74          0          0          0          0          0          0          0      12.10          0         15    1203.85       1550      33.83        101        1.2       1.17       41.8       38.0       0.00       0.00       0.00       0.00          0 
10-01-2014 00:46:00    3932.26    5139.42    4104.95    5141.00      421.3      421.3      421.3          0        232        232        232          0          3     213.74          0          0          0          0          0          0          0      12.10          0         14    1203.31       1722      33.78         77        1.2       1.17       41.8       38.0       0.00       0.00       0.00       0.00          0 
10-01-2014 00:46:10    3932.13    5139.42    4104.95    5141.00      420.0      420.0      421.5          0        232        232        232          0          3     213.74          0          0          0          0          0          0          0      12.10          0          9    1203.81       1594      33.91         74        1.2       1.17       41.8       37.9       0.00       0.00       0.00       0.00          0 
10-01-2014 00:46:20    3931.34    5139.42    4104.95    5141.00      422.8      421.8      424.1          0        232        232        232          0          3     213.74          0          0          0          0          0          0          0      12.10          0         10    1202.41       1504      33.87         58        1.2       1.17       41.9       37.9       0.00       0.00       0.00       0.00          0 
10-01-2014 00:46:30    3930.06    5139.42    4104.95    5141.00      423.2      422.0      423.9          0        232        232        232          0          2     213.74          0          0          0          0          0          0          0      12.10          0         17    1203.47       1455      33.83         58        1.2       1.17       41.9       37.9       0.00       0.00       0.00       0.00          0 
10-01-2014 00:46:40    3928.66    5139.42    4104.95    5141.00      422.7      422.7      422.7          0        232        232        232          0          3     213.74          0          0          0          0          0          0          0      12.10          0          5    1202.75       1582      33.80         53        1.2       1.17       41.8       37.9       0.00       0.00       0.00       0.00          0 
10-01-2014 00:46:50    3928.10    5139.42    4104.95    5141.00      426.1      426.1      426.1          0        232        232        232          0          3     213.74          0          0          0          0          0          0          0      12.10          0         11    1200.90       1594      33.86         54        1.2       1.17       41.8       38.0       0.00       0.00       0.00       0.00          0 
10-01-2014 00:47:00    3928.11    5139.42    4104.95    5141.00      422.5      422.5      422.5          0        232        232        232          0          4     213.74          0          0          0          0          0          0          0      12.10          0         12    1201.93       1575      33.94         54        1.2       1.17       41.8       37.9       0.00       0.00       0.00       0.00          0 
10-01-2014 00:47:10    3928.10    5139.42    4104.95    5141.00      425.0      425.0      425.0          0        234        232        232          0          2     213.74          0          0          0          0          0          0          0      12.10          0          8    1201.89       1596      33.89         58        1.2       1.17       41.8       37.9       0.00       0.00       0.00       0.00          0 
10-01-2014 00:47:20    3927.31    5139.42    4104.95    5141.00      423.4      422.4      423.9          0        232        232        232          0          1     213.74          0          0          0          0          0          0          0      12.10          0          8    1201.21       1395      33.85         56        1.2       1.17       41.8       37.9       0.00       0.00       0.00       0.00          0 
10-01-2014 00:47:30    3926.42    5139.42    4104.95    5141.00      423.2      423.2      423.2          0        232        232        232          0          3     213.74          0          0          0          0          0          0          0      12.10          0         13    1201.14       1347      33.88         57        1.2       1.17       41.8       37.9       0.00       0.00       0.00       0.00          0 
10-01-2014 00:47:40    3925.60    5139.42    4104.95    5141.00      425.0      421.8      425.0          0        232        232        232          0          3     213.74          0          0          0          0          0          0          0      12.10          0         10    1201.39       1258      33.88         53        1.2       1.17       41.8       37.9       0.00       0.00       0.00       0.00          0 
10-01-2014 00:47:50    3924.89    5139.42    4104.95    5141.00      424.1      424.1      424.1          0        232        232        232          0          3     213.74          0          0          0          0          0          0          0      12.10          0          9    1199.93       1248      33.86         35        1.2       1.17       41.9       37.9       0.00       0.00       0.00       0.00          0 
10-01-2014 00:48:00    3924.88    5139.42    4104.95    5141.00      423.4      423.4      423.4          0        232        232        232          0          4     213.74          0          0          0          0          0          0          0      12.10          0         12    1199.48       1167      33.89         28        1.2       1.17       41.8       38.0       0.00       0.00       0.00       0.00          0 
10-01-2014 00:48:10    3924.88    5139.42    4104.95    5141.00      421.9      421.9      421.9          0        232        232        232          0          4     213.74          0          0          0          0          0          0          0      12.10          0          6    1200.54       1180      33.90         17        1.2       1.17       41.8       37.9       0.00       0.00       0.00       0.00          0 
10-01-2014 00:48:20    3924.88    5139.42    4104.95    5141.00      422.1      422.1      422.1          0        232        232        232          0          4     213.74          0          0          0          0          0          0          0      12.10          0         14    1201.16       1138      31.51        435        1.2       1.17       41.8       37.9       0.00       0.00       0.00       0.00          0 
10-01-2014 00:48:30    3924.88    5139.42    4104.95    5141.00      424.3      424.3      424.3          0        232        232        232          0          3     213.74          0          0          0          0          0          0          0      12.10          0         13    1201.84       1306      31.94        498        1.2       1.17       41.8       37.9       0.00       0.00       0.00       0.00          0 
10-01-2014 00:48:40    3924.88    5139.42    4104.95    5141.00      422.3      422.3      422.3          0        232        232        232          0          4     213.74          0          0          0          0          0          0          0      12.10          0          7    1203.26       1320      33.75        812        1.2       1.17       41.8       37.9       0.00       0.00       0.00       0.00          0 
10-01-2014 00:48:50    3924.88    5139.42    4104.95    5141.00      421.8      421.8      421.8          0        232        232        232          0          3     213.74          0          0          0          0          0          0          0      12.10          0          7    1203.13       1283      33.85        826        1.2       1.17       41.8       37.9       0.00       0.00       0.00       0.00          0 
10-01-2014 00:49:00    3924.88    5139.42    4104.95    5141.00      421.8      421.8      421.8          0        233        244        244          0          3     213.74          0          0          0          0          0          0          0      12.10          0          9    1202.24       1671      33.78        834        1.2       1.17       41.8       37.9       0.00       0.00       0.00       0.00          0 
10-01-2014 00:49:10    3924.88    5139.42    4104.95    5141.00      422.3      422.3      422.3          0        234        232        232          0          4     213.74          0          0          0          0          0          0          0      12.10          0         14    1204.03       1720      33.77        829        1.2       1.17       41.8       37.9       0.00       0.00       0.00       0.00          0 
10-01-2014 00:49:20    3924.88    5139.42    4104.95    5141.00      421.5      421.5      421.5          0        232        232        232          0          4     213.74          0          0          0          0          0          0          0      12.10          0         14    1204.49       1785      33.81        410        1.2       1.17       41.8       37.9       0.00       0.00       0.00       0.00          0 
10-01-2014 00:49:30    3924.88    5139.42    4104.95    5141.00      424.2      424.2      424.2          0        232        232        232          0          4     213.74          0          0          0          0          0          0          0      12.10          0          6    1202.09       1822      33.82         72        1.2       1.17       41.9       37.9       0.00       0.00       0.00       0.00          0 
10-01-2014 00:49:40    3924.88    5139.42    4104.95    5141.00      423.2      423.2      423.2          0        232        232        232          0          4     213.74          0          0          0          0          0          0          0      12.10          0          5    1202.65       1619      33.84         30        1.2       1.17       41.9       37.9       0.00       0.00       0.00       0.00          0 
10-01-2014 00:49:50    3924.88    5139.42    4104.95    5141.00      421.2      421.2      421.2          0        232        232        232          0          3     213.74          0          0          0          0          0          0          0      12.10          0         15    1204.44       1603      33.84         18        1.2       1.17       41.8       37.9       0.00       0.00       0.00       0.00          0 
10-01-2014 00:50:00    3924.88    5139.42    4104.95    5141.00      421.9      421.9      421.9          0        232        232        232          0          4     213.74          0          0          0          0          0          0          0      12.10          0         14    1203.90       1578      33.88         22        1.2       1.17       41.8       37.9       0.00       0.00       0.00       0.00          0 
10-01-2014 00:50:10    3924.88    5139.42    4104.95    5141.00      424.5      424.5      424.5          0        232        232        232          0          3     213.74          0          0          0          0          0          0          0      12.10          0          6    1203.22       1448      33.84         22        1.2       1.17       41.8       37.9       0.00       0.00       0.00       0.00          0 
10-01-2014 00:50:20    3924.88    5139.42    4104.95    5141.00      422.0      422.0      422.0          0        232        232        232          0          3     213.74          0          0          0          0          0          0          0      12.10          0         13    1203.97       1448      33.83         22        1.2       1.17       41.8       37.9       0.00       0.00       0.00       0.00          0 
10-01-2014 00:50:30    3924.88    5139.42    4104.95    5141.00      424.4      424.4      424.4          0        232        232        232          0          4     213.74          0          0          0          0          0          0          0      12.10          0         11    1202.69       1342      33.84         23        1.2       1.17       41.8       37.9       0.00       0.00       0.00       0.00          0 
10-01-2014 00:50:40    3924.88    5139.42    4104.95    5141.00      420.2      420.2      420.2          0        232        232        232          0          3     213.74          0          0          0          0          0          0          0      12.10          0          8    1202.22       1095      33.84         22        1.2       1.17       41.8       37.9       0.00       0.00       0.00       0.00          0 
10-01-2014 00:50:50    3924.88    5139.42    4104.95    5141.00      422.7      422.7      422.7          0        232        232        232          0          3     213.74          0          0          0          0          0          0          0      12.10          0         13    1203.47       1201      33.85         23        1.2       1.17       41.8       37.9       0.00       0.00       0.00       0.00          0 
10-01-2014 00:51:00    3924.88    5139.42    4104.95    5141.00      423.9      423.9      423.9          0        232        232        232          0          4     213.74          0          0          0          0          0          0          0      12.10          0         12    1204.27       1426      33.88         18        1.2       1.17       41.8       37.9       0.00       0.00       0.00       0.00          0 
10-01-2014 00:51:10    3924.88    5139.42    4104.95    5141.00      421.3      421.3      421.3          0        232        232        232          0          3     213.74          0          0          0          0          0          0          0      12.10          0          7    1204.35       1374      33.86         17        1.2       1.17       41.8       37.9       0.00       0.00       0.00       0.00          0 
10-01-2014 00:51:20    3924.88    5139.42    4104.95    5141.00      424.1      424.1      424.1          0        232        232        232          0          3     213.74          0          0          0          0          0          0          0      12.10          0         17    1204.98       1411      33.84         19        1.2       1.17       41.8       37.9       0.00       0.00       0.00       0.00          0 
10-01-2014 00:51:30    3924.88    5139.42    4104.95    5141.00      419.7      419.7      419.7          0        232        232        232          0          4     213.74          0          0          0          0          0          0          0      12.10          0          9    1204.11       1446      33.86         23        1.2       1.17       41.8       37.9       0.00       0.00       0.00       0.00          0 
10-01-2014 00:51:40    3924.88    5139.42    4104.95    5141.00      418.9      418.9      418.9          0        232        232        232          0          3     213.74          0          0          0          0          0          0          0      12.10          0         13    1203.75       1547      33.86         23        1.2       1.17       41.8       37.9       0.00       0.00       0.00       0.00          0 
10-01-2014 00:51:50    3924.88    5139.42    4104.95    5141.00      421.5      421.5      421.5          0        232        232        232          0          2     213.74          0          0          0          0          0          0          0      12.10          0         15    1204.18       1279      33.89         25        1.2       1.17       41.8       37.9       0.00       0.00       0.00       0.00          0 
10-01-2014 00:52:00    3924.88    5139.42    4104.95    5141.00      420.8      420.8      420.8          0        232        232        232          0          4     213.74          0          0          0          0          0          0          0      12.10          0         13    1205.40       1382      33.55        111        1.2       1.17       41.8       37.9       0.00       0.00       0.00       0.00          0 
10-01-2014 00:52:10    3924.88    5139.42    4104.95    5141.00      419.1      419.1      419.1          0        232        232        232          0          4     213.74          0          0          0          0          0          0          0      12.10          0         13    1204.81       1430      33.81        153        1.2       1.17       41.8       37.9       0.00       0.00       0.00       0.00          0 
10-01-2014 00:52:20    3924.88    5139.42    4104.95    5141.00      422.8      422.8      422.8          0        232        232        232          0          3     213.74          0          0          0          0          0          0          0      12.10          0         14    1205.06       1263      33.80        152        1.2       1.17       41.8       37.9       0.00       0.00       0.00       0.00          0 
10-01-2014 00:52:30    3924.88    5139.42    4104.95    5141.00      419.9      419.9      419.9          0        232        232        232          0          2     213.74          0          0          0          0          0          0          0      12.10          0          6    1203.94       1309      33.77        155        1.2       1.17       41.8       37.9       0.00       0.00       0.00       0.00          0 
10-01-2014 00:52:40    3924.88    5139.42    4104.95    5141.00      420.2      420.2      420.2          0        232        232        232          0          2     213.74          0          0          0          0          0          0          0      12.10          0          2    1206.08       1696      33.78        152        1.2       1.17       41.8       37.9       0.00       0.00       0.00       0.00          0 
10-01-2014 00:52:50    3924.94    5139.42    4104.95    5141.00      433.6      433.6      433.6          0        232        232        232          0          3     213.74          0          0          0          0          0          0          0      12.10          0         18    1204.66       1674      33.78         77        1.2       1.17       41.8       37.9       0.00       0.00       0.00       0.00          0 
10-01-2014 00:53:00    3924.94    5139.42    4104.95    5141.00      435.1      435.1      435.1          0        232        232        232          0          2     213.74          0          0          0          0          0          0          0      12.10          0         12    1204.28       1866      33.78         32        1.2       1.17       41.8       37.9       0.00       0.00       0.00       0.00          0 
10-01-2014 00:53:10    3924.94    5139.42    4104.95    5141.00      435.0      435.0      435.0          0        232        232        232          0          2     213.74          0          0          0          0          0          0          0      12.10          0         12    1204.49       2177      33.77         16        1.2       1.17       41.8       37.9       0.00       0.00       0.00       0.00          0 
10-01-2014 00:53:20    3924.94    5139.42    4104.95    5141.00      434.2      434.2      434.2          0        232        232        232          0          2     213.74          0          0          0          0          0          0          0      12.10          0         13    1206.19       2319      33.86         25        1.2       1.17       41.8       37.9       0.00       0.00       0.00       0.00          0 
10-01-2014 00:53:30    3924.94    5139.42    4104.95    5141.00      433.1      433.1      433.1          0        233        232        232          0          4     213.74          0          0          0          0          0          0          0      12.10          0         12    1205.95       1927      33.97         43        1.2       1.17       41.8       37.9       0.00       0.00       0.00       0.00          0 
10-01-2014 00:53:40    3925.10    5139.42    4104.95    5141.00      439.9      439.9      439.9          0        232        232        232          0          2     213.74          0          0          0          0          0          0          0      12.10          0         12    1205.67       1941      33.87         56        1.2       1.17       41.8       37.9       0.00       0.00       0.00       0.00          0 
10-01-2014 00:53:50    3925.13    5139.42    4104.95    5141.00      437.7      437.7      437.7          0        233        232        232          0          3     213.74          0          0          0          0          0          0          0      12.10          0         12    1206.79       1601      33.73         79        1.2       1.17       41.8       37.9       0.00       0.00       0.00       0.00          0 
10-01-2014 00:54:00    3925.36    5139.42    4104.95    5141.00      436.0      436.0      436.0          0        233        244        244          0          2     213.74          0          0          0          0          0          0          0      12.10          0         13    1206.82       1265      33.69         84        1.2       1.17       41.8       37.9       0.00       0.00       0.00       0.00          0 
10-01-2014 00:54:10    3925.36    5139.42    4104.95    5141.00      436.7      436.7      436.7          0        233        232        232          0          3     213.74          0          0          0          0          0          0          0      12.10          0         14    1206.47       1101      33.69         69        1.2       1.17       41.8       37.9       0.00       0.00       0.00       0.00          0 
10-01-2014 00:54:20    3925.36    5139.42    4104.95    5141.00      438.8      438.8      438.8          0        232        232        232          0          2     213.74          0          0          0          0          0          0          0      12.10          0          8    1206.76       1040      33.69         52        1.2       1.17       41.8       37.9       0.00       0.00       0.00       0.00          0 
10-01-2014 00:54:30    3925.36    5139.42    4104.95    5141.00      439.5      439.5      439.5          0        232        232        232          0          4     213.74          0          0          0          0          0          0          0      12.10          0         12    1206.56       1021      33.67         41        1.2       1.17       41.8       37.9       0.00       0.00       0.00       0.00          0 
10-01-2014 00:54:40    3925.36    5139.42    4104.95    5141.00      436.6      436.6      436.6          0        232        232        232          0          3     213.74          0          0          0          0          0          0          0      12.10          0         14    1206.22       1092      33.61         39        1.2       1.17       41.8       37.9       0.00       0.00       0.00       0.00          0 
10-01-2014 00:54:50    3925.36    5139.42    4104.95    5141.00      436.7      436.7      436.7          0        232        232        232          0          2     213.74          0          0          0          0          0          0          0      12.10          0          5    1206.88       1030      33.62         16        1.2       1.17       41.8       37.9       0.00       0.00       0.00       0.00          0 
10-01-2014 00:55:00    3925.36    5139.42    4104.95    5141.00      436.4      436.4      436.4          0        232        232        232          0          2     213.74          0          0          0          0          0          0          0      12.10          0         11    1207.26       1078      33.63         21        1.2       1.17       41.8       37.9       0.00       0.00       0.00       0.00          0 
10-01-2014 00:55:10    3925.36    5139.42    4104.95    5141.00      435.3      435.3      435.3          0        234        232        232          0          3     213.74          0          0          0          0          0          0          0      12.10          0         12    1206.95       1222      33.64         23        1.2       1.17       41.8       37.9       0.00       0.00       0.00       0.00          0 
10-01-2014 00:55:20    3925.36    5139.42    4104.95    5141.00      436.5      436.5      436.5          0        232        232        232          0          3     213.74          0          0          0          0          0          0          0      12.10          0         13    1207.11       1218      33.62         28        1.2       1.17       41.8       37.9       0.00       0.00       0.00       0.00          0 
10-01-2014 00:55:30    3925.36    5139.42    4104.95    5141.00      435.9      435.9      435.9          0        232        232        232          0          3     213.74          0          0          0          0          0          0          0      12.10          0         11    1206.70       1095      33.51         34        1.2       1.17       41.8       37.9       0.00       0.00       0.00       0.00          0 
10-01-2014 00:55:40    3925.36    5139.42    4104.95    5141.00      435.9      435.9      435.9          0        232        232        232          0          4     213.74          0          0          0          0          0          0          0      12.10          0         12    1207.36       1260      33.64         59        1.2       1.17       41.8       37.9       0.00       0.00       0.00       0.00          0 
10-01-2014 00:55:50    3925.36    5139.42    4104.95    5141.00      436.3      436.3      436.3          0        232        232        232          0          2     213.74          0          0          0          0          0          0          0      12.10          0         10    1206.69       1324      33.91        103        1.2       1.17       41.8       37.9       0.00       0.00       0.00       0.00          0 
10-01-2014 00:56:00    3925.36    5139.42    4104.95    5141.00      435.3      435.3      435.3          0        232        232        232          0          3     213.74          0          0          0          0          0          0          0      12.10          0          3    1205.53       1149      33.94        105        1.2       1.17       41.8       37.9       0.00       0.00       0.00       0.00          0 
10-01-2014 00:56:10    3925.36    5139.42    4104.95    5141.00      434.9      434.9      434.9          0        232        232        232          0          3     213.74          0          0          0          0          0          0          0      12.10          0         18    1207.14       1325      33.94        102        1.2       1.17       41.8       37.9       0.00       0.00       0.00       0.00          0 
10-01-2014 00:56:20    3925.52    5139.42    4104.95    5141.00      432.8      432.8      435.5          0        232        232        232          0          3     213.74          0          0          0          0          0          0          0      12.10          0         15    1207.86       1507      33.94         96        1.2       1.17       41.8       37.9       0.00       0.00       0.00       0.00          0 
10-01-2014 00:56:30    3925.62    5139.42    4104.95    5141.00      436.0      436.0      436.0          0        232        232        232          0          3     213.74          0          0          0          0          0          0          0      12.10          0         14    1207.86       1556      33.94         72        1.2       1.17       41.8       37.9       0.00       0.00       0.00       0.00          0 
10-01-2014 00:56:40    3925.62    5139.42    4104.95    5141.00      438.1      438.1      438.1          0        232        232        232          0          3     213.74          0          0          0          0          0          0          0      12.10          0         12    1207.31       1507      33.92         20        1.2       1.17       41.8       37.9       0.00       0.00       0.00       0.00          0 
10-01-2014 00:56:50    3925.62    5139.42    4104.95    5141.00      435.3      435.3      435.3          0        232        232        232          0          2     213.74          0          0          0          0          0          0          0      12.10          0          8    1208.64       1573      33.86         20        1.2       1.17       41.8       37.9       0.00       0.00       0.00       0.00          0 
10-01-2014 00:57:00    3925.62    5139.42    4104.95    5141.00      436.7      436.7      436.7          0        232        232        232          0          3     213.74          0          0          0          0          0          0          0      12.10          0         14    1207.85       1325      33.87         21        1.2       1.17       41.8       37.9       0.00       0.00       0.00       0.00          0 
10-01-2014 00:57:10    3925.62    5139.42    4104.95    5141.00      438.4      438.4      438.4          0        232        232        232          0          3     213.74          0          0          0          0          0          0          0      12.10          0         13    1206.97       1045      33.89         26        1.2       1.17       41.8       37.9       0.00       0.00       0.00       0.00          0 
10-01-2014 00:57:20    3925.62    5139.42    4104.95    5141.00      438.3      438.3      438.3          0        233        232        232          0          3     213.74          0          0          0          0          0          0          0      12.10          0         14    1208.23       1171      33.92         28        1.2       1.17       41.8       37.9       0.00       0.00       0.00       0.00          0 
10-01-2014 00:57:30    3925.62    5139.42    4104.95    5141.00      436.7      436.7      436.7          0        232        232        232          0          3     213.74          0          0          0          0          0          0          0      12.10          0          9    1207.56        977      33.93         32        1.2       1.17       41.8       37.9       0.00       0.00       0.00       0.00          0 
10-01-2014 00:57:40    3925.62    5139.42    4104.95    5141.00      435.4      435.4      435.4          0        233        232        232          0          3     213.74          0          0          0          0          0          0          0      12.10          0          9    1207.58       1011      33.88         37        1.2       1.17       41.8       37.9       0.00       0.00       0.00       0.00          0 
10-01-2014 00:57:50    3925.62    5139.42    4104.95    5141.00      436.5      436.5      436.5          0        234        232        232          0          3     213.74          0          0          0          0          0          0          0      12.10          0         12    1207.85       1045      33.91         43        1.2       1.17       41.8       37.9       0.00       0.00       0.00       0.00          0 
10-01-2014 00:58:00    3925.62    5139.42    4104.95    5141.00      436.2      436.2      436.2          0        232        232        232          0          4     213.74          0          0          0          0          0          0          0      12.10          0         10    1208.74       1139      33.92         50        1.2       1.17       41.8       37.9       0.00       0.00       0.00       0.00          0 
10-01-2014 00:58:10    3925.62    5139.42    4104.95    5141.00      435.9      435.9      435.9          0        232        232        232          0          3     213.74          0          0          0          0          0          0          0      12.10          0         10    1208.27       1191      33.92         47        1.2       1.17       41.8       37.9       0.00       0.00       0.00       0.00          0 
10-01-2014 00:58:20    3925.62    5139.42    4104.95    5141.00      435.7      435.7      435.7          0        233        232        232          0          3     213.74          0          0          0          0          0          0          0      12.10          0          9    1207.90       1109      33.92         41        1.2       1.17       41.8       37.9       0.00       0.00       0.00       0.00          0 
10-01-2014 00:58:30    3925.62    5139.42    4104.95    5141.00      436.1      436.1      436.1          0        232        232        232          0          4     213.74          0          0          0          0          0          0          0      12.10          0         13    1208.28       1030      33.93         40        1.2       1.17       41.8       37.9       0.00       0.00       0.00       0.00          0 
10-01-2014 00:58:40    3925.62    5139.42    4104.95    5141.00      436.1      436.1      436.1          0        232        232        232          0          4     213.74          0          0          0          0          0          0          0      12.10          0          9    1208.25        875      33.92         20        1.2       1.17       41.8       37.9       0.00       0.00       0.00       0.00          0 
10-01-2014 00:58:50    3925.62    5139.42    4104.95    5141.00      436.5      436.5      436.5          0        234        232        232          0          4     213.74          0          0          0          0          0          0          0      12.10          0         11    1208.25       1009      33.93         13        1.2       1.17       41.8       37.9       0.00       0.00       0.00       0.00          0 
10-01-2014 00:59:00    3925.62    5139.42    4104.95    5141.00      435.1      435.1      435.1          0        232        232        232          0          5     213.74          0          0          0          0          0          0          0      12.10          0         14    1208.92        961      33.92         10        1.2       1.17       41.8       37.9       0.00       0.00       0.00       0.00          0 
10-01-2014 00:59:10    3925.62    5139.42    4104.95    5141.00      435.5      435.5      435.5          0        232        232        232          0          4     213.74          0          0          0          0          0          0          0      12.10          0          6    1209.40        865      33.89         15        1.2       1.17       41.8       37.9       0.00       0.00       0.00       0.00          0 
10-01-2014 00:59:20    3925.62    5139.42    4104.95    5141.00      437.6      437.6      437.6          0        232        232        232          0          4     213.74          0          0          0          0          0          0          0      12.10          0         16    1210.31       1091      33.86         20        1.2       1.17       41.8       37.9       0.00       0.00       0.00       0.00          0 
10-01-2014 00:59:30    3925.62    5139.42    4104.95    5141.00      436.1      436.1      436.1          0        235        232        232          0          4     213.74          0          0          0          0          0          0          0      12.10          0          8    1210.63       1416      33.89         20        1.2       1.17       41.8       37.9       0.00       0.00       0.00       0.00          0 
10-01-2014 00:59:40    3925.62    5139.42    4104.95    5141.00      437.9      437.9      437.9          0        232        232        232          0          4     213.74          0          0          0          0          0          0          0      12.10          0         19    1211.46       1501      33.91         20        1.2       1.17       41.8       37.9       0.00       0.00       0.00       0.00          0 
10-01-2014 00:59:50    3925.61    5139.42    4104.95    5141.00      435.1      435.1      435.1          0        232        232        232          0          4     213.74          0          0          0          0          0          0          0      12.10          0          7    1210.34       1715      33.93         23        1.2       1.17       41.8       37.9       0.00       0.00       0.00       0.00          0 
10-01-2014 01:00:00    3925.36    5139.42    4104.95    5141.00      436.0      435.3      439.8          0        234        232        232          0          4     213.74          0          0          0          0          0          0          0      12.10          0          8    1209.49       1959      33.92         20        1.2       1.17       41.8       37.9       0.00       0.00       0.00       0.00          0 
10-01-2014 01:00:10    3925.18    5139.42    4104.95    5141.00      432.6      432.6      432.6          0        233        232        232          0          3     213.74          0          0          0          0          0          0          0      12.10          0         13    1209.29       1966      33.90         18        1.2       1.17       41.8       37.9       0.00       0.00       0.00       0.00          0 
10-01-2014 01:00:20    3925.03    5139.42    4104.95    5141.00      432.7      432.7      433.6          0        234        232        232          0          5     213.74          0          0          0          0          0          0          0      12.10          0         14    1210.39       1782      33.89         20        1.2       1.17       41.8       37.9       0.00       0.00       0.00       0.00          0 
10-01-2014 01:00:30    3924.85    5139.42    4104.95    5141.00      434.6      434.6      436.0          0        233        232        232          0          6     213.74          0          0          0          0          0          0          0      12.10          0          8    1210.08       1627      33.89         20        1.2       1.17       41.8       37.9       0.00       0.00       0.00       0.00          0 
10-01-2014 01:00:40    3924.68    5139.42    4104.95    5141.00      435.9      435.0      435.9          0        232        232        232          0          5     213.74          0          0          0          0          0          0          0      12.10          0          9    1210.41       1432      33.90         15        1.2       1.17       41.8       37.9       0.00       0.00       0.00       0.00          0 
10-01-2014 01:00:50    3924.52    5139.42    4104.95    5141.00      434.0      433.0      435.0          0        232        232        232          0          5     213.74          0          0          0          0          0          0          0      12.10          0         13    1210.67       1330      33.92         16        1.2       1.17       41.9       37.9       0.00       0.00       0.00       0.00          0 
10-01-2014 01:01:00    3924.38    5139.42    4104.95    5141.00      434.6      434.6      434.6          0        232        232        232          0          4     213.74          0          0          0          0          0          0          0      12.10          0         13    1210.34       1305      33.90         17        1.2       1.17       41.8       37.9       0.00       0.00       0.00       0.00          0 
10-01-2014 01:01:10    3924.20    5139.42    4104.95    5141.00      433.6      433.6      436.2          0        232        232        232          0          5     213.74          0          0          0          0          0          0          0      12.10          0         10    1209.35       1263      33.90         11        1.2       1.17       41.8       37.9       0.00       0.00       0.00       0.00          0 
10-01-2014 01:01:20    3924.07    5139.42    4104.95    5141.00      434.0      434.0      434.0          0        232        232        232          0          6     213.74          0          0          0          0          0          0          0      12.10          0         14    1209.62       1145      33.88         15        1.2       1.17       41.8       37.9       0.00       0.00       0.00       0.00          0 
10-01-2014 01:01:30    3923.91    5139.42    4104.95    5141.00      435.6      434.6      435.9          0        232        232        232          0          5     213.74          0          0          0          0          0          0          0      12.10          0         11    1209.70       1185      33.87         23        1.2       1.17       41.8       37.9       0.00       0.00       0.00       0.00          0 
10-01-2014 01:01:40    3923.75    5139.42    4104.95    5141.00      434.9      434.9      434.9          0        232        232        232          0          3     213.74          0          0          0          0          0          0          0      12.10          0          6    1209.97        963      33.89         21        1.2       1.17       41.8       37.9       0.00       0.00       0.00       0.00          0 
10-01-2014 01:01:50    3923.61    5139.42    4104.95    5141.00      436.2      436.0      436.2          0        232        232        232          0          4     213.74          0          0          0          0          0          0          0      12.10          0         11    1209.52        993      33.89         24        1.2       1.17       41.8       37.9       0.00       0.00       0.00       0.00          0 
10-01-2014 01:02:00    3923.40    5139.42    4104.95    5141.00      435.9      434.5      435.9          0        232        232        232          0          4     213.74          0          0          0          0          0          0          0      12.10          0         10    1210.24       1090      33.94         32        1.2       1.17       41.8       37.9       0.00       0.00       0.00       0.00          0 
10-01-2014 01:02:10    3923.13    5139.42    4104.95    5141.00      434.9      433.5      435.7          0        232        232        232          0          5     213.74          0          0          0          0          0          0          0      12.10          0         12    1209.76       1065      33.91         30        1.2       1.17       41.8       37.9       0.00       0.00       0.00       0.00          0 
10-01-2014 01:02:20    3922.78    5139.42    4104.95    5141.00      435.9      434.7      437.1          0        232        232        232          0          5     213.74          0          0          0          0          0          0          0      12.10          0         14    1210.06       1008      33.87         35        1.2       1.17       41.9       37.9       0.00       0.00       0.00       0.00          0 
10-01-2014 01:02:30    3922.51    5139.42    4104.95    5141.00      436.2      436.2      436.2          0        232        232        232          0          4     213.74          0          0          0          0          0          0          0      12.10          0         13    1209.87        934      33.87         29        1.2       1.17       41.8       37.9       0.00       0.00       0.00       0.00          0 
10-01-2014 01:02:40    3922.24    5139.42    4104.95    5141.00      435.2      435.2      435.7          0        234        232        232          0          5     213.74          0          0          0          0          0          0          0      12.10          0          8    1210.07        941      33.92         36        1.2       1.16       41.8       37.9       0.00       0.00       0.00       0.00          0 
10-01-2014 01:02:50    3922.06    5139.42    4104.95    5141.00      437.4      437.4      437.4          0        232        232        232          0          4     213.74          0          0          0          0          0          0          0      12.10          0         13    1210.41        679      33.94         32        1.2       1.16       41.8       37.9       0.00       0.00       0.00       0.00          0 
10-01-2014 01:03:00    3921.95    5139.42    4104.95    5141.00      436.8      435.6      437.1          0        232        232        232          0          6     213.74          0          0          0          0          0          0          0      12.10          0         12    1210.47        664      33.93         28        1.2       1.17       41.8       37.9       0.00       0.00       0.00       0.00          0 
10-01-2014 01:03:10    3921.93    5139.42    4104.95    5141.00      456.7      456.7      456.7          0        232        232        232          0          4     213.74          0          0          0          0          0          0          0      12.10          0          9    1210.71        751      33.93         19        1.2       1.17       41.8       37.9       0.00       0.00       0.00       0.00          0 
10-01-2014 01:03:20    3921.93    5139.42    4104.95    5141.00      454.9      454.9      454.9          0        232        232        232          0          4     213.74          0          0          0          0          0          0          0      12.10          0         14    1210.75        764      33.86         30        1.2       1.17       41.8       37.9       0.00       0.00       0.00       0.00          0 
10-01-2014 01:03:30    3922.36    5139.42    4104.95    5141.00      454.3      453.7      454.3          0        232        232        232          0          5     213.74          0          0          0          0          0          0          0      12.10          0         14    1210.30        788      33.88         31        1.2       1.17       41.8       37.9       0.00       0.00       0.00       0.00          0 
10-01-2014 01:03:40    3923.01    5139.42    4104.95    5141.00      453.0      453.0      453.3          0        232        232        232          0          4     213.74          0          0          0          0          0          0          0      12.10          0         10    1208.55       1034      33.88         20        1.2       1.17       41.8       37.9       0.00       0.00       0.00       0.00          0 
10-01-2014 01:03:50    3923.61    5139.42    4104.95    5141.00      452.3      451.9      453.2          0        232        232        232          0          5     213.74          0          0          0          0          0          0          0      12.10          0         15    1207.32       1146      33.81         31        1.2       1.17       41.8       37.9       0.00       0.00       0.00       0.00          0 
10-01-2014 01:04:00    3923.91    5139.42    4104.95    5141.00      452.8      452.8      452.8          0        232        232        232          0          5     213.74          0          0          0          0          0          0          0      12.10          0         14    1208.02       1246      33.78         47        1.2       1.17       41.9       37.9       0.00       0.00       0.00       0.00          0 
10-01-2014 01:04:10    3924.24    5139.42    4104.95    5141.00      452.7      452.7      452.7          0        232        232        232          0          5     213.74          0          0          0          0          0          0          0      12.10          0          6    1208.76       1268      33.88         55        1.2       1.17       41.8       37.9       0.00       0.00       0.00       0.00          0 
10-01-2014 01:04:20    3924.80    5139.42    4104.95    5141.00      453.2      452.6      453.2          0        232        232        232          0          4     213.74          0          0          0          0          0          0          0      12.10          0          8    1206.81       1432      33.87         54        1.2       1.16       41.8       37.9       0.00       0.00       0.00       0.00          0 
10-01-2014 01:04:30    3925.00    5139.42    4104.95    5141.00      452.4      452.4      452.4          0        232        232        232          0          5     213.74          0          0          0          0          0          0          0      12.10          0         14    1207.35       1369      33.87         55        1.2       1.16       41.8       37.9       0.00       0.00       0.00       0.00          0 
10-01-2014 01:04:40    3925.00    5139.42    4104.95    5141.00      452.7      452.7      452.7          0        234        232        232          0          5     213.74          0          0          0          0          0          0          0      12.10          0         12    1207.48       1423      33.87         51        1.2       1.17       41.8       37.9       0.00       0.00       0.00       0.00          0 
10-01-2014 01:04:50    3925.00    5139.42    4104.95    5141.00      452.9      452.9      452.9          0        232        232        232          0          5     213.74          0          0          0          0          0          0          0      12.10          0         12    1207.27       1401      33.87         35        1.2       1.17       41.8       37.9       0.00       0.00       0.00       0.00          0 
10-01-2014 01:05:00    3925.33    5139.42    4104.95    5141.00      452.2      452.2      452.4          0        232        232        232          0          5     213.74          0          0          0          0          0          0          0      12.10          0         15    1208.05       1386      33.93         21        1.2       1.17       41.8       37.9       0.00       0.00       0.00       0.00          0 
10-01-2014 01:05:10    3925.80    5139.42    4104.95    5141.00      451.7      451.6      451.7          0        232        232        232          0          5     213.74          0          0          0          0          0          0          0      12.10          0         13    1207.94       1419      33.96         26        1.2       1.16       41.8       37.9       0.00       0.00       0.00       0.00          0 
10-01-2014 01:05:20    3925.88    5139.42    4104.95    5141.00      453.5      453.5      453.5          0        232        232        232          0          6     213.74          0          0          0          0          0          0          0      12.10          0          9    1207.44       1367      33.88         38        1.2       1.16       41.8       37.9       0.00       0.00       0.00       0.00          0 
10-01-2014 01:05:30    3925.88    5139.42    4104.95    5141.00      452.1      452.1      452.1          0        232        232        232          0          6     213.74          0          0          0          0          0          0          0      12.10          0          8    1205.48       1381      33.89         39        1.2       1.16       41.8       37.9       0.00       0.00       0.00       0.00          0 
10-01-2014 01:05:40    3925.88    5139.42    4104.95    5141.00      452.4      452.4      452.4          0        232        232        232          0          5     213.74          0          0          0          0          0          0          0      12.10          0         12    1206.22       1328      33.78         56        1.2       1.17       41.8       37.9       0.00       0.00       0.00       0.00          0 
10-01-2014 01:05:50    3925.88    5139.42    4104.95    5141.00      452.3      452.3      452.3          0        232        232        232          0          4     213.74          0          0          0          0          0          0          0      12.10          0         12    1207.76       1466      33.73         74        1.2       1.16       41.7       37.9       0.00       0.00       0.00       0.00          0 
10-01-2014 01:06:00    3925.88    5139.42    4104.95    5141.00      452.4      452.4      452.4          0        232        232        232          0          4     213.74          0          0          0          0          0          0          0      12.10          0         10    1206.84       1589      33.89         85        1.2       1.17       41.7       37.9       0.00       0.00       0.00       0.00          0 
10-01-2014 01:06:10    3925.88    5139.42    4104.95    5141.00      452.7      452.7      452.7          0        232        232        232          0          6     213.74          0          0          0          0          0          0          0      12.10          0          9    1206.16       1446      33.90         76        1.2       1.16       41.8       37.9       0.00       0.00       0.00       0.00          0 
10-01-2014 01:06:20    3925.88    5139.42    4104.95    5141.00      452.7      452.7      452.7          0        232        232        232          0          4     213.74          0          0          0          0          0          0          0      12.10          0         12    1207.24       1560      33.92         79        1.2       1.16       41.8       37.9       0.00       0.00       0.00       0.00          0 
10-01-2014 01:06:30    3925.88    5139.42    4104.95    5141.00      452.7      452.7      452.7          0        232        232        232          0          4     213.74          0          0          0          0          0          0          0      12.10          0         12    1206.68       1323      33.93         80        1.2       1.16       41.8       37.9       0.00       0.00       0.00       0.00          0 
10-01-2014 01:06:40    3925.88    5139.42    4104.95    5141.00      452.7      452.7      452.7          0        232        232        232          0          6     213.74          0          0          0          0          0          0          0      12.10          0         10    1206.67       1190      33.88         57        1.2       1.16       41.8       37.9       0.00       0.00       0.00       0.00          0 
10-01-2014 01:06:50    3925.88    5139.42    4104.95    5141.00      452.7      452.7      452.7          0        232        232        232          0          5     213.74          0          0          0          0          0          0          0      12.10          0          7    1207.53       1080      33.89         46        1.2       1.16       41.7       37.9       0.00       0.00       0.00       0.00          0 
10-01-2014 01:07:00    3925.88    5139.42    4104.95    5141.00      452.8      452.8      452.8          0        232        232        232          0          6     213.74          0          0          0          0          0          0          0      12.10          0          7    1206.25        923      33.92         29        1.2       1.16       41.8       37.9       0.00       0.00       0.00       0.00          0 
10-01-2014 01:07:10    3925.88    5139.42    4104.95    5141.00      452.3      452.3      452.3          0        232        232        232          0          5     213.74          0          0          0          0          0          0          0      12.10          0         17    1206.99        869      33.92         25        1.2       1.16       41.8       37.9       0.00       0.00       0.00       0.00          0 
10-01-2014 01:07:20    3925.88    5139.42    4104.95    5141.00      452.5      452.5      452.5          0        234        232        232          0          5     213.74          0          0          0          0          0          0          0      12.10          0         14    1207.98       1020      33.88         28        1.2       1.16       41.8       37.9       0.00       0.00       0.00       0.00          0 
10-01-2014 01:07:30    3925.88    5139.42    4104.95    5141.00      452.8      452.8      452.8          0        232        232        232          0          6     213.74          0          0          0          0          0          0          0      12.10          0          7    1207.83       1151      33.78         40        1.2       1.16       41.8       37.9       0.00       0.00       0.00       0.00          0 
10-01-2014 01:07:40    3925.88    5139.42    4104.95    5141.00      452.8      452.8      452.8          0        232        232        232          0          6     213.74          0          0          0          0          0          0          0      12.10          0          8    1207.88       1223      33.87         62        1.2       1.16       41.8       37.9       0.00       0.00       0.00       0.00          0 
10-01-2014 01:07:50    3925.88    5139.42    4104.95    5141.00      452.2      452.2      452.2          0        232        232        232          0          5     213.74          0          0          0          0          0          0          0      12.10          0         14    1209.16       1410      33.80         67        1.2       1.16       41.8       37.9       0.00       0.00       0.00       0.00          0 
10-01-2014 01:08:00    3925.88    5139.42    4104.95    5141.00      452.5      452.5      452.5          0        232        232        232          0          5     213.74          0          0          0          0          0          0          0      12.10          0         10    1210.04       1297      33.77         70        1.2       1.16       41.7       37.9       0.00       0.00       0.00       0.00          0 
10-01-2014 01:08:10    3925.88    5139.42    4104.95    5141.00      453.0      453.0      453.0          0        232        232        232          0          5     213.74          0          0          0          0          0          0          0      12.10          0         13    1209.39       1333      33.78         66        1.2       1.17       41.8       37.9       0.00       0.00       0.00       0.00          0 
10-01-2014 01:08:20    3925.88    5139.42    4104.95    5141.00      452.1      452.1      452.1          0        232        232        232          0          5     213.74          0          0          0          0          0          0          0      12.10          0         18    1210.34       1143      33.78         61        1.2       1.17       41.8       37.9       0.00       0.00       0.00       0.00          0 
10-01-2014 01:08:30    3925.88    5139.42    4104.95    5141.00      452.2      452.2      452.2          0        232        232        232          0          6     213.74          0          0          0          0          0          0          0      12.10          0         15    1210.85       1202      33.81         32        1.2       1.16       41.8       37.9       0.00       0.00       0.00       0.00          0 
10-01-2014 01:08:40    3925.88    5139.42    4104.95    5141.00      452.1      452.1      452.1          0        233        232        232          0          5     213.74          0          0          0          0          0          0          0      12.10          0          7    1209.89       1220      33.84         21        1.2       1.16       41.8       37.9       0.00       0.00       0.00       0.00          0 
10-01-2014 01:08:50    3925.88    5139.42    4104.95    5141.00      452.6      452.6      452.6          0        232        232        232          0          4     213.74          0          0          0          0          0          0          0      12.10          0         12    1209.92       1250      33.85         19        1.2       1.16       41.8       37.9       0.00       0.00       0.00       0.00          0 
10-01-2014 01:09:00    3925.88    5139.42    4104.95    5141.00      451.8      451.8      451.8          0        232        232        232          0          4     213.74          0          0          0          0          0          0          0      12.10          0         12    1210.19       1207      33.83         18        1.2       1.16       41.8       37.9       0.00       0.00       0.00       0.00          0 
10-01-2014 01:09:10    3925.88    5139.42    4104.95    5141.00      451.7      451.7      451.7          0        232        232        232          0          5     213.74          0          0          0          0          0          0          0      12.10          0         12    1210.30       1017      33.81         22        1.2       1.16       41.8       37.9       0.00       0.00       0.00       0.00          0 
10-01-2014 01:09:20    3925.88    5139.42    4104.95    5141.00      452.4      452.4      452.4          0        232        232        232          0          5     213.74          0          0          0          0          0          0          0      12.10          0         12    1210.76       1007      33.82         20        1.2       1.16       41.8       37.9       0.00       0.00       0.00       0.00          0 
10-01-2014 01:09:30    3925.88    5139.42    4104.95    5141.00      451.8      451.8      451.8          0        232        232        232          0          5     213.74          0          0          0          0          0          0          0      12.10          0         12    1210.39        756      33.84         27        1.2       1.16       41.8       37.9       0.00       0.00       0.00       0.00          0 
10-01-2014 01:09:40    3925.88    5139.42    4104.95    5141.00      452.3      452.3      452.3          0        232        232        232          0          4     213.74          0          0          0          0          0          0          0      12.10          0         10    1209.66        713      33.82         26        1.2       1.16       41.8       37.9       0.00       0.00       0.00       0.00          0 
10-01-2014 01:09:50    3925.88    5139.42    4104.95    5141.00      451.9      451.9      451.9          0        232        232        232          0          4     213.74          0          0          0          0          0          0          0      12.10          0         11    1209.67        831      33.80         28        1.2       1.16       41.8       37.9       0.00       0.00       0.00       0.00          0 
10-01-2014 01:10:00    3925.88    5139.42    4104.95    5141.00      452.5      452.5      452.5          0        232        232        232          0          4     213.74          0          0          0          0          0          0          0      12.10          0         12    1209.87        942      33.77         30        1.2       1.16       41.8       37.9       0.00       0.00       0.00       0.00          0 
10-01-2014 01:10:10    3925.88    5139.42    4104.95    5141.00      451.7      451.7      451.7          0        232        232        232          0          5     213.74          0          0          0          0          0          0          0      12.10          0         10    1210.33        980      33.81         31        1.2       1.16       41.8       37.9       0.00       0.00       0.00       0.00          0 
10-01-2014 01:10:20    3925.88    5139.42    4104.95    5141.00      452.2      452.2      452.2          0        234        232        232          0          3     213.74          0          0          0          0          0          0          0      12.10          0          7    1210.21       1083      33.85         31        1.2       1.16       41.8       37.9       0.00       0.00       0.00       0.00          0 
10-01-2014 01:10:30    3925.88    5139.42    4104.95    5141.00      452.1      452.1      452.1          0        232        232        232          0          5     213.74          0          0          0          0          0          0          0      12.10          0         16    1211.39       1179      33.85         32        1.2       1.16       41.8       37.9       0.00       0.00       0.00       0.00          0 
10-01-2014 01:10:40    3925.88    5139.42    4104.95    5141.00      452.5      452.5      452.5          0        232        232        232          0          5     213.74          0          0          0          0          0          0          0      12.10          0         14    1209.91       1276      33.80         32        1.2       1.16       41.8       37.9       0.00       0.00       0.00       0.00          0 
10-01-2014 01:10:50    3925.88    5139.42    4104.95    5141.00      452.3      452.3      452.3          0        232        232        232          0          5     213.74          0          0          0          0          0          0          0      12.10          0         10    1209.80       1309      33.77         34        1.2       1.16       41.8       37.9       0.00       0.00       0.00       0.00          0 
10-01-2014 01:11:00    3925.88    5139.42    4104.95    5141.00      451.7      451.7      451.7          0        232        232        232          0          5     213.74          0          0          0          0          0          0          0      12.10          0         14    1209.24       1334      33.75         38        1.2       1.16       41.8       37.9       0.00       0.00       0.00       0.00          0 
10-01-2014 01:11:10    3925.88    5139.42    4104.95    5141.00      452.1      452.1      452.1          0        232        232        232          0          4     213.74          0          0          0          0          0          0          0      12.10          0          8    1209.48       1409      33.77         32        1.2       1.16       41.7       37.9       0.00       0.00       0.00       0.00          0 
10-01-2014 01:11:20    3925.88    5139.42    4104.95    5141.00      452.3      452.3      452.3          0        232        232        232          0          6     213.74          0          0          0          0          0          0          0      12.10          0         12    1210.21       1359      33.78         30        1.2       1.16       41.7       37.9       0.00       0.00       0.00       0.00          0 
10-01-2014 01:11:30    3925.88    5139.42    4104.95    5141.00      452.4      452.4      452.4          0        232        232        232          0          4     213.74          0          0          0          0          0          0          0      12.10          0         14    1210.75       1087      33.79         34        1.2       1.16       41.8       37.9       0.00       0.00       0.00       0.00          0 
10-01-2014 01:11:40    3925.88    5139.42    4104.95    5141.00      451.8      451.8      451.8          0        232        232        232          0          5     213.74          0          0          0          0          0          0          0      12.10          0          8    1211.14       1099      33.79         23        1.2       1.16       41.8       37.9       0.00       0.00       0.00       0.00          0 
10-01-2014 01:11:50    3925.88    5139.42    4104.95    5141.00      452.1      452.1      452.1          0        232        232        232          0          5     213.74          0          0          0          0          0          0          0      12.10          0          8    1210.03       1221      33.79         17        1.2       1.16       41.8       37.9       0.00       0.00       0.00       0.00          0 
10-01-2014 01:12:00    3925.88    5139.42    4104.95    5141.00      452.5      452.5      452.5          0        232        232        232          0          4     213.74          0          0          0          0          0          0          0      12.10          0         13    1210.51       1080      33.79         16        1.2       1.16       41.8       37.9       0.00       0.00       0.00       0.00          0 
10-01-2014 01:12:10    3925.88    5139.42    4104.95    5141.00      452.1      452.1      452.1          0        232        232        232          0          4     213.74          0          0          0          0          0          0          0      12.10          0         12    1211.20       1218      33.79         14        1.2       1.16       41.8       37.9       0.00       0.00       0.00       0.00          0 
10-01-2014 01:12:20    3925.88    5139.42    4104.95    5141.00      452.1      452.1      452.1          0        232        232        232          0          4     213.74          0          0          0          0          0          0          0      12.10          0          8    1209.98       1421      33.79         10        1.2       1.16       41.8       37.9       0.00       0.00       0.00       0.00          0 
10-01-2014 01:12:30    3925.88    5139.42    4104.95    5141.00      452.0      452.0      452.0          0        232        232        232          0          5     213.74          0          0          0          0          0          0          0      12.10          0         15    1209.69       1447      33.80          7        1.2       1.16       41.7       37.9       0.00       0.00       0.00       0.00          0 
10-01-2014 01:12:40    3925.88    5139.42    4104.95    5141.00      452.0      452.0      452.0          0        232        232        232          0          4     213.74          0          0          0          0          0          0          0      12.10          0         12    1209.47       1343      33.82         10        1.2       1.16       41.7       37.9       0.00       0.00       0.00       0.00          0 
10-01-2014 01:12:50    3925.88    5139.42    4104.95    5141.00      452.3      452.3      452.3          0        232        232        232          0          5     213.74          0          0          0          0          0          0          0      12.10          0         12    1210.45       1365      33.81         11        1.2       1.16       41.8       37.9       0.00       0.00       0.00       0.00          0 
10-01-2014 01:13:00    3925.88    5139.42    4104.95    5141.00      452.3      452.3      452.3          0        232        232        232          0          5     213.74          0          0          0          0          0          0          0      12.10          0         14    1210.68       1113      33.80         13        1.2       1.16       41.8       37.9       0.00       0.00       0.00       0.00          0 
10-01-2014 01:13:10    3925.88    5139.42    4104.95    5141.00      452.5      452.5      452.5          0        232        232        232          0          3     213.74          0          0          0          0          0          0          0      12.10          0          8    1210.02        952      33.80         14        1.2       1.16       41.8       37.9       0.00       0.00       0.00       0.00          0 
10-01-2014 01:13:20    3925.88    5139.42    4104.95    5141.00      451.6      451.6      451.6          0        232        232        232          0          4     213.74          0          0          0          0          0          0          0      12.10          0          9    1210.40        888      33.79         19        1.2       1.16       41.8       37.9       0.00       0.00       0.00       0.00          0 
10-01-2014 01:13:30    3925.88    5139.42    4104.95    5141.00      452.3      452.3      452.3          0        232        232        232          0          4     213.74          0          0          0          0          0          0          0      12.10          0         14    1210.41        848      33.80         21        1.2       1.16       41.9       37.9       0.00       0.00       0.00       0.00          0 
10-01-2014 01:13:40    3925.88    5139.42    4104.95    5141.00      452.3      452.3      452.3          0        232        232        232          0          4     213.74          0          0          0          0          0          0          0      12.10          0         10    1210.21        957      33.71         34        1.2       1.16       41.7       37.9       0.00       0.00       0.00       0.00          0 
10-01-2014 01:13:50    3925.88    5139.42    4104.95    5141.00      451.9      451.9      451.9          0        232        232        232          0          3     213.74          0          0          0          0          0          0          0      12.10          0          7    1208.52       1147      33.72         47        1.2       1.16       41.8       37.9       0.00       0.00       0.00       0.00          0 
10-01-2014 01:14:00    3925.88    5139.42    4104.95    5141.00      452.2      452.2      452.2          0        232        232        232          0          3     213.74          0          0          0          0          0          0          0      12.10          0         14    1209.12       1110      33.83         59        1.2       1.16       41.7       37.9       0.00       0.00       0.00       0.00          0 
10-01-2014 01:14:10    3925.88    5139.42    4104.95    5141.00      452.3      452.3      452.3          0        232        232        232          0          4     213.74          0          0          0          0          0          0          0      12.10          0         12    1209.54       1225      33.74         72        1.2       1.16       41.8       37.9       0.00       0.00       0.00       0.00          0 
10-01-2014 01:14:20    3925.88    5139.42    4104.95    5141.00      452.3      452.3      452.3          0        232        232        232          0          5     213.74          0          0          0          0          0          0          0      12.10          0         13    1209.03       1226      33.72         70        1.2       1.16       41.8       37.9       0.00       0.00       0.00       0.00          0 
10-01-2014 01:14:30    3925.88    5139.42    4104.95    5141.00      452.7      452.7      452.7          0        232        232        232          0          3     213.74          0          0          0          0          0          0          0      12.10          0          9    1207.55       1172      33.73         64        1.2       1.16       41.7       37.9       0.00       0.00       0.00       0.00          0 
10-01-2014 01:14:40    3925.88    5139.42    4104.95    5141.00      452.4      452.4      452.4          0        232        232        232          0          3     213.74          0          0          0          0          0          0          0      12.10          0         14    1207.69       1086      33.75         58        1.2       1.16       41.8       37.9       0.00       0.00       0.00       0.00          0 
10-01-2014 01:14:50    3925.88    5139.42    4104.95    5141.00      452.6      452.6      452.6          0        232        232        232          0          3     213.74          0          0          0          0          0          0          0      12.10          0         10    1207.88        954      33.70         45        1.2       1.16       41.8       37.9       0.00       0.00       0.00       0.00          0 
10-01-2014 01:15:00    3925.88    5139.42    4104.95    5141.00      452.6      452.6      452.6          0        232        232        232          0          4     213.74          0          0          0          0          0          0          0      12.10          0         12    1207.29        958      33.72         34        1.2       1.16       41.8       37.9       0.00       0.00       0.00       0.00          0 
10-01-2014 01:15:10    3925.88    5139.42    4104.95    5141.00      452.3      452.3      452.3          0        232        232        232          0          5     213.74          0          0          0          0          0          0          0      12.10          0         11    1207.29        979      33.73         29        1.2       1.16       41.7       37.9       0.00       0.00       0.00       0.00          0 
10-01-2014 01:15:20    3925.88    5139.42    4104.95    5141.00      452.4      452.4      452.4          0        232        232        232          0          5     213.74          0          0          0          0          0          0          0      12.10          0         14    1208.06       1023      33.79         37        1.2       1.16       41.8       37.9       0.00       0.00       0.00       0.00          0 
10-01-2014 01:15:30    3925.88    5139.42    4104.95    5141.00      452.2      452.2      452.2          0        232        232        232          0          5     213.74          0          0          0          0          0          0          0      12.10          0          8    1207.91        970      33.82         41        1.2       1.16       41.8       37.9       0.00       0.00       0.00       0.00          0 
10-01-2014 01:15:40    3925.88    5139.42    4104.95    5141.00      452.4      452.4      452.4          0        232        232        232          0          5     213.74          0          0          0          0          0          0          0      12.10          0          9    1207.26       1018      33.75         39        1.2       1.16       41.8       37.9       0.00       0.00       0.00       0.00          0 
10-01-2014 01:15:50    3925.88    5139.42    4104.95    5141.00      452.6      452.6      452.6          0        232        232        232          0          5     213.74          0          0          0          0          0          0          0      12.10          0         14    1208.06       1052      33.74         38        1.2       1.16       41.8       37.9       0.00       0.00       0.00       0.00          0 
10-01-2014 01:16:00    3925.88    5139.42    4104.95    5141.00      451.9      451.9      451.9          0        232        232        232          0          6     213.74          0          0          0          0          0          0          0      12.10          0         10    1207.94       1321      33.76         39        1.2       1.16       41.9       37.9       0.00       0.00       0.00       0.00          0 
10-01-2014 01:16:10    3925.88    5139.42    4104.95    5141.00      452.6      452.6      452.6          0        232        232        232          0          5     213.74          0          0          0          0          0          0          0      12.10          0         13    1207.59       1283      33.72         43        1.2       1.16       41.8       37.9       0.00       0.00       0.00       0.00          0 
10-01-2014 01:16:20    3925.88    5139.42    4104.95    5141.00      452.6      452.6      452.6          0        232        232        232          0          4     213.74          0          0          0          0          0          0          0      12.10          0          9    1206.93       1304      33.76         36        1.2       1.16       41.8       37.9       0.00       0.00       0.00       0.00          0 
10-01-2014 01:16:30    3925.88    5139.42    4104.95    5141.00      452.4      452.4      452.4          0        232        232        232          0          4     213.74          0          0          0          0          0          0          0      12.10          0         14    1207.19       1378      33.77         36        1.2       1.16       41.8       37.9       0.00       0.00       0.00       0.00          0 
10-01-2014 01:16:40    3925.88    5139.42    4104.95    5141.00      452.8      452.8      452.8          0        232        232        232          0          5     213.74          0          0          0          0          0          0          0      12.10          0         13    1207.93       1260      33.75         29        1.2       1.16       41.8       37.9       0.00       0.00       0.00       0.00          0 
10-01-2014 01:16:50    3925.88    5139.42    4104.95    5141.00      452.6      452.6      452.6          0        232        232        232          0          5     213.74          0          0          0          0          0          0          0      12.10          0         12    1207.05        976      33.79         33        1.2       1.16       41.8       37.9       0.00       0.00       0.00       0.00          0 
10-01-2014 01:17:00    3925.88    5139.42    4104.95    5141.00      453.0      453.0      453.0          0        232        232        232          0          5     213.74          0          0          0          0          0          0          0      12.10          0         15    1207.39        853      33.75         39        1.2       1.16       41.7       37.9       0.00       0.00       0.00       0.00          0 
10-01-2014 01:17:10    3925.88    5139.42    4104.95    5141.00      452.4      452.4      452.4          0        233        244        244          0          5     213.74          0          0          0          0          0          0          0      12.10          0          6    1208.45        923      33.64         47        1.2       1.16       41.8       37.9       0.00       0.00       0.00       0.00          0 
10-01-2014 01:17:20    3925.88    5139.42    4104.95    5141.00      452.5      452.5      452.5          0        233        232        232          0          4     213.74          0          0          0          0          0          0          0      12.10          0         14    1207.47       1023      33.64         46        1.2       1.16       41.8       37.9       0.00       0.00       0.00       0.00          0 
10-01-2014 01:17:30    3925.88    5139.42    4104.95    5141.00      451.9      451.9      451.9          0        232        232        232          0          4     213.74          0          0          0          0          0          0          0      12.10          0         12    1207.69       1114      33.72         55        1.2       1.16       41.8       37.9       0.00       0.00       0.00       0.00          0 
10-01-2014 01:17:40    3925.88    5139.42    4104.95    5141.00      452.2      452.2      452.2          0        232        232        232          0          4     213.74          0          0          0          0          0          0          0      12.10          0         14    1209.70       1219      33.74         47        1.2       1.16       41.7       37.9       0.00       0.00       0.00       0.00          0 
10-01-2014 01:17:50    3925.88    5139.42    4104.95    5141.00      452.1      452.1      452.1          0        232        232        232          0          5     213.74          0          0          0          0          0          0          0      12.10          0         12    1208.72       1366      33.73         47        1.2       1.16       41.8       37.9       0.00       0.00       0.00       0.00          0 
10-01-2014 01:18:00    3925.88    5139.42    4104.95    5141.00      452.9      452.9      452.9          0        232        232        232          0          5     213.74          0          0          0          0          0          0          0      12.10          0         14    1208.56       1275      33.73         29        1.2       1.16       41.7       37.9       0.00       0.00       0.00       0.00          0 
10-01-2014 01:18:10    3925.88    5139.42    4104.95    5141.00      452.3      452.3      452.3          0        232        232        232          0          4     213.74          0          0          0          0          0          0          0      12.10          0         13    1209.49       1246      33.70         29        1.2       1.16       41.8       37.9       0.00       0.00       0.00       0.00          0 
10-01-2014 01:18:20    3925.88    5139.42    4104.95    5141.00      451.9      451.9      451.9          0        232        232        232          0          4     213.74          0          0          0          0          0          0          0      12.10          0         11    1210.46       1263      33.68         19        1.2       1.16       41.8       37.9       0.00       0.00       0.00       0.00          0 
10-01-2014 01:18:30    3925.88    5139.42    4104.95    5141.00      452.8      452.8      452.8          0        232        232        232          0          5     213.74          0          0          0          0          0          0          0      12.10          0         11    1210.74       1027      33.74         30        1.2       1.16       41.8       37.9       0.00       0.00       0.00       0.00          0 
10-01-2014 01:18:40    3925.88    5139.42    4104.95    5141.00      452.3      452.3      452.3          0        232        232        232          0          4     213.74          0          0          0          0          0          0          0      12.10          0         13    1210.66        987      33.68         38        1.2       1.16       41.8       37.9       0.00       0.00       0.00       0.00          0 
10-01-2014 01:18:50    3925.88    5139.42    4104.95    5141.00      452.6      452.6      452.6          0        232        232        232          0          5     213.74          0          0          0          0          0          0          0      12.10          0         11    1211.89       1206      33.68         49        1.2       1.16       41.8       37.9       0.00       0.00       0.00       0.00          0 
10-01-2014 01:19:00    3925.88    5139.42    4104.95    5141.00      453.0      453.0      453.0          0        232        232        232          0          5     213.74          0          0          0          0          0          0          0      12.10          0         11    1212.36       1134      33.84         72        1.2       1.16       41.8       37.9       0.00       0.00       0.00       0.00          0 
10-01-2014 01:19:10    3925.88    5139.42    4104.95    5141.00      452.6      452.6      452.6          0        232        232        232          0          3     213.74          0          0          0          0          0          0          0      12.10          0         13    1212.61       1159      33.92         78        1.2       1.16       41.7       37.9       0.00       0.00       0.00       0.00          0 
10-01-2014 01:19:20    3925.88    5139.42    4104.95    5141.00      452.5      452.5      452.5          0        232        232        232          0          3     213.74          0          0          0          0          0          0          0      12.10          0         12    1213.00       1085      33.94         80        1.2       1.16       41.8       37.9       0.00       0.00       0.00       0.00          0 
10-01-2014 01:19:30    3925.88    5139.42    4104.95    5141.00      452.6      452.6      452.6          0        232        232        232          0          4     213.74          0          0          0          0          0          0          0      12.10          0         13    1212.66       1039      33.97         76        1.2       1.16       41.8       37.9       0.00       0.00       0.00       0.00          0 
10-01-2014 01:19:40    3925.88    5139.42    4104.95    5141.00      452.5      452.5      452.5          0        232        232        232          0          5     213.74          0          0          0          0          0          0          0      12.10          0         14    1212.36        726      34.00         56        1.2       1.16       41.8       37.9       0.00       0.00       0.00       0.00          0 
10-01-2014 01:19:50    3925.88    5139.42    4104.95    5141.00      452.4      452.4      452.4          0        232        232        232          0          4     213.74          0          0          0          0          0          0          0      12.10          0         14    1213.77        822      34.07         53        1.2       1.16       41.7       37.9       0.00       0.00       0.00       0.00          0 
10-01-2014 01:20:00    3925.88    5139.42    4104.95    5141.00      452.3      452.3      452.3          0        232        232        232          0          4     213.74          0          0          0          0          0          0          0      12.10          0          9    1213.84        839      34.10         38        1.2       1.16       41.8       37.9       0.00       0.00       0.00       0.00          0 
10-01-2014 01:20:10    3925.88    5139.42    4104.95    5141.00      451.5      451.5      451.5          0        232        232        232          0          3     213.74          0          0          0          0          0          0          0      12.10          0         12    1213.49        864      34.11         36        1.2       1.16       41.8       37.9       0.00       0.00       0.00       0.00          0 
10-01-2014 01:20:20    3925.88    5139.42    4104.95    5141.00      451.8      451.8      451.8          0        232        232        232          0          3     213.74          0          0          0          0          0          0          0      12.10          0         12    1213.85       1019      34.21         47        1.2       1.16       41.8       37.9       0.00       0.00       0.00       0.00          0 
10-01-2014 01:20:30    3925.88    5139.42    4104.95    5141.00      451.6      451.6      451.6          0        232        232        232          0          4     213.74          0          0          0          0          0          0          0      12.10          0         14    1213.73       1123      34.21         42        1.2       1.16       41.7       37.9       0.00       0.00       0.00       0.00          0 
10-01-2014 01:20:40    3925.88    5139.42    4104.95    5141.00      451.9      451.9      451.9          0        232        232        232          0          4     213.74          0          0          0          0          0          0          0      12.10          0          8    1212.75       1208      34.27         50        1.2       1.16       41.8       37.9       0.00       0.00       0.00       0.00          0 
10-01-2014 01:20:50    3925.88    5139.42    4104.95    5141.00      451.3      451.3      451.3          0        232        232        232          0          4     213.74          0          0          0          0          0          0          0      12.10          0         12    1212.49       1001      34.50         74        1.2       1.16       41.8       37.9       0.00       0.00       0.00       0.00          0 
10-01-2014 01:21:00    3925.88    5139.42    4104.95    5141.00      451.6      451.6      451.6          0        232        232        232          0          3     213.74          0          0          0          0          0          0          0      12.10          0         14    1212.85        968      34.62         93        1.2       1.16       41.8       37.9       0.00       0.00       0.00       0.00          0 
10-01-2014 01:21:10    3925.88    5139.42    4104.95    5141.00      451.7      451.7      451.7          0        232        232        232          0          5     213.74          0          0          0          0          0          0          0      12.10          0         14    1212.42        747      34.59         82        1.2       1.16       41.8       37.9       0.00       0.00       0.00       0.00          0 
10-01-2014 01:21:20    3925.88    5139.42    4104.95    5141.00      451.9      451.9      451.9          0        232        232        232          0          4     213.74          0          0          0          0          0          0          0      12.10          0         11    1212.92        687      34.66         93        1.2       1.16       41.7       37.9       0.00       0.00       0.00       0.00          0 
10-01-2014 01:21:30    3925.88    5139.42    4104.95    5141.00      451.6      451.6      451.6          0        232        232        232          0          5     213.74          0          0          0          0          0          0          0      12.10          0          6    1213.15        638      34.80        113        1.2       1.16       41.8       37.9       0.00       0.00       0.00       0.00          0 
10-01-2014 01:21:40    3925.88    5139.42    4104.95    5141.00      451.6      451.6      451.6          0        232        232        232          0          5     213.74          0          0          0          0          0          0          0      12.10          0         13    1213.93        688      34.87         91        1.2       1.16       41.8       37.9       0.00       0.00       0.00       0.00          0 
10-01-2014 01:21:50    3925.88    5139.42    4104.95    5141.00      451.7      451.7      451.7          0        232        232        232          0          4     213.74          0          0          0          0          0          0          0      12.10          0         12    1213.65        783      34.95         76        1.2       1.16       41.7       37.9       0.00       0.00       0.00       0.00          0 
10-01-2014 01:22:00    3925.88    5139.42    4104.95    5141.00      451.8      451.8      451.8          0        232        232        232          0          4     213.74          0          0          0          0          0          0          0      12.10          0         12    1213.49        967      34.97         78        1.2       1.16       41.8       37.9       0.00       0.00       0.00       0.00          0 
10-01-2014 01:22:10    3925.88    5139.42    4104.95    5141.00      452.0      452.0      452.0          0        234        232        232          0          4     213.74          0          0          0          0          0          0          0      12.10          0          9    1212.52       1048      34.98         75        1.2       1.16       41.8       37.9       0.00       0.00       0.00       0.00          0 
10-01-2014 01:22:20    3925.88    5139.42    4104.95    5141.00      451.2      451.2      451.2          0        232        232        232          0          5     213.74          0          0          0          0          0          0          0      12.10          0         13    1213.30       1197      35.03         65        1.2       1.16       41.7       37.9       0.00       0.00       0.00       0.00          0 
10-01-2014 01:22:30    3925.88    5139.42    4104.95    5141.00      451.4      451.4      451.4          0        232        232        232          0          5     213.74          0          0          0          0          0          0          0      12.10          0         16    1212.66       1165      35.00         49        1.2       1.16       41.8       37.9       0.00       0.00       0.00       0.00          0 
10-01-2014 01:22:40    3925.88    5139.42    4104.95    5141.00      451.7      451.7      451.7          0        232        232        232          0          5     213.74          0          0          0          0          0          0          0      12.10          0         14    1213.64       1226      35.14         57        1.2       1.16       41.8       37.9       0.00       0.00       0.00       0.00          0 
10-01-2014 01:22:50    3925.88    5139.42    4104.95    5141.00      451.9      451.9      451.9          0        232        232        232          0          6     213.74          0          0          0          0          0          0          0      12.10          0         10    1213.45       1273      35.19         55        1.2       1.16       41.7       37.9       0.00       0.00       0.00       0.00          0 
10-01-2014 01:23:00    3925.88    5139.42    4104.95    5141.00      451.5      451.5      451.5          0        233        232        232          0          5     213.74          0          0          0          0          0          0          0      12.10          0         14    1213.31       1177      35.14         63        1.2       1.16       41.7       37.9       0.00       0.00       0.00       0.00          0 
10-01-2014 01:23:10    3925.88    5139.42    4104.95    5141.00      451.4      451.4      451.4          0        232        232        232          0          5     213.74          0          0          0          0          0          0          0      12.10          0          8    1213.53       1145      35.13         53        1.2       1.16       41.8       37.9       0.00       0.00       0.00       0.00          0 
10-01-2014 01:23:20    3925.88    5139.42    4104.95    5141.00      451.7      451.7      451.7          0        232        232        232          0          6     213.74          0          0          0          0          0          0          0      12.10          0          9    1212.75       1217      35.19         59        1.2       1.16       41.7       37.9       0.00       0.00       0.00       0.00          0 
10-01-2014 01:23:30    3925.88    5139.42    4104.95    5141.00      452.6      452.6      452.6          0        232        232        232          0          5     213.74          0          0          0          0          0          0          0      12.10          0         13    1210.61       1583      35.17         51        1.2       1.16       41.7       37.9       0.00       0.00       0.00       0.00          0 
10-01-2014 01:23:40    3925.88    5139.42    4104.95    5141.00      451.3      451.3      451.3          0        232        232        232          0          3     213.74          0          0          0          0          0          0          0      12.10          0         10    1211.54       1503      35.14         33        1.2       1.16       41.7       37.9       0.00       0.00       0.00       0.00          0 
10-01-2014 01:23:50    3925.88    5139.42    4104.95    5141.00      452.0      452.0      452.0          0        232        232        232          0          3     213.74          0          0          0          0          0          0          0      12.10          0         12    1215.74       1970      35.09         36        1.2       1.16       41.8       37.9       0.00       0.00       0.00       0.00          0 
10-01-2014 01:24:00    3925.88    5139.42    4104.95    5141.00      451.8      451.8      451.8          0        232        232        232          0          4     213.74          0          0          0          0          0          0          0      12.10          0         14    1216.03       1920      35.14         42        1.2       1.16       41.7       37.9       0.00       0.00       0.00       0.00          0 
10-01-2014 01:24:10    3925.88    5139.42    4104.95    5141.00      452.1      452.1      452.1          0        232        232        232          0          3     213.74          0          0          0          0          0          0          0      12.10          0          9    1212.25       2276      35.20         40        1.2       1.16       41.8       37.9       0.00       0.00       0.00       0.00          0 
10-01-2014 01:24:20    3925.88    5139.42    4104.95    5141.00      451.8      451.8      451.8          0        232        232        232          0          3     213.74          0          0          0          0          0          0          0      12.10          0         15    1213.44       2026      35.19         37        1.2       1.16       41.7       37.9       0.00       0.00       0.00       0.00          0 
10-01-2014 01:24:30    3925.88    5139.42    4104.95    5141.00      451.3      451.3      451.3          0        232        232        232          0          4     213.74          0          0          0          0          0          0          0      12.10          0         10    1216.25       2431      35.25         45        1.2       1.16       41.7       37.9       0.00       0.00       0.00       0.00          0 
10-01-2014 01:24:40    3925.88    5139.42    4104.95    5141.00      451.4      451.4      451.4          0        232        232        232          0          4     213.74          0          0          0          0          0          0          0      12.10          0          8    1214.04       2310      35.18         43        1.2       1.16       41.8       37.9       0.00       0.00       0.00       0.00          0 
10-01-2014 01:24:50    3925.88    5139.42    4104.95    5141.00      451.6      451.6      451.6          0        232        232        232          0          5     213.74          0          0          0          0          0          0          0      12.10          0         12    1212.96       2285      34.28        202        1.2       1.16       41.7       37.9       0.00       0.00       0.00       0.00          0 
10-01-2014 01:25:00    3925.88    5139.42    4104.95    5141.00      451.2      451.2      451.2          0        232        232        232          0          4     213.74          0          0          0          0          0          0          0      12.10          0          9    1214.15       1880      35.07        362        1.2       1.16       41.8       37.9       0.00       0.00       0.00       0.00          0 
10-01-2014 01:25:10    3925.88    5139.42    4104.95    5141.00      451.4      451.4      451.4          0        232        232        232          0          6     213.74          0          0          0          0          0          0          0      12.10          0          9    1214.23       1928      35.25        392        1.2       1.16       41.7       37.9       0.00       0.00       0.00       0.00          0 
10-01-2014 01:25:20    3925.88    5139.42    4104.95    5141.00      451.6      451.6      451.6          0        232        232        232          0          5     213.74          0          0          0          0          0          0          0      12.10          0         15    1214.82       1671      35.24        388        1.2       1.16       41.7       37.9       0.00       0.00       0.00       0.00          0 
10-01-2014 01:25:30    3925.88    5139.42    4104.95    5141.00      451.6      451.6      451.6          0        232        232        232          0          5     213.74          0          0          0          0          0          0          0      12.10          0         13    1213.83       1434      35.23        384        1.2       1.16       41.8       37.9       0.00       0.00       0.00       0.00          0 
10-01-2014 01:25:40    3925.88    5139.42    4104.95    5141.00      451.1      451.1      451.1          0        234        232        232          0          5     213.74          0          0          0          0          0          0          0      12.10          0         12    1215.30       1303      35.24        219        1.2       1.16       41.8       37.9       0.00       0.00       0.00       0.00          0 
10-01-2014 01:25:50    3925.88    5139.42    4104.95    5141.00      451.6      451.6      451.6          0        232        232        232          0          6     213.74          0          0          0          0          0          0          0      12.10          0         13    1214.09       1395      35.21        108        1.2       1.16       41.7       37.9       0.00       0.00       0.00       0.00          0 
10-01-2014 01:26:00    3925.88    5139.42    4104.95    5141.00      451.7      451.7      451.7          0        232        232        232          0          5     213.74          0          0          0          0          0          0          0      12.10          0          8    1213.49       1443      35.17         25        1.2       1.16       41.8       37.9       0.00       0.00       0.00       0.00          0 
10-01-2014 01:26:10    3925.88    5139.42    4104.95    5141.00      451.7      451.7      451.7          0        232        232        232          0          6     213.74          0          0          0          0          0          0          0      12.10          0         13    1214.50       1563      35.23         33        1.2       1.16       41.8       37.9       0.00       0.00       0.00       0.00          0 
10-01-2014 01:26:20    3925.88    5139.42    4104.95    5141.00      451.4      451.4      451.4          0        232        232        232          0          5     213.74          0          0          0          0          0          0          0      12.10          0         11    1214.97       1466      35.27         39        1.2       1.16       41.8       37.9       0.00       0.00       0.00       0.00          0 
10-01-2014 01:26:30    3925.88    5139.42    4104.95    5141.00      451.3      451.3      451.3          0        232        232        232          0          5     213.74          0          0          0          0          0          0          0      12.10          0         13    1213.99       1340      35.30         49        1.2       1.16       41.8       37.9       0.00       0.00       0.00       0.00          0 
10-01-2014 01:26:40    3925.88    5139.42    4104.95    5141.00      451.9      451.9      451.9          0        232        232        232          0          4     213.74          0          0          0          0          0          0          0      12.10          0          8    1214.03       1160      35.28         50        1.2       1.16       41.8       37.9       0.00       0.00       0.00       0.00          0 
10-01-2014 01:26:50    3925.88    5139.42    4104.95    5141.00      451.5      451.5      451.5          0        232        232        232          0          5     213.74          0          0          0          0          0          0          0      12.10          0         15    1215.06       1141      35.20         57        1.2       1.16       41.8       37.9       0.00       0.00       0.00       0.00          0 
10-01-2014 01:27:00    3925.88    5139.42    4104.95    5141.00      451.3      451.3      451.3          0        232        232        232          0          5     213.74          0          0          0          0          0          0          0      12.10          0         15    1214.09       1175      35.11         66        1.2       1.16       41.8       37.9       0.00       0.00       0.00       0.00          0 
10-01-2014 01:27:10    3925.88    5139.42    4104.95    5141.00      451.5      451.5      451.5          0        232        232        232          0          5     213.74          0          0          0          0          0          0          0      12.10          0         15    1214.62       1485      35.15         53        1.2       1.16       41.8       37.9       0.00       0.00       0.00       0.00          0 
10-01-2014 01:27:20    3925.88    5139.42    4104.95    5141.00      451.4      451.4      451.4          0        232        232        232          0          5     213.74          0          0          0          0          0          0          0      12.10          0          9    1215.59       1506      35.14         48        1.2       1.16       41.8       37.9       0.00       0.00       0.00       0.00          0 
10-01-2014 01:27:30    3925.88    5139.42    4104.95    5141.00      451.3      451.3      451.3          0        232        232        232          0          4     213.74          0          0          0          0          0          0          0      12.10          0         15    1214.80       1614      35.13         44        1.2       1.16       41.7       37.9       0.00       0.00       0.00       0.00          0 
10-01-2014 01:27:40    3925.88    5139.42    4104.95    5141.00      451.4      451.4      451.4          0        232        232        232          0          4     213.74          0          0          0          0          0          0          0      12.10          0         14    1213.66       1548      35.18         42        1.2       1.16       41.8       37.9       0.00       0.00       0.00       0.00          0 
10-01-2014 01:27:50    3925.88    5139.42    4104.95    5141.00      451.2      451.2      451.2          0        232        232        232          0          4     213.74          0          0          0          0          0          0          0      12.10          0          9    1213.44       1689      35.15         40        1.2       1.16       41.8       37.9       0.00       0.00       0.00       0.00          0 
10-01-2014 01:28:00    3925.88    5139.42    4104.95    5141.00      451.2      451.2      451.2          0        232        232        232          0          5     213.74          0          0          0          0          0          0          0      12.10          0         11    1214.10       1775      35.24         37        1.2       1.16       41.8       37.9       0.00       0.00       0.00       0.00          0 
10-01-2014 01:28:10    3925.88    5139.42    4104.95    5141.00      451.6      451.6      451.6          0        232        232        232          0          6     213.74          0          0          0          0          0          0          0      12.10          0         13    1214.14       1643      35.21         41        1.2       1.16       41.7       37.9       0.00       0.00       0.00       0.00          0 
10-01-2014 01:28:20    3925.88    5139.42    4104.95    5141.00      451.4      451.4      451.4          0        232        232        232          0          6     213.74          0          0          0          0          0          0          0      12.10          0         13    1213.69       1580      35.11         55        1.2       1.16       41.7       37.9       0.00       0.00       0.00       0.00          0 
10-01-2014 01:28:30    3925.88    5139.42    4104.95    5141.00      451.6      451.6      451.6          0        232        232        232          0          5     213.74          0          0          0          0          0          0          0      12.10          0         10    1214.31       1519      35.25         70        1.2       1.16       41.7       37.9       0.00       0.00       0.00       0.00          0 
10-01-2014 01:28:40    3925.88    5139.42    4104.95    5141.00      451.1      451.1      451.1          0        232        232        232          0          5     213.74          0          0          0          0          0          0          0      12.10          0         13    1213.93       1460      35.21         73        1.2       1.16       41.8       37.9       0.00       0.00       0.00       0.00          0 
10-01-2014 01:28:50    3925.88    5139.42    4104.95    5141.00      451.3      451.3      451.3          0        232        232        232          0          6     213.74          0          0          0          0          0          0          0      12.10          0         14    1214.20       1271      35.21         59        1.2       1.16       41.7       37.9       0.00       0.00       0.00       0.00          0 
10-01-2014 01:29:00    3925.88    5139.42    4104.95    5141.00      451.4      451.4      451.4          0        232        232        232          0          5     213.74          0          0          0          0          0          0          0      12.10          0         12    1213.46       1257      35.21         57        1.2       1.16       41.7       37.9       0.00       0.00       0.00       0.00          0 
10-01-2014 01:29:10    3925.88    5139.42    4104.95    5141.00      451.2      451.2      451.2          0        232        232        232          0          5     213.74          0          0          0          0          0          0          0      12.10          0          8    1214.07       1093      35.21         41        1.2       1.16       41.8       37.9       0.00       0.00       0.00       0.00          0 
10-01-2014 01:29:20    3925.88    5139.42    4104.95    5141.00      451.5      451.5      451.5          0        232        232        232          0          6     213.74          0          0          0          0          0          0          0      12.10          0         12    1214.79       1149      35.20         35        1.2       1.16       41.7       37.9       0.00       0.00       0.00       0.00          0 
10-01-2014 01:29:30    3925.88    5139.42    4104.95    5141.00      451.6      451.6      451.6          0        232        232        232          0          5     213.74          0          0          0          0          0          0          0      12.10          0          9    1214.82       1303      35.10         26        1.2       1.16       41.7       37.9       0.00       0.00       0.00       0.00          0 
10-01-2014 01:29:40    3925.88    5139.42    4104.95    5141.00      451.0      451.0      451.0          0        232        232        232          0          5     213.74          0          0          0          0          0          0          0      12.10          0         14    1214.45       1407      35.03         37        1.2       1.16       41.8       37.9       0.00       0.00       0.00       0.00          0 
10-01-2014 01:29:50    3925.88    5139.42    4104.95    5141.00      451.3      451.3      451.3          0        232        232        232          0          5     213.74          0          0          0          0          0          0          0      12.10          0         13    1214.52       1161      35.18         64        1.2       1.16       41.7       37.9       0.00       0.00       0.00       0.00          0 
10-01-2014 01:30:00    3925.88    5139.42    4104.95    5141.00      451.5      451.5      451.5          0        232        232        232          0          5     213.74          0          0          0          0          0          0          0      12.10          0         10    1214.45       1151      35.20         65        1.2       1.16       41.7       37.9       0.00       0.00       0.00       0.00          0 
10-01-2014 01:30:10    3925.88    5139.42    4104.95    5141.00      451.5      451.5      451.5          0        232        232        232          0          7     213.74          0          0          0          0          0          0          0      12.10          0         12    1214.80       1049      35.19         68        1.2       1.16       41.8       37.9       0.00       0.00       0.00       0.00          0 
10-01-2014 01:30:20    3925.88    5139.42    4104.95    5141.00      451.9      451.9      451.9          0        232        232        232          0          6     213.74          0          0          0          0          0          0          0      12.10          0         12    1215.29        781      35.21         58        1.2       1.16       41.8       37.9       0.00       0.00       0.00       0.00          0 
10-01-2014 01:30:30    3925.88    5139.42    4104.95    5141.00      451.5      451.5      451.5          0        232        232        232          0          6     213.74          0          0          0          0          0          0          0      12.10          0         14    1215.00        653      34.36        194        1.2       1.16       41.7       37.9       0.00       0.00       0.00       0.00          0 
10-01-2014 01:30:40    3925.88    5139.42    4104.95    5141.00      451.3      451.3      451.3          0        232        232        232          0          6     213.74          0          0          0          0          0          0          0      12.10          0          5    1214.50        668      34.42        239        1.2       1.16       41.8       37.9       0.00       0.00       0.00       0.00          0 
10-01-2014 01:30:50    3925.88    5139.42    4104.95    5141.00      451.5      451.5      451.5          0        232        232        232          0          5     213.74          0          0          0          0          0          0          0      12.10          0          8    1214.10       1017      35.23        361        1.2       1.16       41.8       37.9       0.00       0.00       0.00       0.00          0 
10-01-2014 01:31:00    3925.88    5139.42    4104.95    5141.00      451.8      451.8      451.8          0        232        232        232          0          5     213.74          0          0          0          0          0          0          0      12.10          0         10    1213.01       1181      35.22        368        1.2       1.16       41.7       37.9       0.00       0.00       0.00       0.00          0 
10-01-2014 01:31:10    3925.88    5139.42    4104.95    5141.00      451.0      451.0      451.0          0        232        232        232          0          5     213.74          0          0          0          0          0          0          0      12.10          0         15    1214.67       1343      35.16        375        1.2       1.16       41.8       37.9       0.00       0.00       0.00       0.00          0 
10-01-2014 01:31:20    3925.88    5139.42    4104.95    5141.00      451.4      451.4      451.4          0        232        232        232          0          5     213.74          0          0          0          0          0          0          0      12.10          0         10    1214.29       1562      35.05        392        1.2       1.16       41.7       37.9       0.00       0.00       0.00       0.00          0 
10-01-2014 01:31:30    3925.88    5139.42    4104.95    5141.00      451.9      451.9      451.9          0        232        232        232          0          5     213.74          0          0          0          0          0          0          0      12.10          0          8    1213.89       1641      35.05        201        1.2       1.16       41.7       37.9       0.00       0.00       0.00       0.00          0 
10-01-2014 01:31:40    3925.88    5139.42    4104.95    5141.00      452.3      452.3      452.3          0        232        232        232          0          5     213.74          0          0          0          0          0          0          0      12.10          0          8    1214.74       1755      35.05         49        1.2       1.16       41.7       37.9       0.00       0.00       0.00       0.00          0 
10-01-2014 01:31:50    3925.88    5139.42    4104.95    5141.00      451.6      451.6      451.6          0        232        232        232          0          4     213.74          0          0          0          0          0          0          0      12.10          0         11    1212.89       1959      35.15         55        1.2       1.16       41.8       37.9       0.00       0.00       0.00       0.00          0 
10-01-2014 01:32:00    3925.88    5139.42    4104.95    5141.00      451.9      451.9      451.9          0        232        232        232          0          5     213.74          0          0          0          0          0          0          0      12.10          0         15    1213.61       1715      35.18         57        1.2       1.16       41.7       37.9       0.00       0.00       0.00       0.00          0 
10-01-2014 01:32:10    3925.88    5139.42    4104.95    5141.00      451.8      451.8      451.8          0        232        232        232          0          6     213.74          0          0          0          0          0          0          0      12.10          0          9    1213.92       1554      35.12         38        1.2       1.16       41.7       37.9       0.00       0.00       0.00       0.00          0 
10-01-2014 01:32:20    3925.88    5139.42    4104.95    5141.00      451.2      451.2      451.2          0        232        232        232          0          6     213.74          0          0          0          0          0          0          0      12.10          0          9    1213.35       1608      35.12         35        1.2       1.16       41.8       37.9       0.00       0.00       0.00       0.00          0 
10-01-2014 01:32:30    3925.88    5139.42    4104.95    5141.00      451.4      451.4      451.4          0        232        232        232          0          6     213.74          0          0          0          0          0          0          0      12.10          0         13    1213.50       1163      35.12         32        1.2       1.16       41.8       37.9       0.00       0.00       0.00       0.00          0 
10-01-2014 01:32:40    3925.88    5139.42    4104.95    5141.00      451.3      451.3      451.3          0        232        232        232          0          5     213.74          0          0          0          0          0          0          0      12.10          0         12    1214.64       1104      35.14         28        1.2       1.16       41.8       37.9       0.00       0.00       0.00       0.00          0 
10-01-2014 01:32:50    3925.88    5139.42    4104.95    5141.00      451.0      451.0      451.0          0        232        232        232          0          6     213.74          0          0          0          0          0          0          0      12.10          0          9    1214.26       1024      35.13         22        1.2       1.16       41.7       37.9       0.00       0.00       0.00       0.00          0 
10-01-2014 01:33:00    3925.88    5139.42    4104.95    5141.00      452.2      452.2      452.2          0        232        232        232          0          5     213.74          0          0          0          0          0          0          0      12.10          0         16    1214.79        975      35.12         11        1.2       1.16       41.8       37.9       0.00       0.00       0.00       0.00          0 
10-01-2014 01:33:10    3925.88    5139.42    4104.95    5141.00      451.6      451.6      451.6          0        232        232        232          0          5     213.74          0          0          0          0          0          0          0      12.10          0         11    1214.63       1161      35.11         13        1.2       1.16       41.7       37.9       0.00       0.00       0.00       0.00          0 
10-01-2014 01:33:20    3925.88    5139.42    4104.95    5141.00      451.4      451.4      451.4          0        232        232        232          0          5     213.74          0          0          0          0          0          0          0      12.10          0          9    1214.66       1255      35.09         19        1.2       1.16       41.7       37.9       0.00       0.00       0.00       0.00          0 
10-01-2014 01:33:30    3925.88    5139.42    4104.95    5141.00      451.9      451.9      451.9          0        232        232        232          0          5     213.74          0          0          0          0          0          0          0      12.10          0         15    1214.43       1282      35.10         23        1.2       1.16       41.7       37.9       0.00       0.00       0.00       0.00          0 
10-01-2014 01:33:40    3925.88    5139.42    4104.95    5141.00      451.2      451.2      451.2          0        232        232        232          0          5     213.74          0          0          0          0          0          0          0      12.10          0          9    1214.24       1108      35.18         31        1.2       1.16       41.7       37.9       0.00       0.00       0.00       0.00          0 
10-01-2014 01:33:50    3925.88    5139.42    4104.95    5141.00      451.0      451.0      451.0          0        232        232        232          0          5     213.74          0          0          0          0          0          0          0      12.10          0          7    1213.17       1379      35.28         47        1.2       1.16       41.7       37.9       0.00       0.00       0.00       0.00          0 
10-01-2014 01:34:00    3925.88    5139.42    4104.95    5141.00      451.5      451.5      451.5          0        232        232        232          0          6     213.74          0          0          0          0          0          0          0      12.10          0          8    1213.23       1288      35.06         83        1.2       1.16       41.8       37.9       0.00       0.00       0.00       0.00          0 
10-01-2014 01:34:10    3925.88    5139.42    4104.95    5141.00      451.6      451.6      451.6          0        232        232        232          0          4     213.74          0          0          0          0          0          0          0      12.10          0         15    1214.95       1348      35.00         92        1.2       1.16       41.7       37.9       0.00       0.00       0.00       0.00          0 
10-01-2014 01:34:20    3925.88    5139.42    4104.95    5141.00      451.3      451.3      451.3          0        232        232        232          0          5     213.74          0          0          0          0          0          0          0      12.10          0          6    1214.51       1370      35.06         99        1.2       1.16       41.8       37.9       0.00       0.00       0.00       0.00          0 
10-01-2014 01:34:30    3925.88    5139.42    4104.95    5141.00      451.8      451.8      451.8          0        232        232        232          0          6     213.74          0          0          0          0          0          0          0      12.10          0         14    1213.72       1710      35.01         99        1.2       1.16       41.7       37.9       0.00       0.00       0.00       0.00          0 
10-01-2014 01:34:40    3925.88    5139.42    4104.95    5141.00      451.7      451.7      451.7          0        232        232        232          0          6     213.74          0          0          0          0          0          0          0      12.10          0         15    1214.45       1535      35.01         82        1.2       1.16       41.8       37.9       0.00       0.00       0.00       0.00          0 
10-01-2014 01:34:50    3925.88    5139.42    4104.95    5141.00      451.4      451.4      451.4          0        235        232        232          0          7     213.74          0          0          0          0          0          0          0      12.10          0          5    1213.90       1575      35.07         59        1.2       1.16       41.8       37.9       0.00       0.00       0.00       0.00          0 
10-01-2014 01:35:00    3925.88    5139.42    4104.95    5141.00      451.8      451.8      451.8          0        232        232        232          0          7     213.74          0          0          0          0          0          0          0      12.10          0         14    1214.28       1461      35.12         55        1.2       1.16       41.7       37.9       0.00       0.00       0.00       0.00          0 
10-01-2014 01:35:10    3925.88    5139.42    4104.95    5141.00      451.3      451.3      451.3          0        232        232        232          0          5     213.74          0          0          0          0          0          0          0      12.10          0         14    1214.59       1426      35.04         57        1.2       1.16       41.8       37.9       0.00       0.00       0.00       0.00          0 
10-01-2014 01:35:20    3925.88    5139.42    4104.95    5141.00      450.9      450.9      450.9          0        232        232        232          0          5     213.74          0          0          0          0          0          0          0      12.10          0          4    1213.66       1375      35.09         51        1.2       1.16       41.8       37.9       0.00       0.00       0.00       0.00          0 
10-01-2014 01:35:30    3925.88    5139.42    4104.95    5141.00      451.7      451.7      451.7          0        232        232        232          0          5     213.74          0          0          0          0          0          0          0      12.10          0          2    1214.21       1330      35.06         50        1.2       1.16       41.7       37.9       0.00       0.00       0.00       0.00          0 
10-01-2014 01:35:40    3925.88    5139.42    4104.95    5141.00      451.3      451.3      451.3          0        232        232        232          0          5     213.74          0          0          0          0          0          0          0      12.10          0         10    1214.68       1361      35.05         48        1.2       1.16       41.7       37.9       0.00       0.00       0.00       0.00          0 
10-01-2014 01:35:50    3925.88    5139.42    4104.95    5141.00      451.3      451.3      451.3          0        232        232        232          0          5     213.74          0          0          0          0          0          0          0      12.10          0         14    1213.25       1446      35.06         36        1.2       1.16       41.8       37.9       0.00       0.00       0.00       0.00          0 
10-01-2014 01:36:00    3925.88    5139.42    4104.95    5141.00      451.9      451.9      451.9          0        232        232        232          0          5     213.74          0          0          0          0          0          0          0      12.10          0         15    1210.65       1652      35.05         32        1.2       1.16       41.7       37.9       0.00       0.00       0.00       0.00          0 
10-01-2014 01:36:10    3925.88    5139.42    4104.95    5141.00      451.4      451.4      451.4          0        233        232        232          0          5     213.74          0          0          0          0          0          0          0      12.10          0         15    1210.69       1952      35.05         17        1.2       1.16       41.8       37.9       0.00       0.00       0.00       0.00          0 
10-01-2014 01:36:20    3925.88    5139.42    4104.95    5141.00      451.2      451.2      451.2          0        232        232        232          0          6     213.74          0          0          0          0          0          0          0      12.10          0          8    1211.32       1755      35.15         32        1.2       1.16       41.7       37.9       0.00       0.00       0.00       0.00          0 
10-01-2014 01:36:30    3925.88    5139.42    4104.95    5141.00      451.1      451.1      451.1          0        232        232        232          0          6     213.74          0          0          0          0          0          0          0      12.10          0         13    1212.03       1680      35.14         30        1.2       1.16       41.7       37.9       0.00       0.00       0.00       0.00          0 
10-01-2014 01:36:40    3925.88    5139.42    4104.95    5141.00      452.0      452.0      452.0          0        232        232        232          0          5     213.74          0          0          0          0          0          0          0      12.10          0          8    1211.44       1531      35.08         40        1.2       1.16       41.8       37.9       0.00       0.00       0.00       0.00          0 
10-01-2014 01:36:50    3925.88    5139.42    4104.95    5141.00      451.9      451.9      451.9          0        232        232        232          0          7     213.74          0          0          0          0          0          0          0      12.10          0         11    1210.82       1429      35.09         39        1.2       1.16       41.7       37.9       0.00       0.00       0.00       0.00          0 
10-01-2014 01:37:00    3925.88    5139.42    4104.95    5141.00      452.2      452.2      452.2          0        232        232        232          0          6     213.74          0          0          0          0          0          0          0      12.10          0          7    1210.28       1282      35.17         47        1.2       1.16       41.8       37.9       0.00       0.00       0.00       0.00          0 
10-01-2014 01:37:10    3925.88    5139.42    4104.95    5141.00      451.4      451.4      451.4          0        232        232        232          0          6     213.74          0          0          0          0          0          0          0      12.10          0         12    1211.24       1298      35.17         39        1.2       1.16       41.7       37.9       0.00       0.00       0.00       0.00          0 
10-01-2014 01:37:20    3925.88    5139.42    4104.95    5141.00      451.9      451.9      451.9          0        232        232        232          0          7     213.74          0          0          0          0          0          0          0      12.10          0         14    1211.17       1154      35.15         35        1.2       1.16       41.7       37.9       0.00       0.00       0.00       0.00          0 
10-01-2014 01:37:30    3925.88    5139.42    4104.95    5141.00      452.1      452.1      452.1          0        232        232        232          0          6     213.74          0          0          0          0          0          0          0      12.10          0          8    1209.42       1380      35.13         27        1.2       1.16       41.8       37.9       0.00       0.00       0.00       0.00          0 
10-01-2014 01:37:40    3925.88    5139.42    4104.95    5141.00      452.5      452.5      452.5          0        232        232        232          0          5     213.74          0          0          0          0          0          0          0      12.10          0          9    1209.82       1424      35.10         32        1.2       1.16       41.7       37.9       0.00       0.00       0.00       0.00          0 
10-01-2014 01:37:50    3925.88    5139.42    4104.95    5141.00      451.8      451.8      451.8          0        232        232        232          0          6     213.74          0          0          0          0          0          0          0      12.10          0         15    1210.16       1298      35.14         28        1.2       1.16       41.7       37.9       0.00       0.00       0.00       0.00          0 
10-01-2014 01:38:00    3925.88    5139.42    4104.95    5141.00      452.3      452.3      452.3          0        232        232        232          0          5     213.74          0          0          0          0          0          0          0      12.10          0          8    1209.73       1062      35.17         29        1.2       1.16       41.7       37.9       0.00       0.00       0.00       0.00          0 
10-01-2014 01:38:10    3925.88    5139.42    4104.95    5141.00      452.2      452.2      452.2          0        232        232        232          0          5     213.74          0          0          0          0          0          0          0      12.10          0         12    1209.98       1108      35.16         26        1.2       1.16       41.7       37.9       0.00       0.00       0.00       0.00          0 
10-01-2014 01:38:20    3925.88    5139.42    4104.95    5141.00      451.6      451.6      451.6          0        232        232        232          0          6     213.74          0          0          0          0          0          0          0      12.10          0         14    1210.58       1089      35.16         26        1.2       1.16       41.7       37.9       0.00       0.00       0.00       0.00          0 
10-01-2014 01:38:30    3925.88    5139.42    4104.95    5141.00      451.9      451.9      451.9          0        232        232        232          0          5     213.74          0          0          0          0          0          0          0      12.10          0         15    1209.87       1035      35.15         24        1.2       1.16       41.7       37.9       0.00       0.00       0.00       0.00          0 
10-01-2014 01:38:40    3925.88    5139.42    4104.95    5141.00      452.7      452.7      452.7          0        232        232        232          0          6     213.74          0          0          0          0          0          0          0      12.10          0         10    1210.46       1112      35.14         21        1.2       1.16       41.8       37.9       0.00       0.00       0.00       0.00          0 
10-01-2014 01:38:50    3925.88    5139.42    4104.95    5141.00      452.4      452.4      452.4          0        232        232        232          0          7     213.74          0          0          0          0          0          0          0      12.10          0          9    1210.27       1313      35.16         24        1.2       1.16       41.7       37.9       0.00       0.00       0.00       0.00          0 
10-01-2014 01:39:00    3925.88    5139.42    4104.95    5141.00      452.1      452.1      452.1          0        232        232        232          0          5     213.74          0          0          0          0          0          0          0      12.10          0         11    1210.11       1431      35.17         26        1.2       1.16       41.7       37.9       0.00       0.00       0.00       0.00          0 
10-01-2014 01:39:10    3925.88    5139.42    4104.95    5141.00      452.4      452.4      452.4          0        233        232        232          0          6     213.74          0          0          0          0          0          0          0      12.10          0          9    1209.40       1303      35.13         29        1.2       1.16       41.7       37.9       0.00       0.00       0.00       0.00          0 
10-01-2014 01:39:20    3925.88    5139.42    4104.95    5141.00      452.5      452.5      452.5          0        233        232        232          0          5     213.74          0          0          0          0          0          0          0      12.10          0         13    1211.24       1434      35.18         33        1.2       1.16       41.7       37.9       0.00       0.00       0.00       0.00          0 
10-01-2014 01:39:30    3925.88    5139.42    4104.95    5141.00      452.7      452.7      452.7          0        232        232        232          0          5     213.74          0          0          0          0          0          0          0      12.10          0         13    1210.94       1319      35.19         33        1.2       1.16       41.8       37.9       0.00       0.00       0.00       0.00          0 
10-01-2014 01:39:40    3925.88    5139.42    4104.95    5141.00      452.2      452.2      452.2          0        232        232        232          0          7     213.74          0          0          0          0          0          0          0      12.10          0          9    1209.61       1277      35.17         36        1.2       1.16       41.8       37.9       0.00       0.00       0.00       0.00          0 
10-01-2014 01:39:50    3925.88    5139.42    4104.95    5141.00      452.1      452.1      452.1          0        233        232        232          0          5     213.74          0          0          0          0          0          0          0      12.10          0         12    1210.02       1195      35.09         42        1.2       1.16       41.7       37.9       0.00       0.00       0.00       0.00          0 
10-01-2014 01:40:00    3925.88    5139.42    4104.95    5141.00      452.0      452.0      452.0          0        232        232        232          0          4     213.74          0          0          0          0          0          0          0      12.10          0          8    1211.31       1136      35.09         37        1.2       1.16       41.7       37.9       0.00       0.00       0.00       0.00          0 
10-01-2014 01:40:10    3925.88    5139.42    4104.95    5141.00      451.4      451.4      451.4          0        232        232        232          0          4     213.74          0          0          0          0          0          0          0      12.10          0         12    1209.40       1166      35.11         40        1.2       1.16       41.8       37.9       0.00       0.00       0.00       0.00          0 
10-01-2014 01:40:20    3925.88    5139.42    4104.95    5141.00      451.9      451.9      451.9          0        232        232        232          0          5     213.74          0          0          0          0          0          0          0      12.10          0         13    1209.36       1284      35.13         33        1.2       1.16       41.7       37.9       0.00       0.00       0.00       0.00          0 
10-01-2014 01:40:30    3925.88    5139.42    4104.95    5141.00      451.9      451.9      451.9          0        234        232        232          0          5     213.74          0          0          0          0          0          0          0      12.10          0         13    1211.65       1438      35.20         40        1.2       1.16       41.7       37.9       0.00       0.00       0.00       0.00          0 
10-01-2014 01:40:40    3925.88    5139.42    4104.95    5141.00      452.2      452.2      452.2          0        234        232        232          0          5     213.74          0          0          0          0          0          0          0      12.10          0         15    1216.31       2042      34.89         79        1.2       1.16       41.8       37.9       0.00       0.00       0.00       0.00          0 
10-01-2014 01:40:50    3925.88    5139.42    4104.95    5141.00      452.5      452.5      452.5          0        232        232        232          0          5     213.74          0          0          0          0          0          0          0      12.10          0          8    1214.82       2169      34.85         82        1.2       1.16       41.8       37.9       0.00       0.00       0.00       0.00          0 
10-01-2014 01:41:00    3925.88    5139.42    4104.95    5141.00      451.8      451.8      451.8          0        233        232        232          0          5     213.74          0          0          0          0          0          0          0      12.10          0         14    1213.39       2236      35.10        122        1.2       1.16       41.7       37.9       0.00       0.00       0.00       0.00          0 
10-01-2014 01:41:10    3925.88    5139.42    4104.95    5141.00      451.3      451.3      451.3          0        232        232        232          0          5     213.74          0          0          0          0          0          0          0      12.10          0         13    1214.59       2129      35.15        128        1.2       1.16       41.7       37.9       0.00       0.00       0.00       0.00          0 
10-01-2014 01:41:20    3925.88    5139.42    4104.95    5141.00      451.4      451.4      451.4          0        232        232        232          0          5     213.74          0          0          0          0          0          0          0      12.10          0         12    1215.33       2145      35.09        125        1.2       1.16       41.7       37.9       0.00       0.00       0.00       0.00          0 
10-01-2014 01:41:30    3925.88    5139.42    4104.95    5141.00      451.4      451.4      451.4          0        232        232        232          0          5     213.74          0          0          0          0          0          0          0      12.10          0         15    1214.96       1446      35.08         95        1.2       1.16       41.7       37.9       0.00       0.00       0.00       0.00          0 
10-01-2014 01:41:40    3925.88    5139.42    4104.95    5141.00      451.6      451.6      451.6          0        232        232        232          0          4     213.74          0          0          0          0          0          0          0      12.10          0          7    1215.57       1269      35.12         84        1.2       1.16       41.7       37.9       0.00       0.00       0.00       0.00          0 
10-01-2014 01:41:50    3925.88    5139.42    4104.95    5141.00      451.0      451.0      451.0          0        232        232        232          0          5     213.74          0          0          0          0          0          0          0      12.10          0          9    1214.79       1329      35.14         66        1.2       1.16       41.7       37.9       0.00       0.00       0.00       0.00          0 
10-01-2014 01:42:00    3925.88    5139.42    4104.95    5141.00      451.1      451.1      451.1          0        232        232        232          0          5     213.74          0          0          0          0          0          0          0      12.10          0         15    1215.99       1405      35.14         38        1.2       1.16       41.7       37.9       0.00       0.00       0.00       0.00          0 
10-01-2014 01:42:10    3925.88    5139.42    4104.95    5141.00      451.3      451.3      451.3          0        232        232        232          0          4     213.74          0          0          0          0          0          0          0      12.10          0         12    1216.07       1630      35.12         33        1.2       1.16       41.7       37.9       0.00       0.00       0.00       0.00          0 
10-01-2014 01:42:20    3925.88    5139.42    4104.95    5141.00      451.5      451.5      451.5          0        232        232        232          0          5     213.74          0          0          0          0          0          0          0      12.10          0         14    1216.97       1625      35.11         25        1.2       1.16       41.8       37.9       0.00       0.00       0.00       0.00          0 
10-01-2014 01:42:30    3925.88    5139.42    4104.95    5141.00      451.5      451.5      451.5          0        232        232        232          0          4     213.74          0          0          0          0          0          0          0      12.10          0         10    1215.45       1743      35.04         29        1.2       1.16       41.7       37.9       0.00       0.00       0.00       0.00          0 
10-01-2014 01:42:40    3925.88    5139.42    4104.95    5141.00      450.8      450.8      450.8          0        232        232        232          0          3     213.74          0          0          0          0          0          0          0      12.10          0         12    1214.67       1662      35.09         31        1.2       1.16       41.7       37.9       0.00       0.00       0.00       0.00          0 
10-01-2014 01:42:50    3925.88    5139.42    4104.95    5141.00      451.3      451.3      451.3          0        232        232        232          0          4     213.74          0          0          0          0          0          0          0      12.10          0          9    1214.10       1437      35.16         39        1.2       1.16       41.7       37.9       0.00       0.00       0.00       0.00          0 
10-01-2014 01:43:00    3925.88    5139.42    4104.95    5141.00      451.2      451.2      451.2          0        232        232        232          0          4     213.74          0          0          0          0          0          0          0      12.10          0         11    1215.13       1172      35.16         33        1.2       1.16       41.8       37.9       0.00       0.00       0.00       0.00          0 
10-01-2014 01:43:10    3925.88    5139.42    4104.95    5141.00      451.4      451.4      451.4          0        232        232        232          0          4     213.74          0          0          0          0          0          0          0      12.10          0          9    1214.72        982      35.14         45        1.2       1.16       41.7       37.9       0.00       0.00       0.00       0.00          0 
10-01-2014 01:43:20    3925.88    5139.42    4104.95    5141.00      451.3      451.3      451.3          0        232        232        232          0          5     213.74          0          0          0          0          0          0          0      12.10          0         14    1215.98       1060      35.14         41        1.2       1.16       41.7       37.9       0.00       0.00       0.00       0.00          0 
10-01-2014 01:43:30    3925.88    5139.42    4104.95    5141.00      451.9      451.9      451.9          0        232        232        232          0          5     213.74          0          0          0          0          0          0          0      12.10          0          8    1216.44       1089      35.14         29        1.2       1.16       41.7       37.9       0.00       0.00       0.00       0.00          0 
10-01-2014 01:43:40    3925.88    5139.42    4104.95    5141.00      451.2      451.2      451.2          0        233        232        232          0          5     213.74          0          0          0          0          0          0          0      12.10          0         11    1215.76       1315      35.09         23        1.2       1.16       41.7       37.9       0.00       0.00       0.00       0.00          0 
10-01-2014 01:43:50    3925.88    5139.42    4104.95    5141.00      451.3      451.3      451.3          0        234        232        232          0          5     213.74          0          0          0          0          0          0          0      12.10          0         16    1216.40       1273      35.09         23        1.2       1.16       41.7       37.9       0.00       0.00       0.00       0.00          0 
10-01-2014 01:44:00    3925.88    5139.42    4104.95    5141.00      451.0      451.0      451.0          0        232        232        232          0          4     213.74          0          0          0          0          0          0          0      12.10          0          7    1217.02       1380      35.14         24        1.2       1.16       41.7       37.9       0.00       0.00       0.00       0.00          0 
10-01-2014 01:44:10    3925.88    5139.42    4104.95    5141.00      450.9      450.9      450.9          0        232        232        232          0          5     213.74          0          0          0          0          0          0          0      12.10          0         13    1215.79       1599      35.14         20        1.2       1.16       41.8       37.9       0.00       0.00       0.00       0.00          0 
10-01-2014 01:44:20    3925.88    5139.42    4104.95    5141.00      451.6      451.6      451.6          0        232        232        232          0          5     213.74          0          0          0          0          0          0          0      12.10          0         10    1215.28       1321      35.10         26        1.2       1.16       41.7       37.9       0.00       0.00       0.00       0.00          0 
10-01-2014 01:44:30    3925.88    5139.42    4104.95    5141.00      451.3      451.3      451.3          0        232        232        232          0          5     213.74          0          0          0          0          0          0          0      12.10          0          9    1215.94       1209      35.07         32        1.2       1.16       41.8       37.9       0.00       0.00       0.00       0.00          0 
10-01-2014 01:44:40    3925.88    5139.42    4104.95    5141.00      451.1      451.1      451.1          0        232        232        232          0          4     213.74          0          0          0          0          0          0          0      12.10          0         12    1216.25       1135      35.10         39        1.2       1.16       41.8       37.9       0.00       0.00       0.00       0.00          0 
10-01-2014 01:44:50    3925.88    5139.42    4104.95    5141.00      451.4      451.4      451.4          0        232        232        232          0          5     213.74          0          0          0          0          0          0          0      12.10          0         13    1217.08       1209      35.11         31        1.2       1.16       41.7       37.9       0.00       0.00       0.00       0.00          0 
10-01-2014 01:45:00    3925.88    5139.42    4104.95    5141.00      451.0      451.0      451.0          0        232        232        232          0          4     213.74          0          0          0          0          0          0          0      12.10          0         10    1215.61       1062      35.17         42        1.2       1.16       41.7       37.9       0.00       0.00       0.00       0.00          0 
10-01-2014 01:45:10    3925.88    5139.42    4104.95    5141.00      451.5      451.5      451.5          0        232        232        232          0          4     213.74          0          0          0          0          0          0          0      12.10          0         12    1215.96       1002      35.13         41        1.2       1.16       41.7       37.9       0.00       0.00       0.00       0.00          0 
10-01-2014 01:45:20    3925.88    5139.42    4104.95    5141.00      451.3      451.3      451.3          0        232        232        232          0          5     213.74          0          0          0          0          0          0          0      12.10          0          8    1216.50       1015      35.12         35        1.2       1.16       41.8       37.9       0.00       0.00       0.00       0.00          0 
10-01-2014 01:45:30    3925.88    5139.42    4104.95    5141.00      451.3      451.3      451.3          0        232        232        232          0          5     213.74          0          0          0          0          0          0          0      12.10          0         15    1216.47        822      35.16         34        1.2       1.16       41.7       37.9       0.00       0.00       0.00       0.00          0 
10-01-2014 01:45:40    3925.88    5139.42    4104.95    5141.00      451.6      451.6      451.6          0        232        232        232          0          6     213.74          0          0          0          0          0          0          0      12.10          0         14    1216.05        893      35.16         33        1.2       1.16       41.7       37.9       0.00       0.00       0.00       0.00          0 
10-01-2014 01:45:50    3925.88    5139.42    4104.95    5141.00      451.2      451.2      451.2          0        232        232        232          0          5     213.74          0          0          0          0          0          0          0      12.10          0         10    1216.05        949      35.13         29        1.2       1.16       41.7       37.9       0.00       0.00       0.00       0.00          0 
10-01-2014 01:46:00    3925.88    5139.42    4104.95    5141.00      451.7      451.7      451.7          0        232        232        232          0          6     213.74          0          0          0          0          0          0          0      12.10          0         13    1215.87        953      35.12         25        1.2       1.16       41.7       37.9       0.00       0.00       0.00       0.00          0 
10-01-2014 01:46:10    3925.88    5139.42    4104.95    5141.00      450.9      450.9      450.9          0        232        232        232          0          6     213.74          0          0          0          0          0          0          0      12.10          0         13    1216.05       1070      34.98         45        1.2       1.16       41.7       37.9       0.00       0.00       0.00       0.00          0 
10-01-2014 01:46:20    3925.88    5139.42    4104.95    5141.00      451.2      451.2      451.2          0        232        232        232          0          5     213.74          0          0          0          0          0          0          0      12.10          0         11    1216.02       1210      35.06         55        1.2       1.16       41.7       37.9       0.00       0.00       0.00       0.00          0 
10-01-2014 01:46:30    3925.88    5139.42    4104.95    5141.00      451.6      451.6      451.6          0        232        232        232          0          6     213.74          0          0          0          0          0          0          0      12.10          0         10    1216.35       1163      35.16         64        1.2       1.16       41.7       37.9       0.00       0.00       0.00       0.00          0 
10-01-2014 01:46:40    3925.88    5139.42    4104.95    5141.00      450.8      450.8      450.8          0        232        232        232          0          5     213.74          0          0          0          0          0          0          0      12.10          0          9    1215.53       1006      35.16         59        1.2       1.16       41.7       37.9       0.00       0.00       0.00       0.00          0 
10-01-2014 01:46:50    3925.88    5139.42    4104.95    5141.00      451.6      451.6      451.6          0        232        232        232          0          4     213.74          0          0          0          0          0          0          0      12.10          0         15    1215.88        969      35.17         61        1.2       1.16       41.7       37.9       0.00       0.00       0.00       0.00          0 
10-01-2014 01:47:00    3925.88    5139.42    4104.95    5141.00      451.3      451.3      451.3          0        232        232        232          0          5     213.74          0          0          0          0          0          0          0      12.10          0          5    1216.72       1221      35.21         59        1.2       1.16       41.7       37.9       0.00       0.00       0.00       0.00          0 
10-01-2014 01:47:10    3925.88    5139.42    4104.95    5141.00      451.3      451.3      451.3          0        232        232        232          0          5     213.74          0          0          0          0          0          0          0      12.10          0         13    1215.01       1267      35.16         50        1.2       1.16       41.7       37.8       0.00       0.00       0.00       0.00          0 
10-01-2014 01:47:20    3925.88    5139.42    4104.95    5141.00      451.4      451.4      451.4          0        233        244        244          0          5     213.74          0          0          0          0          0          0          0      12.10          0         14    1216.26       1381      35.13         30        1.2       1.16       41.7       37.9       0.00       0.00       0.00       0.00          0 
10-01-2014 01:47:30    3925.88    5139.42    4104.95    5141.00      451.2      451.2      451.2          0        232        232        232          0          4     213.74          0          0          0          0          0          0          0      12.10          0         14    1216.77       1382      35.08         37        1.2       1.16       41.7       37.9       0.00       0.00       0.00       0.00          0 
10-01-2014 01:47:40    3925.88    5139.42    4104.95    5141.00      451.4      451.4      451.4          0        232        232        232          0          4     213.74          0          0          0          0          0          0          0      12.10          0         12    1215.32       1489      35.08         37        1.2       1.16       41.7       37.9       0.00       0.00       0.00       0.00          0 
10-01-2014 01:47:50    3925.88    5139.42    4104.95    5141.00      451.3      451.3      451.3          0        232        232        232          0          3     213.74          0          0          0          0          0          0          0      12.10          0         10    1214.92       1395      35.15         40        1.2       1.16       41.7       37.9       0.00       0.00       0.00       0.00          0 
10-01-2014 01:48:00    3925.88    5139.42    4104.95    5141.00      451.2      451.2      451.2          0        232        232        232          0          5     213.74          0          0          0          0          0          0          0      12.10          0          9    1215.36       1099      35.17         40        1.2       1.16       41.7       37.9       0.00       0.00       0.00       0.00          0 
10-01-2014 01:48:10    3925.88    5139.42    4104.95    5141.00      451.0      451.0      451.0          0        232        232        232          0          5     213.74          0          0          0          0          0          0          0      12.10          0         10    1216.08        903      35.12         49        1.2       1.16       41.8       37.9       0.00       0.00       0.00       0.00          0 
10-01-2014 01:48:20    3925.88    5139.42    4104.95    5141.00      451.3      451.3      451.3          0        232        232        232          0          4     213.74          0          0          0          0          0          0          0      12.10          0          9    1215.52       1000      35.15         41        1.2       1.16       41.7       37.9       0.00       0.00       0.00       0.00          0 
10-01-2014 01:48:30    3925.88    5139.42    4104.95    5141.00      451.1      451.1      451.1          0        232        232        232          0          4     213.74          0          0          0          0          0          0          0      12.10          0         14    1216.58        976      35.09         51        1.2       1.16       41.7       37.9       0.00       0.00       0.00       0.00          0 
10-01-2014 01:48:40    3925.88    5139.42    4104.95    5141.00      451.0      451.0      451.0          0        232        232        232          0          4     213.74          0          0          0          0          0          0          0      12.10          0          7    1216.46        983      35.03         62        1.2       1.16       41.7       37.9       0.00       0.00       0.00       0.00          0 
10-01-2014 01:48:50    3925.88    5139.42    4104.95    5141.00      451.1      451.1      451.1          0        232        232        232          0          4     213.74          0          0          0          0          0          0          0      12.10          0         13    1216.23       1176      35.04         50        1.2       1.16       41.7       37.9       0.00       0.00       0.00       0.00          0 
10-01-2014 01:49:00    3925.88    5139.42    4104.95    5141.00      451.1      451.1      451.1          0        232        232        232          0          4     213.74          0          0          0          0          0          0          0      12.10          0          9    1216.22       1346      35.03         41        1.2       1.16       41.7       37.9       0.00       0.00       0.00       0.00          0 
10-01-2014 01:49:10    3925.88    5139.42    4104.95    5141.00      451.4      451.4      451.4          0        232        232        232          0          3     213.74          0          0          0          0          0          0          0      12.10          0         14    1216.22       1534      34.99         37        1.2       1.16       41.7       37.9       0.00       0.00       0.00       0.00          0 
10-01-2014 01:49:20    3925.88    5139.42    4104.95    5141.00      451.1      451.1      451.1          0        232        232        232          0          4     213.74          0          0          0          0          0          0          0      12.10          0         11    1215.66       1464      35.00         37        1.2       1.16       41.7       37.9       0.00       0.00       0.00       0.00          0 
10-01-2014 01:49:30    3925.88    5139.42    4104.95    5141.00      451.0      451.0      451.0          0        232        232        232          0          4     213.74          0          0          0          0          0          0          0      12.10          0          6    1215.57       1597      34.97         22        1.2       1.16       41.7       37.9       0.00       0.00       0.00       0.00          0 
10-01-2014 01:49:40    3925.88    5139.42    4104.95    5141.00      450.9      450.9      450.9          0        232        232        232          0          4     213.74          0          0          0          0          0          0          0      12.10          0          8    1215.11       1462      34.99         21        1.2       1.16       41.7       37.9       0.00       0.00       0.00       0.00          0 
10-01-2014 01:49:50    3925.88    5139.42    4104.95    5141.00      451.0      451.0      451.0          0        232        232        232          0          4     213.74          0          0          0          0          0          0          0      12.10          0         13    1216.33       1468      35.03         26        1.2       1.16       41.7       37.9       0.00       0.00       0.00       0.00          0 
10-01-2014 01:50:00    3925.88    5139.42    4104.95    5141.00      451.2      451.2      451.2          0        232        232        232          0          4     213.74          0          0          0          0          0          0          0      12.10          0         12    1215.70       1524      35.02         27        1.2       1.16       41.7       37.9       0.00       0.00       0.00       0.00          0 
10-01-2014 01:50:10    3925.88    5139.42    4104.95    5141.00      450.9      450.9      450.9          0        235        244        244          0          5     213.74          0          0          0          0          0          0          0      12.10          0          9    1215.55       1489      34.94         36        1.2       1.16       41.7       37.9       0.00       0.00       0.00       0.00          0 
10-01-2014 01:50:20    3925.88    5139.42    4104.95    5141.00      451.3      451.3      451.3          0        233        232        232          0          5     213.74          0          0          0          0          0          0          0      12.10          0         14    1216.82       1481      34.89         43        1.2       1.16       41.7       37.9       0.00       0.00       0.00       0.00          0 
10-01-2014 01:50:30    3925.88    5139.42    4104.95    5141.00      451.1      451.1      451.1          0        232        232        232          0          5     213.74          0          0          0          0          0          0          0      12.10          0         11    1215.19       1552      35.10         78        1.2       1.16       41.7       37.9       0.00       0.00       0.00       0.00          0 
10-01-2014 01:50:40    3925.88    5139.42    4104.95    5141.00      451.4      451.4      451.4          0        232        232        232          0          4     213.74          0          0          0          0          0          0          0      12.10          0         14    1215.85       1539      35.03         83        1.2       1.16       41.8       37.9       0.00       0.00       0.00       0.00          0 
10-01-2014 01:50:50    3925.88    5139.42    4104.95    5141.00      451.3      451.3      451.3          0        232        232        232          0          3     213.74          0          0          0          0          0          0          0      12.10          0         13    1216.97       1485      35.03         82        1.2       1.16       41.7       37.9       0.00       0.00       0.00       0.00          0 
10-01-2014 01:51:00    3925.88    5139.42    4104.95    5141.00      450.9      450.9      450.9          0        232        232        232          0          3     213.74          0          0          0          0          0          0          0      12.10          0         10    1216.54       1363      35.03         78        1.2       1.16       41.7       37.9       0.00       0.00       0.00       0.00          0 
10-01-2014 01:51:10    3925.88    5139.42    4104.95    5141.00      451.4      451.4      451.4          0        232        232        232          0          3     213.74          0          0          0          0          0          0          0      12.10          0          9    1215.64       1208      35.11         71        1.2       1.16       41.7       37.9       0.00       0.00       0.00       0.00          0 
10-01-2014 01:51:20    3925.88    5139.42    4104.95    5141.00      451.0      451.0      451.0          0        232        232        232          0          2     213.74          0          0          0          0          0          0          0      12.10          0         15    1216.18       1123      35.11         54        1.2       1.16       41.7       37.9       0.00       0.00       0.00       0.00          0 
10-01-2014 01:51:30    3925.88    5139.42    4104.95    5141.00      451.4      451.4      451.4          0        232        232        232          0          3     213.74          0          0          0          0          0          0          0      12.10          0          8    1215.78       1086      35.13         37        1.2       1.16       41.7       37.9       0.00       0.00       0.00       0.00          0 
10-01-2014 01:51:40    3925.88    5139.42    4104.95    5141.00      450.9      450.9      450.9          0        232        232        232          0          4     213.74          0          0          0          0          0          0          0      12.10          0         12    1215.89        904      35.10         36        1.2       1.16       41.7       37.9       0.00       0.00       0.00       0.00          0 
10-01-2014 01:51:50    3925.88    5139.42    4104.95    5141.00      451.4      451.4      451.4          0        232        232        232          0          4     213.74          0          0          0          0          0          0          0      12.10          0         14    1215.76        727      35.04         41        1.2       1.16       41.7       37.9       0.00       0.00       0.00       0.00          0 
10-01-2014 01:52:00    3925.88    5139.42    4104.95    5141.00      451.0      451.0      451.0          0        232        232        232          0          4     213.74          0          0          0          0          0          0          0      12.10          0         13    1216.18        938      35.04         29        1.2       1.16       41.7       37.9       0.00       0.00       0.00       0.00          0 
10-01-2014 01:52:10    3925.88    5139.42    4104.95    5141.00      451.5      451.5      451.5          0        232        232        232          0          4     213.74          0          0          0          0          0          0          0      12.10          0         12    1216.12        743      35.08         35        1.2       1.16       41.7       37.9       0.00       0.00       0.00       0.00          0 
10-01-2014 01:52:20    3925.88    5139.42    4104.95    5141.00      451.4      451.4      451.4          0        232        232        232          0          3     213.74          0          0          0          0          0          0          0      12.10          0         13    1215.97        652      35.08         28        1.2       1.16       41.7       37.9       0.00       0.00       0.00       0.00          0 
10-01-2014 01:52:30    3925.88    5139.42    4104.95    5141.00      450.8      450.8      450.8          0        236        232        232          0          3     213.74          0          0          0          0          0          0          0      12.10          0         11    1216.41        754      35.09         27        1.2       1.16       41.7       37.9       0.00       0.00       0.00       0.00          0 
10-01-2014 01:52:40    3925.88    5139.42    4104.95    5141.00      451.1      451.1      451.1          0        234        232        232          0          3     213.74          0          0          0          0          0          0          0      12.10          0         13    1216.52        760      35.10         14        1.2       1.16       41.7       37.9       0.00       0.00       0.00       0.00          0 
10-01-2014 01:52:50    3925.88    5139.42    4104.95    5141.00      451.3      451.3      451.3          0        232        232        232          0          3     213.74          0          0          0          0          0          0          0      12.10          0         13    1215.93        834      35.10         14        1.2       1.16       41.7       37.9       0.00       0.00       0.00       0.00          0 
10-01-2014 01:53:00    3925.88    5139.42    4104.95    5141.00      451.3      451.3      451.3          0        232        232        232          0          3     213.74          0          0          0          0          0          0          0      12.10          0          8    1216.82        832      35.08         17        1.2       1.16       41.7       37.9       0.00       0.00       0.00       0.00          0 
10-01-2014 01:53:10    3925.88    5139.42    4104.95    5141.00      451.4      451.4      451.4          0        232        232        232          0          4     213.74          0          0          0          0          0          0          0      12.10          0         14    1215.90        980      35.16         27        1.2       1.16       41.7       37.9       0.00       0.00       0.00       0.00          0 
10-01-2014 01:53:20    3925.88    5139.42    4104.95    5141.00      451.2      451.2      451.2          0        232        232        232          0          4     213.74          0          0          0          0          0          0          0      12.10          0          9    1215.08       1037      35.15         31        1.2       1.16       41.7       37.9       0.00       0.00       0.00       0.00          0 
10-01-2014 01:53:30    3925.88    5139.42    4104.95    5141.00      451.1      451.1      451.1          0        232        232        232          0          3     213.74          0          0          0          0          0          0          0      12.10          0         10    1215.18       1025      35.00         61        1.2       1.16       41.7       37.9       0.00       0.00       0.00       0.00          0 
10-01-2014 01:53:40    3925.88    5139.42    4104.95    5141.00      451.4      451.4      451.4          0        232        232        232          0          4     213.74          0          0          0          0          0          0          0      12.10          0          9    1215.67        900      35.04         66        1.2       1.16       41.7       37.9       0.00       0.00       0.00       0.00          0 
10-01-2014 01:53:50    3925.88    5139.42    4104.95    5141.00      451.0      451.0      451.0          0        232        232        232          0          4     213.74          0          0          0          0          0          0          0      12.10          0         16    1216.57        925      35.07         67        1.2       1.16       41.7       37.9       0.00       0.00       0.00       0.00          0 
10-01-2014 01:54:00    3925.88    5139.42    4104.95    5141.00      451.6      451.6      451.6          0        234        232        232          0          4     213.74          0          0          0          0          0          0          0      12.10          0          9    1215.66        942      35.09         72        1.2       1.16       41.7       37.9       0.00       0.00       0.00       0.00          0 
10-01-2014 01:54:10    3925.88    5139.42    4104.95    5141.00      451.3      451.3      451.3          0        232        232        232          0          5     213.74          0          0          0          0          0          0          0      12.10          0          9    1216.10       1100      35.05         61        1.2       1.16       41.7       37.9       0.00       0.00       0.00       0.00          0 
10-01-2014 01:54:20    3925.88    5139.42    4104.95    5141.00      451.3      451.3      451.3          0        232        232        232          0          4     213.74          0          0          0          0          0          0          0      12.10          0         12    1216.45       1105      35.03         38        1.2       1.16       41.7       37.9       0.00       0.00       0.00       0.00          0 
10-01-2014 01:54:30    3925.88    5139.42    4104.95    5141.00      451.1      451.1      451.1          0        232        232        232          0          3     213.74          0          0          0          0          0          0          0      12.10          0         12    1216.44       1278      35.03         26        1.2       1.16       41.7       37.9       0.00       0.00       0.00       0.00          0 
10-01-2014 01:54:40    3925.88    5139.42    4104.95    5141.00      451.4      451.4      451.4          0        232        232        232          0          3     213.74          0          0          0          0          0          0          0      12.10          0         14    1216.01       1212      35.07         29        1.2       1.16       41.7       37.9       0.00       0.00       0.00       0.00          0 
10-01-2014 01:54:50    3925.88    5139.42    4104.95    5141.00      451.2      451.2      451.2          0        233        232        232          0          5     213.74          0          0          0          0          0          0          0      12.10          0          8    1215.36       1185      35.07         21        1.2       1.16       41.7       37.9       0.00       0.00       0.00       0.00          0 
10-01-2014 01:55:00    3925.88    5139.42    4104.95    5141.00      451.1      451.1      451.1          0        232        232        232          0          4     213.74          0          0          0          0          0          0          0      12.10          0         11    1216.02       1038      35.10         20        1.2       1.16       41.7       37.9       0.00       0.00       0.00       0.00          0 
10-01-2014 01:55:10    3925.88    5139.42    4104.95    5141.00      450.8      450.8      450.8          0        232        232        232          0          5     213.74          0          0          0          0          0          0          0      12.10          0          8    1215.25        981      35.09         18        1.2       1.16       41.7       37.9       0.00       0.00       0.00       0.00          0 
10-01-2014 01:55:20    3925.88    5139.42    4104.95    5141.00      450.9      450.9      450.9          0        232        232        232          0          4     213.74          0          0          0          0          0          0          0      12.10          0         14    1215.18        907      35.07         21        1.2       1.16       41.7       37.9       0.00       0.00       0.00       0.00          0 
10-01-2014 01:55:30    3925.88    5139.42    4104.95    5141.00      451.1      451.1      451.1          0        232        232        232          0          6     213.74          0          0          0          0          0          0          0      12.10          0         13    1214.19        987      35.06         21        1.2       1.16       41.7       37.9       0.00       0.00       0.00       0.00          0 
10-01-2014 01:55:40    3925.88    5139.42    4104.95    5141.00      451.6      451.6      451.6          0        232        232        232          0          4     213.74          0          0          0          0          0          0          0      12.10          0         12    1208.92       1661      35.06         22        1.2       1.16       41.7       37.9       0.00       0.00       0.00       0.00          0 
10-01-2014 01:55:50    3925.88    5139.42    4104.95    5141.00      451.6      451.6      451.6          0        232        232        232          0          4     213.74          0          0          0          0          0          0          0      12.10          0         13    1207.79       1918      35.05         18        1.2       1.16       41.7       37.9       0.00       0.00       0.00       0.00          0 
10-01-2014 01:56:00    3925.88    5139.42    4104.95    5141.00      451.4      451.4      451.4          0        232        232        232          0          3     213.74          0          0          0          0          0          0          0      12.10          0          9    1208.50       1880      35.06         17        1.2       1.16       41.7       37.9       0.00       0.00       0.00       0.00          0 
10-01-2014 01:56:10    3925.88    5139.42    4104.95    5141.00      451.5      451.5      451.5          0        232        232        232          0          4     213.74          0          0          0          0          0          0          0      12.10          0         13    1210.30       2105      35.05         17        1.2       1.16       41.7       37.9       0.00       0.00       0.00       0.00          0 
10-01-2014 01:56:20    3925.88    5139.42    4104.95    5141.00      451.9      451.9      451.9          0        232        232        232          0          5     213.74          0          0          0          0          0          0          0      12.10          0         15    1210.62       1962      35.02         21        1.2       1.16       41.7       37.8       0.00       0.00       0.00       0.00          0 
10-01-2014 01:56:30    3925.88    5139.42    4104.95    5141.00      451.9      451.9      451.9          0        232        232        232          0          4     213.74          0          0          0          0          0          0          0      12.10          0         15    1208.18       1953      35.12         37        1.2       1.16       41.7       37.9       0.00       0.00       0.00       0.00          0 
10-01-2014 01:56:40    3925.88    5139.42    4104.95    5141.00      451.8      451.8      451.8          0        232        232        232          0          4     213.74          0          0          0          0          0          0          0      12.10          0         10    1210.45       1690      35.11         40        1.2       1.16       41.7       37.8       0.00       0.00       0.00       0.00          0 
10-01-2014 01:56:50    3925.88    5139.42    4104.95    5141.00      451.9      451.9      451.9          0        232        232        232          0          3     213.74          0          0          0          0          0          0          0      12.10          0         15    1209.08       1897      35.04         53        1.2       1.16       41.7       37.9       0.00       0.00       0.00       0.00          0 
10-01-2014 01:57:00    3925.88    5139.42    4104.95    5141.00      452.2      452.2      452.2          0        232        232        232          0          4     213.74          0          0          0          0          0          0          0      12.10          0         12    1207.40       1879      34.99         60        1.2       1.16       41.7       37.9       0.00       0.00       0.00       0.00          0 
10-01-2014 01:57:10    3925.88    5139.42    4104.95    5141.00      451.6      451.6      451.6          0        232        232        232          0          4     213.74          0          0          0          0          0          0          0      12.10          0         10    1208.44       1881      35.05         63        1.2       1.16       41.7       37.9       0.00       0.00       0.00       0.00          0 
10-01-2014 01:57:20    3925.88    5139.42    4104.95    5141.00      452.3      452.3      452.3          0        232        232        232          0          4     213.74          0          0          0          0          0          0          0      12.10          0         10    1208.77       1588      35.12         60        1.2       1.16       41.7       37.9       0.00       0.00       0.00       0.00          0 
10-01-2014 01:57:30    3925.88    5139.42    4104.95    5141.00      452.1      452.1      452.1          0        232        232        232          0          3     213.74          0          0          0          0          0          0          0      12.10          0         12    1208.03       1501      35.09         52        1.2       1.16       41.7       37.9       0.00       0.00       0.00       0.00          0 
10-01-2014 01:57:40    3925.88    5139.42    4104.95    5141.00      452.3      452.3      452.3          0        234        232        232          0          3     213.74          0          0          0          0          0          0          0      12.10          0         13    1206.97       1387      35.06         47        1.2       1.16       41.7       37.9       0.00       0.00       0.00       0.00          0 
10-01-2014 01:57:50    3925.88    5139.42    4104.95    5141.00      452.1      452.1      452.1          0        232        232        232          0          4     213.74          0          0          0          0          0          0          0      12.10          0         10    1207.55       1416      35.05         39        1.2       1.16       41.7       37.9       0.00       0.00       0.00       0.00          0 
10-01-2014 01:58:00    3925.88    5139.42    4104.95    5141.00      452.1      452.1      452.1          0        232        232        232          0          4     213.74          0          0          0          0          0          0          0      12.10          0         10    1208.00       1250      35.00         43        1.2       1.16       41.7       37.9       0.00       0.00       0.00       0.00          0 
10-01-2014 01:58:10    3925.88    5139.42    4104.95    5141.00      452.3      452.3      452.3          0        232        232        232          0          5     213.74          0          0          0          0          0          0          0      12.10          0          9    1208.18       1077      35.07         41        1.2       1.16       41.7       37.9       0.00       0.00       0.00       0.00          0 
10-01-2014 01:58:20    3925.88    5139.42    4104.95    5141.00      452.7      452.7      452.7          0        232        232        232          0          6     213.74          0          0          0          0          0          0          0      12.10          0         10    1209.37       1159      35.13         52        1.2       1.16       41.7       37.9       0.00       0.00       0.00       0.00          0 
10-01-2014 01:58:30    3925.88    5139.42    4104.95    5141.00      452.4      452.4      452.4          0        232        232        232          0          5     213.74          0          0          0          0          0          0          0      12.10          0         14    1208.70       1059      35.06         62        1.2       1.16       41.7       37.9       0.00       0.00       0.00       0.00          0 
10-01-2014 01:58:40    3925.88    5139.42    4104.95    5141.00      452.4      452.4      452.4          0        232        232        232          0          4     213.74          0          0          0          0          0          0          0      12.10          0         13    1208.27        925      35.07         56        1.2       1.16       41.7       37.9       0.00       0.00       0.00       0.00          0 
10-01-2014 01:58:50    3925.88    5139.42    4104.95    5141.00      452.3      452.3      452.3          0        232        232        232          0          5     213.74          0          0          0          0          0          0          0      12.10          0          7    1206.78       1049      35.03         53        1.2       1.16       41.7       37.9       0.00       0.00       0.00       0.00          0 
10-01-2014 01:59:00    3925.88    5139.42    4104.95    5141.00      452.0      452.0      452.0          0        232        232        232          0          5     213.74          0          0          0          0          0          0          0      12.10          0          9    1208.65       1310      35.04         51        1.2       1.16       41.7       37.9       0.00       0.00       0.00       0.00          0 
10-01-2014 01:59:10    3925.88    5139.42    4104.95    5141.00      452.2      452.2      452.2          0        232        232        232          0          5     213.74          0          0          0          0          0          0          0      12.10          0         16    1209.52       1273      35.06         32        1.2       1.16       41.7       37.9       0.00       0.00       0.00       0.00          0 
10-01-2014 01:59:20    3925.88    5139.42    4104.95    5141.00      452.4      452.4      452.4          0        232        232        232          0          5     213.74          0          0          0          0          0          0          0      12.10          0          9    1208.79       1317      35.08         28        1.2       1.16       41.7       37.9       0.00       0.00       0.00       0.00          0 
10-01-2014 01:59:30    3925.88    5139.42    4104.95    5141.00      452.0      452.0      452.0          0        232        232        232          0          5     213.74          0          0          0          0          0          0          0      12.10          0         12    1209.27       1462      35.07         20        1.2       1.16       41.7       37.9       0.00       0.00       0.00       0.00          0 
10-01-2014 01:59:40    3925.88    5139.42    4104.95    5141.00      451.6      451.6      451.6          0        232        232        232          0          6     213.74          0          0          0          0          0          0          0      12.10          0          7    1209.63       1580      35.01         31        1.2       1.16       41.7       37.9       0.00       0.00       0.00       0.00          0 
10-01-2014 01:59:50    3925.88    5139.42    4104.95    5141.00      451.9      451.9      451.9          0        232        232        232          0          7     213.74          0          0          0          0          0          0          0      12.10          0         13    1210.10       1261      35.02         25        1.2       1.16       41.7       37.9       0.00       0.00       0.00       0.00          0 
10-01-2014 02:00:00    3925.88    5139.42    4104.95    5141.00      451.9      451.9      451.9          0        232        232        232          0          6     213.74          0          0          0          0          0          0          0      12.10          0         13    1210.30       1332      35.06         31        1.2       1.16       41.7       37.9       0.00       0.00       0.00       0.00          0 
10-01-2014 02:00:10    3925.88    5139.42    4104.95    5141.00      452.2      452.2      452.2          0        232        232        232          0          5     213.74          0          0          0          0          0          0          0      12.10          0          9    1211.38       1199      34.91         54        1.2       1.16       41.6       37.9       0.00       0.00       0.00       0.00          0 
10-01-2014 02:00:20    3925.88    5139.42    4104.95    5141.00      451.7      451.7      451.7          0        232        232        232          0          4     213.74          0          0          0          0          0          0          0      12.10          0         14    1212.71       1176      34.89         59        1.2       1.16       41.7       37.9       0.00       0.00       0.00       0.00          0 
10-01-2014 02:00:30    3925.88    5139.42    4104.95    5141.00      451.8      451.8      451.8          0        232        232        232          0          3     213.74          0          0          0          0          0          0          0      12.10          0         12    1213.07       1184      35.12         92        1.2       1.16       41.7       37.9       0.00       0.00       0.00       0.00          0 
10-01-2014 02:00:40    3925.88    5139.42    4104.95    5141.00      451.8      451.8      451.8          0        232        232        232          0          4     213.74          0          0          0          0          0          0          0      12.10          0         15    1212.96       1048      35.13         89        1.2       1.16       41.7       37.9       0.00       0.00       0.00       0.00          0 
10-01-2014 02:00:50    3925.88    5139.42    4104.95    5141.00      451.5      451.5      451.5          0        232        232        232          0          4     213.74          0          0          0          0          0          0          0      12.10          0          9    1213.77       1083      35.09         92        1.2       1.16       41.6       37.9       0.00       0.00       0.00       0.00          0 
10-01-2014 02:01:00    3925.88    5139.42    4104.95    5141.00      451.7      451.7      451.7          0        233        232        232          0          5     213.74          0          0          0          0          0          0          0      12.10          0         12    1213.44       1040      35.02         81        1.2       1.16       41.7       37.9       0.00       0.00       0.00       0.00          0 
10-01-2014 02:01:10    3925.88    5139.42    4104.95    5141.00      451.8      451.8      451.8          0        232        232        232          0          5     213.74          0          0          0          0          0          0          0      12.10          0         15    1212.83        880      35.12         82        1.2       1.16       41.7       37.9       0.00       0.00       0.00       0.00          0 
10-01-2014 02:01:20    3925.88    5139.42    4104.95    5141.00      450.9      450.9      450.9          0        232        232        232          0          4     213.74          0          0          0          0          0          0          0      12.10          0          9    1213.05        776      35.04         77        1.2       1.16       41.6       37.9       0.00       0.00       0.00       0.00          0 
10-01-2014 02:01:30    3925.88    5139.42    4104.95    5141.00      451.6      451.6      451.6          0        232        232        232          0          3     213.74          0          0          0          0          0          0          0      12.10          0         10    1214.35        941      34.96         70        1.2       1.16       41.7       37.9       0.00       0.00       0.00       0.00          0 
10-01-2014 02:01:40    3925.88    5139.42    4104.95    5141.00      451.4      451.4      451.4          0        232        232        232          0          4     213.74          0          0          0          0          0          0          0      12.10          0         13    1214.02       1121      35.01         78        1.2       1.16       41.7       37.9       0.00       0.00       0.00       0.00          0 
10-01-2014 02:01:50    3925.88    5139.42    4104.95    5141.00      451.4      451.4      451.4          0        232        232        232          0          5     213.74          0          0          0          0          0          0          0      12.10          0         14    1213.94       1088      35.00         68        1.2       1.16       41.7       37.9       0.00       0.00       0.00       0.00          0 
10-01-2014 02:02:00    3925.88    5139.42    4104.95    5141.00      451.2      451.2      451.2          0        232        232        232          0          5     213.74          0          0          0          0          0          0          0      12.10          0         12    1213.48       1277      35.00         61        1.2       1.16       41.7       37.9       0.00       0.00       0.00       0.00          0 
10-01-2014 02:02:10    3925.88    5139.42    4104.95    5141.00      451.3      451.3      451.3          0        232        232        232          0          5     213.74          0          0          0          0          0          0          0      12.10          0          8    1213.40       1488      35.06         55        1.2       1.16       41.7       37.9       0.00       0.00       0.00       0.00          0 
10-01-2014 02:02:20    3925.88    5139.42    4104.95    5141.00      451.2      451.2      451.2          0        232        232        232          0          6     213.74          0          0          0          0          0          0          0      12.10          0         12    1213.50       1347      35.07         34        1.2       1.16       41.7       37.9       0.00       0.00       0.00       0.00          0 
10-01-2014 02:02:30    3925.88    5139.42    4104.95    5141.00      451.5      451.5      451.5          0        232        232        232          0          4     213.74          0          0          0          0          0          0          0      12.10          0         11    1214.06       1240      35.04         24        1.2       1.16       41.7       37.9       0.00       0.00       0.00       0.00          0 
10-01-2014 02:02:40    3925.88    5139.42    4104.95    5141.00      451.4      451.4      451.4          0        232        232        232          0          5     213.74          0          0          0          0          0          0          0      12.10          0          8    1213.80       1058      35.05         21        1.2       1.16       41.6       37.9       0.00       0.00       0.00       0.00          0 
10-01-2014 02:02:50    3925.88    5139.42    4104.95    5141.00      451.7      451.7      451.7          0        232        232        232          0          4     213.74          0          0          0          0          0          0          0      12.10          0         14    1214.13       1090      35.09         28        1.2       1.16       41.7       37.9       0.00       0.00       0.00       0.00          0 
10-01-2014 02:03:00    3925.88    5139.42    4104.95    5141.00      451.0      451.0      451.0          0        232        232        232          0          5     213.74          0          0          0          0          0          0          0      12.10          0          8    1213.86        835      35.11         30        1.2       1.16       41.7       37.9       0.00       0.00       0.00       0.00          0 
10-01-2014 02:03:10    3925.88    5139.42    4104.95    5141.00      451.0      451.0      451.0          0        232        232        232          0          5     213.74          0          0          0          0          0          0          0      12.10          0          9    1212.93        967      35.13         21        1.2       1.16       41.7       37.9       0.00       0.00       0.00       0.00          0 
10-01-2014 02:03:20    3925.88    5139.42    4104.95    5141.00      451.4      451.4      451.4          0        232        232        232          0          3     213.74          0          0          0          0          0          0          0      12.10          0         15    1213.77        954      35.07         28        1.2       1.16       41.7       37.9       0.00       0.00       0.00       0.00          0 
10-01-2014 02:03:30    3925.88    5139.42    4104.95    5141.00      450.9      450.9      450.9          0        232        232        232          0          5     213.74          0          0          0          0          0          0          0      12.10          0         14    1214.67       1063      35.06         27        1.2       1.16       41.7       37.9       0.00       0.00       0.00       0.00          0 
10-01-2014 02:03:40    3925.88    5139.42    4104.95    5141.00      451.1      451.1      451.1          0        232        232        232          0          5     213.74          0          0          0          0          0          0          0      12.10          0          9    1213.30       1246      35.15         36        1.2       1.16       41.7       37.9       0.00       0.00       0.00       0.00          0 
10-01-2014 02:03:50    3925.88    5139.42    4104.95    5141.00      451.0      451.0      451.0          0        232        232        232          0          3     213.74          0          0          0          0          0          0          0      12.10          0         12    1213.95       1304      35.09         42        1.2       1.16       41.7       37.9       0.00       0.00       0.00       0.00          0 
10-01-2014 02:04:00    3925.88    5139.42    4104.95    5141.00      451.5      451.5      451.5          0        232        232        232          0          4     213.74          0          0          0          0          0          0          0      12.10          0         10    1213.84       1205      34.99         60        1.2       1.16       41.7       37.9       0.00       0.00       0.00       0.00          0 
10-01-2014 02:04:10    3925.88    5139.42    4104.95    5141.00      450.7      450.7      450.7          0        232        232        232          0          4     213.74          0          0          0          0          0          0          0      12.10          0          9    1213.47       1221      35.08         71        1.2       1.16       41.7       37.9       0.00       0.00       0.00       0.00          0 
10-01-2014 02:04:20    3925.88    5139.42    4104.95    5141.00      451.7      451.7      451.7          0        232        232        232          0          5     213.74          0          0          0          0          0          0          0      12.10          0         14    1213.39       1182      35.08         64        1.2       1.16       41.7       37.9       0.00       0.00       0.00       0.00          0 
10-01-2014 02:04:30    3925.88    5139.42    4104.95    5141.00      451.4      451.4      451.4          0        232        232        232          0          6     213.74          0          0          0          0          0          0          0      12.10          0          9    1213.76        993      35.09         65        1.2       1.16       41.6       37.9       0.00       0.00       0.00       0.00          0 
10-01-2014 02:04:40    3925.88    5139.42    4104.95    5141.00      451.4      451.4      451.4          0        232        232        232          0          5     213.74          0          0          0          0          0          0          0      12.10          0         14    1213.97        938      35.17         56        1.2       1.16       41.7       37.9       0.00       0.00       0.00       0.00          0 
10-01-2014 02:04:50    3925.88    5139.42    4104.95    5141.00      451.4      451.4      451.4          0        232        232        232          0          4     213.74          0          0          0          0          0          0          0      12.10          0          8    1213.53        910      35.00         70        1.2       1.16       41.7       37.9       0.00       0.00       0.00       0.00          0 
10-01-2014 02:05:00    3925.88    5139.42    4104.95    5141.00      451.1      451.1      451.1          0        233        232        232          0          4     213.74          0          0          0          0          0          0          0      12.10          0         12    1213.09        925      35.00         61        1.2       1.16       41.7       37.9       0.00       0.00       0.00       0.00          0 
10-01-2014 02:05:10    3925.88    5139.42    4104.95    5141.00      451.7      451.7      451.7          0        234        232        232          0          5     213.74          0          0          0          0          0          0          0      12.10          0         10    1212.66       1133      34.99         57        1.2       1.16       41.6       37.9       0.00       0.00       0.00       0.00          0 
10-01-2014 02:05:20    3925.88    5139.42    4104.95    5141.00      451.6      451.6      451.6          0        232        232        232          0          5     213.74          0          0          0          0          0          0          0      12.10          0         10    1212.58       1251      34.98         66        1.2       1.16       41.7       37.9       0.00       0.00       0.00       0.00          0 
10-01-2014 02:05:30    3925.88    5139.42    4104.95    5141.00      451.9      451.9      451.9          0        232        232        232          0          5     213.74          0          0          0          0          0          0          0      12.10          0          8    1212.13       1413      34.98         56        1.2       1.16       41.7       37.9       0.00       0.00       0.00       0.00          0 
10-01-2014 02:05:40    3925.88    5139.42    4104.95    5141.00      451.3      451.3      451.3          0        232        232        232          0          5     213.74          0          0          0          0          0          0          0      12.10          0         12    1210.27       1556      35.02         47        1.2       1.16       41.7       37.9       0.00       0.00       0.00       0.00          0 
10-01-2014 02:05:50    3925.88    5139.42    4104.95    5141.00      451.1      451.1      451.1          0        232        232        232          0          4     213.74          0          0          0          0          0          0          0      12.10          0         14    1209.03       1653      35.09         45        1.2       1.16       41.7       37.9       0.00       0.00       0.00       0.00          0 
10-01-2014 02:06:00    3925.88    5139.42    4104.95    5141.00      451.4      451.4      451.4          0        232        232        232          0          3     213.74          0          0          0          0          0          0          0      12.10          0         10    1209.31       1492      35.06         47        1.2       1.16       41.7       37.9       0.00       0.00       0.00       0.00          0 
10-01-2014 02:06:10    3925.88    5139.42    4104.95    5141.00      451.0      451.0      451.0          0        232        232        232          0          4     213.74          0          0          0          0          0          0          0      12.10          0         14    1206.52       2011      35.10         43        1.2       1.16       41.7       37.9       0.00       0.00       0.00       0.00          0 
10-01-2014 02:06:20    3925.88    5139.42    4104.95    5141.00      451.4      451.4      451.4          0        232        232        232          0          5     213.74          0          0          0          0          0          0          0      12.10          0          5    1198.90       3005      35.03         49        1.2       1.16       41.7       37.9       0.00       0.00       0.00       0.00          0 
10-01-2014 02:06:30    3925.88    5139.42    4104.95    5141.00      452.1      452.1      452.1          0        234        232        232          0          5     213.74          0          0          0          0          0          0          0      12.10          0          8    1194.62       3544      35.03         53        1.2       1.16       41.7       37.9       0.00       0.00       0.00       0.00          0 
10-01-2014 02:06:40    3925.88    5139.42    4104.95    5141.00      451.7      451.7      451.7          0        232        232        232          0          4     213.74          0          0          0          0          0          0          0      12.10          0         15    1190.68       3819      35.10         45        1.2       1.16       41.7       37.9       0.00       0.00       0.00       0.00          0 
10-01-2014 02:06:50    3925.88    5139.42    4104.95    5141.00      451.3      451.3      451.3          0        232        232        232          0          5     213.74          0          0          0          0          0          0          0      12.10          0         12    1184.98       4762      35.07         52        1.2       1.16       41.7       37.9       0.00       0.00       0.00       0.00          0 
10-01-2014 02:07:00    3925.88    5139.42    4104.95    5141.00      451.3      451.3      451.3          0        232        232        232          0          5     213.74          0          0          0          0          0          0          0      12.10          0         16    1176.27       5865      34.97         64        1.2       1.16       41.6       37.9       0.00       0.00       0.00       0.00          0 
10-01-2014 02:07:10    3925.88    5139.42    4104.95    5141.00      451.9      451.9      451.9          0        232        232        232          0          5     213.74          0          0          0          0          0          0          0      12.10          0         10    1170.80       5564      34.95         64        1.2       1.16       41.7       37.9       0.00       0.00       0.00       0.00          0 
10-01-2014 02:07:20    3925.88    5139.42    4104.95    5141.00      451.4      451.4      451.4          0        232        232        232          0          4     213.74          0          0          0          0          0          0          0      12.10          0          8    1166.75       5265      34.98         60        1.2       1.16       41.6       37.9       0.00       0.00       0.00       0.00          0 
10-01-2014 02:07:30    3925.88    5139.42    4104.95    5141.00      452.3      452.3      452.3          0        232        232        232          0          4     213.74          0          0          0          0          0          0          0      12.10          0         15    1161.51       5436      35.03         55        1.2       1.16       41.7       37.9       0.00       0.00       0.00       0.00          0 
10-01-2014 02:07:40    3925.88    5139.42    4104.95    5141.00      451.7      451.7      451.7          0        232        232        232          0          5     213.74          0          0          0          0          0          0          0      12.10          0         13    1153.38       5482      35.05         44        1.2       1.16       41.7       37.9       0.00       0.00       0.00       0.00          0 
10-01-2014 02:07:50    3925.88    5139.42    4104.95    5141.00      451.9      451.9      451.9          0        232        232        232          0          4     213.74          0          0          0          0          0          0          0      12.10          0         12    1148.32       5285      35.01         43        1.2       1.16       41.7       37.9       0.00       0.00       0.00       0.00          0 
10-01-2014 02:08:00    3925.88    5139.42    4104.95    5141.00      452.1      452.1      452.1          0        232        232        232          0          3     213.74          0          0          0          0          0          0          0      12.10          0          8    1141.80       5567      34.98         35        1.2       1.16       41.7       37.9       0.00       0.00       0.00       0.00          0 
10-01-2014 02:08:10    3925.88    5139.42    4104.95    5141.00      451.8      451.8      451.8          0        232        232        232          0          4     213.74          0          0          0          0          0          0          0      12.10          0         12    1136.66       5718      35.01         36        1.2       1.16       41.6       37.9       0.00       0.00       0.00       0.00          0 
10-01-2014 02:08:20    3925.88    5139.42    4104.95    5141.00      452.0      452.0      452.0          0        232        232        232          0          5     213.74          0          0          0          0          0          0          0      12.10          0         14    1133.54       5351      35.01         30        1.2       1.16       41.7       37.9       0.00       0.00       0.00       0.00          0 
10-01-2014 02:08:30    3925.88    5139.42    4104.95    5141.00      451.4      451.4      451.4          0        232        232        232          0          5     213.74          0          0          0          0          0          0          0      12.10          0         13    1123.76       5520      35.04         30        1.2       1.16       41.7       37.9       0.00       0.00       0.00       0.00          0 
10-01-2014 02:08:40    3925.88    5139.42    4104.95    5141.00      451.9      451.9      451.9          0        232        232        232          0          5     213.74          0          0          0          0          0          0          0      12.10          0         13    1118.88       5560      35.04         28        1.2       1.16       41.7       37.9       0.00       0.00       0.00       0.00          0 
10-01-2014 02:08:50    3925.88    5139.42    4104.95    5141.00      452.0      452.0      452.0          0        232        232        232          0          5     213.74          0          0          0          0          0          0          0      12.10          0         14    1114.08       5347      35.03         20        1.2       1.16       41.7       37.9       0.00       0.00       0.00       0.00          0 
10-01-2014 02:09:00    3925.88    5139.42    4104.95    5141.00      451.7      451.7      451.7          0        232        232        232          0          5     213.74          0          0          0          0          0          0          0      12.10          0          8    1110.55       5113      35.01         17        1.2       1.16       41.7       37.9       0.00       0.00       0.00       0.00          0 
10-01-2014 02:09:10    3925.88    5139.42    4104.95    5141.00      451.9      451.9      451.9          0        233        232        232          0          4     213.74          0          0          0          0          0          0          0      12.10          0          8     299.03     144749      35.02         17        1.2       1.16       41.7       37.9       0.00       0.00       0.00       0.00          0 
10-01-2014 02:09:20    3925.88    5139.42    4104.95    5141.00      451.6      451.6      451.6          0        233        232        232          0          4     213.74          0          0          0          0          0          0          0      12.10          0         12     299.75     146484      35.04         21        1.2       1.16       41.7       37.9       0.00       0.00       0.00       0.00          0 
10-01-2014 02:09:30    3925.88    5139.42    4104.95    5141.00      451.8      451.8      451.8          0        234        232        232          0          4     213.74          0          0          0          0          0          0          0      12.10          0         18     299.62     145339      35.04         18        1.2       1.16       41.7       37.9       0.00       0.00       0.00       0.00          0 
10-01-2014 02:09:40    3925.88    5139.42    4104.95    5141.00      451.9      451.9      451.9          0        232        232        232          0          3     213.74          0          0          0          0          0          0          0      12.10          0          2     299.21     144513      35.13         34        1.2       1.16       41.7       37.9       0.00       0.00       0.00       0.00          0 
10-01-2014 02:09:50    3925.88    5139.42    4104.95    5141.00      451.7      451.7      451.7          0        232        232        232          0          4     213.74          0          0          0          0          0          0          0      12.10          0         13     299.21     143895      35.04         48        1.2       1.16       41.7       37.8       0.00       0.00       0.00       0.00          0 
10-01-2014 02:10:00    3925.88    5139.42    4104.95    5141.00      451.9      451.9      451.9          0        232        232        232          0          5     213.74          0          0          0          0          0          0          0      12.10          0         12     299.52     139793      34.78         87        1.2       1.16       41.7       37.9       0.00       0.00       0.00       0.00          0 
10-01-2014 02:10:10    3925.88    5139.42    4104.95    5141.00      451.5      451.5      451.5          0        232        232        232          0          4     213.74          0          0          0          0          0          0          0      12.10          0         15     300.04        340      34.76         84        1.2       1.16       41.7       37.9       0.00       0.00       0.00       0.00          0 
10-01-2014 02:10:20    3925.88    5139.42    4104.95    5141.00      451.8      451.8      451.8          0        232        232        232          0          4     213.74          0          0          0          0          0          0          0      12.10          0          9     300.92        456      34.99        119        1.2       1.16       41.7       37.9       0.00       0.00       0.00       0.00          0 
10-01-2014 02:10:30    3925.88    5139.42    4104.95    5141.00      451.4      451.4      451.4          0        232        232        232          0          4     213.74          0          0          0          0          0          0          0      12.10          0         13     300.45        464      34.99        114        1.2       1.16       41.7       37.9       0.00       0.00       0.00       0.00          0 
10-01-2014 02:10:40    3925.88    5139.42    4104.95    5141.00      451.1      451.1      451.1          0        232        232        232          0          6     213.74          0          0          0          0          0          0          0      12.10          0          9     300.24        490      34.99         88        1.2       1.16       41.7       37.9       0.00       0.00       0.00       0.00          0 
10-01-2014 02:10:50    3925.88    5139.42    4104.95    5141.00      451.1      451.1      451.1          0        232        232        232          0          4     213.74          0          0          0          0          0          0          0      12.10          0         13     300.07        514      34.97         64        1.2       1.16       41.6       37.9       0.00       0.00       0.00       0.00          0 
10-01-2014 02:11:00    3925.88    5139.42    4104.95    5141.00      451.3      451.3      451.3          0        232        232        232          0          4     213.74          0          0          0          0          0          0          0      12.10          0         13     300.35        529      35.00         51        1.2       1.16       41.7       37.9       0.00       0.00       0.00       0.00          0 
10-01-2014 02:11:10    3925.88    5139.42    4104.95    5141.00      451.2      451.2      451.2          0        232        232        232          0          6     213.74          0          0          0          0          0          0          0      12.10          0         12     299.94        366      35.08         42        1.2       1.16       41.6       37.9       0.00       0.00       0.00       0.00          0 
10-01-2014 02:11:20    3925.88    5139.42    4104.95    5141.00      451.4      451.4      451.4          0        234        232        232          0          5     213.74          0          0          0          0          0          0          0      12.10          0         12     299.74        353      35.07         26        1.2       1.16       41.7       37.9       0.00       0.00       0.00       0.00          0 
10-01-2014 02:11:30    3925.88    5139.42    4104.95    5141.00      451.0      451.0      451.0          0        232        232        232          0          5     213.74          0          0          0          0          0          0          0      12.10          0          8     299.67        285      35.03         33        1.2       1.16       41.7       37.9       0.00       0.00       0.00       0.00          0 
10-01-2014 02:11:40    3925.88    5139.42    4104.95    5141.00      451.1      451.1      451.1          0        233        232        232          0          4     213.74          0          0          0          0          0          0          0      12.10          0         15     299.95        283      35.06         37        1.2       1.16       41.7       37.9       0.00       0.00       0.00       0.00          0 
10-01-2014 02:11:50    3925.88    5139.42    4104.95    5141.00      451.5      451.5      451.5          0        232        232        232          0          5     213.74          0          0          0          0          0          0          0      12.10          0         13     299.95        274      35.12         44        1.2       1.16       41.6       37.9       0.00       0.00       0.00       0.00          0 
10-01-2014 02:12:00    3925.88    5139.42    4104.95    5141.00      451.5      451.5      451.5          0        234        232        232          0          5     213.74          0          0          0          0          0          0          0      12.10          0          6     300.28        304      35.02         48        1.2       1.16       41.7       37.9       0.00       0.00       0.00       0.00          0 
10-01-2014 02:12:10    3925.88    5139.42    4104.95    5141.00      451.3      451.3      451.3          0        232        232        232          0          4     213.74          0          0          0          0          0          0          0      12.10          0         12     299.97        246      34.88         65        1.2       1.16       41.6       37.9       0.00       0.00       0.00       0.00          0 
10-01-2014 02:12:20    3925.88    5139.42    4104.95    5141.00      451.2      451.2      451.2          0        232        232        232          0          5     213.74          0          0          0          0          0          0          0      12.10          0         13     299.91        259      35.03         85        1.2       1.16       41.7       37.9       0.00       0.00       0.00       0.00          0 
10-01-2014 02:12:30    3925.88    5139.42    4104.95    5141.00      451.0      451.0      451.0          0        232        232        232          0          4     213.74          0          0          0          0          0          0          0      12.10          0          5     300.04        275      35.12        102        1.2       1.16       41.7       37.9       0.00       0.00       0.00       0.00          0 
10-01-2014 02:12:40    3925.88    5139.42    4104.95    5141.00      451.6      451.6      451.6          0        232        232        232          0          6     213.74          0          0          0          0          0          0          0      12.10          0         17     299.92        434      34.96        115        1.2       1.16       41.7       37.9       0.00       0.00       0.00       0.00          0 
10-01-2014 02:12:50    3925.88    5139.42    4104.95    5141.00      451.0      451.0      451.0          0        232        232        232          0          5     213.74          0          0          0          0          0          0          0      12.10          0         11     299.59        445      34.97        110        1.2       1.16       41.7       37.9       0.00       0.00       0.00       0.00          0 
10-01-2014 02:13:00    3925.88    5139.42    4104.95    5141.00      451.2      451.2      451.2          0        232        232        232          0          5     213.74          0          0          0          0          0          0          0      12.10          0         13     299.93        446      34.97         83        1.2       1.16       41.7       37.9       0.00       0.00       0.00       0.00          0 
10-01-2014 02:13:10    3925.88    5139.42    4104.95    5141.00      451.2      451.2      451.2          0        232        232        232          0          5     213.74          0          0          0          0          0          0          0      12.10          0          5     299.64        460      34.91         91        1.2       1.16       41.7       37.9       0.00       0.00       0.00       0.00          0 
10-01-2014 02:13:20    3925.88    5139.42    4104.95    5141.00      450.9      450.9      450.9          0        232        232        232          0          6     213.74          0          0          0          0          0          0          0      12.10          0         16     299.85        481      34.91         54        1.2       1.16       41.7       37.9       0.00       0.00       0.00       0.00          0 
10-01-2014 02:13:30    3925.88    5139.42    4104.95    5141.00      451.6      451.6      451.6          0        232        232        232          0          6     213.74          0          0          0          0          0          0          0      12.10          0         10     299.69        419      34.95         52        1.2       1.16       41.7       37.9       0.00       0.00       0.00       0.00          0 
10-01-2014 02:13:40    3925.88    5139.42    4104.95    5141.00      451.4      451.4      451.4          0        232        232        232          0          5     213.74          0          0          0          0          0          0          0      12.10          0         12     299.66        245      34.04        204        1.2       1.16       41.6       37.9       0.00       0.00       0.00       0.00          0 
10-01-2014 02:13:50    3925.88    5139.42    4104.95    5141.00      451.6      451.6      451.6          0        232        232        232          0          5     213.74          0          0          0          0          0          0          0      12.10          0          9     299.04        372      34.68        312        1.2       1.16       41.6       37.9       0.00       0.00       0.00       0.00          0 
10-01-2014 02:14:00    3925.88    5139.42    4104.95    5141.00      450.6      450.6      450.6          0        232        232        232          0          5     213.74          0          0          0          0          0          0          0      12.10          0         10     299.95        471      34.90        344        1.2       1.16       41.7       37.9       0.00       0.00       0.00       0.00          0 
10-01-2014 02:14:10    3925.88    5139.42    4104.95    5141.00      451.2      451.2      451.2          0        233        232        232          0          5     213.74          0          0          0          0          0          0          0      12.10          0         13     300.72        588      34.93        342        1.2       1.16       41.7       37.9       0.00       0.00       0.00       0.00          0 
10-01-2014 02:14:20    3925.88    5139.42    4104.95    5141.00      450.9      450.9      450.9          0        233        232        232          0          4     213.74          0          0          0          0          0          0          0      12.10          0         14     300.78        548      35.03        348        1.2       1.16       41.6       37.9       0.00       0.00       0.00       0.00          0 
10-01-2014 02:14:30    3925.88    5139.42    4104.95    5141.00      451.4      451.4      451.4          0        232        232        232          0          4     213.74          0          0          0          0          0          0          0      12.10          0         11     299.86        660      35.04        254        1.2       1.16       41.7       37.9       0.00       0.00       0.00       0.00          0 
10-01-2014 02:14:40    3925.88    5139.42    4104.95    5141.00      450.9      450.9      450.9          0        232        232        232          0          5     213.74          0          0          0          0          0          0          0      12.10          0         14     299.33        712      35.03        181        1.2       1.16       41.6       37.9       0.00       0.00       0.00       0.00          0 
10-01-2014 02:14:50    3925.88    5139.42    4104.95    5141.00      451.0      451.0      451.0          0        233        232        232          0          4     213.74          0          0          0          0          0          0          0      12.10          0         17     298.49        691      34.97         58        1.2       1.16       41.6       37.9       0.00       0.00       0.00       0.00          0 
10-01-2014 02:15:00    3925.88    5139.42    4104.95    5141.00      451.1      451.1      451.1          0        234        232        232          0          3     213.74          0          0          0          0          0          0          0      12.10          0         12     298.89        519      34.93         57        1.2       1.16       41.7       37.9       0.00       0.00       0.00       0.00          0 
10-01-2014 02:15:10    3925.88    5139.42    4104.95    5141.00      451.2      451.2      451.2          0        234        232        232          0          4     213.74          0          0          0          0          0          0          0      12.10          0          9     299.41        581      35.03         53        1.2       1.16       41.7       37.9       0.00       0.00       0.00       0.00          0 
10-01-2014 02:15:20    3925.88    5139.42    4104.95    5141.00      451.0      451.0      451.0          0        232        232        232          0          3     213.74          0          0          0          0          0          0          0      12.10          0          6     299.82        521      34.98         46        1.2       1.16       41.7       37.9       0.00       0.00       0.00       0.00          0 
10-01-2014 02:15:30    3925.88    5139.42    4104.95    5141.00      451.1      451.1      451.1          0        233        232        232          0          4     213.74          0          0          0          0          0          0          0      12.10          0         13     299.73        452      34.89         59        1.2       1.16       41.7       37.9       0.00       0.00       0.00       0.00          0 
10-01-2014 02:15:40    3925.88    5139.42    4104.95    5141.00      451.2      451.2      451.2          0        233        232        232          0          4     213.74          0          0          0          0          0          0          0      12.10          0         12     299.84        414      34.90         63        1.2       1.16       41.7       37.9       0.00       0.00       0.00       0.00          0 
10-01-2014 02:15:50    3925.88    5139.42    4104.95    5141.00      451.2      451.2      451.2          0        232        232        232          0          4     213.74          0          0          0          0          0          0          0      12.10          0         11     300.49        443      34.94         56        1.2       1.16       41.6       37.9       0.00       0.00       0.00       0.00          0 
10-01-2014 02:16:00    3925.88    5139.42    4104.95    5141.00      451.2      451.2      451.2          0        232        232        232          0          5     213.74          0          0          0          0          0          0          0      12.10          0         12     300.13        375      34.91         48        1.2       1.16       41.7       37.9       0.00       0.00       0.00       0.00          0 
10-01-2014 02:16:10    3925.88    5139.42    4104.95    5141.00      450.8      450.8      450.8          0        232        232        232          0          4     213.74          0          0          0          0          0          0          0      12.10          0          6     300.17        340      34.90         45        1.2       1.16       41.7       37.9       0.00       0.00       0.00       0.00          0 
10-01-2014 02:16:20    3925.88    5139.42    4104.95    5141.00      451.4      451.4      451.4          0        232        232        232          0          5     213.74          0          0          0          0          0          0          0      12.10          0         15     299.12        482      34.90         33        1.2       1.16       41.7       37.9       0.00       0.00       0.00       0.00          0 
10-01-2014 02:16:30    3925.88    5139.42    4104.95    5141.00      451.4      451.4      451.4          0        232        232        232          0          5     213.74          0          0          0          0          0          0          0      12.10          0         14     299.13        457      34.96         29        1.2       1.16       41.7       37.9       0.00       0.00       0.00       0.00          0 
10-01-2014 02:16:40    3925.88    5139.42    4104.95    5141.00      450.6      450.6      450.6          0        232        232        232          0          4     213.74          0          0          0          0          0          0          0      12.10          0         15     298.77        390      34.88         34        1.2       1.16       41.7       37.9       0.00       0.00       0.00       0.00          0 
10-01-2014 02:16:50    3925.88    5139.42    4104.95    5141.00      451.5      451.5      451.5          0        232        232        232          0          4     213.74          0          0          0          0          0          0          0      12.10          0          6     299.43        502      34.90         36        1.2       1.16       41.6       37.9       0.00       0.00       0.00       0.00          0 
10-01-2014 02:17:00    3925.88    5139.42    4104.95    5141.00      451.6      451.6      451.6          0        232        232        232          0          4     213.74          0          0          0          0          0          0          0      12.10          0         13     298.72        578      34.91         31        1.2       1.16       41.7       37.9       0.00       0.00       0.00       0.00          0 
10-01-2014 02:17:10    3925.88    5139.42    4104.95    5141.00      451.9      451.9      451.9          0        232        232        232          0          4     213.74          0          0          0          0          0          0          0      12.10          0         14     298.62        501      34.94         34        1.2       1.16       41.7       37.9       0.00       0.00       0.00       0.00          0 
10-01-2014 02:17:20    3925.88    5139.42    4104.95    5141.00      451.5      451.5      451.5          0        232        232        232          0          5     213.74          0          0          0          0          0          0          0      12.10          0         12     299.35        500      35.09         54        1.2       1.16       41.7       37.9       0.00       0.00       0.00       0.00          0 
10-01-2014 02:17:30    3925.88    5139.42    4104.95    5141.00      451.6      451.6      451.6          0        232        232        232          0          5     213.74          0          0          0          0          0          0          0      12.10          0         15     299.51        469      34.96         61        1.2       1.16       41.7       37.9       0.00       0.00       0.00       0.00          0 
10-01-2014 02:17:40    3925.88    5139.42    4104.95    5141.00      451.6      451.6      451.6          0        232        232        232          0          4     213.74          0          0          0          0          0          0          0      12.10          0          8     299.23        422      34.94         62        1.2       1.16       41.6       37.9       0.00       0.00       0.00       0.00          0 
10-01-2014 02:17:50    3925.88    5139.42    4104.95    5141.00      451.5      451.5      451.5          0        232        232        232          0          2     213.74          0          0          0          0          0          0          0      12.10          0          6     298.56        418      34.95         63        1.2       1.16       41.6       37.9       0.00       0.00       0.00       0.00          0 
10-01-2014 02:18:00    3925.88    5139.42    4104.95    5141.00      451.6      451.6      451.6          0        232        232        232          0          4     213.74          0          0          0          0          0          0          0      12.10          0         18     299.24        466      34.98         76        1.2       1.16       41.7       37.9       0.00       0.00       0.00       0.00          0 
10-01-2014 02:18:10    3925.88    5139.42    4104.95    5141.00      451.5      451.5      451.5          0        234        232        232          0          3     213.74          0          0          0          0          0          0          0      12.10          0         14     299.29        404      35.00         63        1.2       1.16       41.6       37.9       0.00       0.00       0.00       0.00          0 
10-01-2014 02:18:20    3925.88    5139.42    4104.95    5141.00      451.8      451.8      451.8          0        232        232        232          0          4     213.74          0          0          0          0          0          0          0      12.10          0          5     298.81        448      34.81         74        1.2       1.16       41.7       37.9       0.00       0.00       0.00       0.00          0 
10-01-2014 02:18:30    3925.88    5139.42    4104.95    5141.00      451.8      451.8      451.8          0        232        232        232          0          4     213.74          0          0          0          0          0          0          0      12.10          0         12     298.91        444      34.81         75        1.2       1.16       41.7       37.9       0.00       0.00       0.00       0.00          0 
10-01-2014 02:18:40    3925.88    5139.42    4104.95    5141.00      451.1      451.1      451.1          0        232        232        232          0          4     213.74          0          0          0          0          0          0          0      12.10          0         12     299.18        422      34.91         86        1.2       1.16       41.7       37.9       0.00       0.00       0.00       0.00          0 
10-01-2014 02:18:50    3925.88    5139.42    4104.95    5141.00      451.9      451.9      451.9          0        232        232        232          0          6     213.74          0          0          0          0          0          0          0      12.10          0         14     299.53        447      34.95         84        1.2       1.16       41.7       37.9       0.00       0.00       0.00       0.00          0 
10-01-2014 02:19:00    3925.88    5139.42    4104.95    5141.00      452.2      452.2      452.2          0        232        232        232          0          4     213.74          0          0          0          0          0          0          0      12.10          0         14     298.69        484      34.96         63        1.2       1.16       41.7       37.9       0.00       0.00       0.00       0.00          0 
10-01-2014 02:19:10    3925.88    5139.42    4104.95    5141.00      451.4      451.4      451.4          0        232        232        232          0          5     213.74          0          0          0          0          0          0          0      12.10          0          8     299.42        558      34.96         52        1.2       1.16       41.6       37.9       0.00       0.00       0.00       0.00          0 
10-01-2014 02:19:20    3925.88    5139.42    4104.95    5141.00      451.6      451.6      451.6          0        232        232        232          0          4     213.74          0          0          0          0          0          0          0      12.10          0         10     299.33        526      35.01         36        1.2       1.16       41.6       37.9       0.00       0.00       0.00       0.00          0 
10-01-2014 02:19:30    3925.88    5139.42    4104.95    5141.00      452.5      452.5      452.5          0        233        244        244          0          4     213.74          0          0          0          0          0          0          0      12.10          0         14     298.90        529      35.07         32        1.2       1.16       41.7       37.9       0.00       0.00       0.00       0.00          0 
10-01-2014 02:19:40    3925.88    5139.42    4104.95    5141.00      451.6      451.6      451.6          0        232        232        232          0          4     213.74          0          0          0          0          0          0          0      12.10          0         13     298.61        489      35.09         29        1.2       1.16       41.6       37.9       0.00       0.00       0.00       0.00          0 
10-01-2014 02:19:50    3925.88    5139.42    4104.95    5141.00      451.4      451.4      451.4          0        232        232        232          0          3     213.74          0          0          0          0          0          0          0      12.10          0         13     298.81        384      34.94         53        1.2       1.16       41.7       37.9       0.00       0.00       0.00       0.00          0 
10-01-2014 02:20:00    3925.88    5139.42    4104.95    5141.00      452.0      452.0      452.0          0        232        232        232          0          4     213.74          0          0          0          0          0          0          0      12.10          0          8     298.80        324      34.91         58        1.2       1.16       41.7       37.9       0.00       0.00       0.00       0.00          0 
10-01-2014 02:20:10    3925.88    5139.42    4104.95    5141.00      451.6      451.6      451.6          0        232        232        232          0          4     213.74          0          0          0          0          0          0          0      12.10          0          8     299.15        293      34.94         61        1.2       1.16       41.7       37.9       0.00       0.00       0.00       0.00          0 
10-01-2014 02:20:20    3925.88    5139.42    4104.95    5141.00      451.7      451.7      451.7          0        232        232        232          0          5     213.74          0          0          0          0          0          0          0      12.10          0         14     299.72        356      35.02         66        1.2       1.16       41.6       37.9       0.00       0.00       0.00       0.00          0 
10-01-2014 02:20:30    3925.88    5139.42    4104.95    5141.00      451.2      451.2      451.2          0        232        232        232          0          5     213.74          0          0          0          0          0          0          0      12.10          0         11     299.78        293      34.98         59        1.2       1.16       41.7       37.9       0.00       0.00       0.00       0.00          0 
10-01-2014 02:20:40    3925.88    5139.42    4104.95    5141.00      452.1      452.1      452.1          0        232        232        232          0          4     213.74          0          0          0          0          0          0          0      12.10          0          8     299.10        348      34.96         46        1.2       1.16       41.7       37.9       0.00       0.00       0.00       0.00          0 
10-01-2014 02:20:50    3925.88    5139.42    4104.95    5141.00      452.2      452.2      452.2          0        233        232        232          0          5     213.74          0          0          0          0          0          0          0      12.10          0         13     298.92        397      34.93         32        1.2       1.16       41.7       37.9       0.00       0.00       0.00       0.00          0 
10-01-2014 02:21:00    3925.88    5139.42    4104.95    5141.00      451.4      451.4      451.4          0        232        232        232          0          5     213.74          0          0          0          0          0          0          0      12.10          0         12     298.97        391      34.91         39        1.2       1.16       41.7       37.9       0.00       0.00       0.00       0.00          0 
10-01-2014 02:21:10    3925.88    5139.42    4104.95    5141.00      451.6      451.6      451.6          0        233        244        244          0          5     213.74          0          0          0          0          0          0          0      12.10          0          5     298.95        301      34.96         31        1.2       1.16       41.7       37.9       0.00       0.00       0.00       0.00          0 
10-01-2014 02:21:20    3925.88    5139.42    4104.95    5141.00      451.4      451.4      451.4          0        237        232        232          0          5     213.74          0          0          0          0          0          0          0      12.10          0         11     299.00        293      34.95         27        1.2       1.16       41.7       37.9       0.00       0.00       0.00       0.00          0 
10-01-2014 02:21:30    3925.88    5139.42    4104.95    5141.00      451.7      451.7      451.7          0        232        232        232          0          7     213.74          0          0          0          0          0          0          0      12.10          0         16     299.05        284      34.94         27        1.2       1.16       41.7       37.9       0.00       0.00       0.00       0.00          0 
10-01-2014 02:21:40    3925.88    5139.42    4104.95    5141.00      451.3      451.3      451.3          0        232        232        232          0          6     213.74          0          0          0          0          0          0          0      12.10          0          8     299.35        296      34.97         34        1.2       1.16       41.7       37.9       0.00       0.00       0.00       0.00          0 
10-01-2014 02:21:50    3925.88    5139.42    4104.95    5141.00      451.8      451.8      451.8          0        232        232        232          0          7     213.74          0          0          0          0          0          0          0      12.10          0         13     299.77        378      34.77         59        1.2       1.16       41.6       37.9       0.00       0.00       0.00       0.00          0 
10-01-2014 02:22:00    3925.88    5139.42    4104.95    5141.00      452.1      452.1      452.1          0        233        232        232          0          7     213.74          0          0          0          0          0          0          0      12.10          0         14     299.68        415      34.74         67        1.2       1.16       41.7       37.9       0.00       0.00       0.00       0.00          0 
10-01-2014 02:22:10    3925.88    5139.42    4104.95    5141.00      451.0      451.0      451.0          0        232        232        232          0          6     213.74          0          0          0          0          0          0          0      12.10          0         11     299.71        420      34.78         73        1.2       1.16       41.6       37.9       0.00       0.00       0.00       0.00          0 
10-01-2014 02:22:20    3925.88    5139.42    4104.95    5141.00      451.4      451.4      451.4          0        232        232        232          0          5     213.74          0          0          0          0          0          0          0      12.10          0         13     299.48        440      34.96        100        1.2       1.16       41.7       37.9       0.00       0.00       0.00       0.00          0 
10-01-2014 02:22:30    3925.88    5139.42    4104.95    5141.00      451.0      451.0      451.0          0        232        232        232          0          6     213.74          0          0          0          0          0          0          0      12.10          0         12     298.88        429      34.92        102        1.2       1.16       41.6       37.9       0.00       0.00       0.00       0.00          0 
10-01-2014 02:22:40    3925.88    5139.42    4104.95    5141.00      450.9      450.9      450.9          0        232        232        232          0          6     213.74          0          0          0          0          0          0          0      12.10          0          7     297.59        573      34.91         74        1.2       1.16       41.7       37.9       0.00       0.00       0.00       0.00          0 
10-01-2014 02:22:50    3925.88    5139.42    4104.95    5141.00      451.2      451.2      451.2          0        236        232        232          0          6     213.74          0          0          0          0          0          0          0      12.10          0         10     297.72        551      34.97         72        1.2       1.16       41.6       37.9       0.00       0.00       0.00       0.00          0 
10-01-2014 02:23:00    3925.88    5139.42    4104.95    5141.00      451.0      451.0      451.0          0        232        232        232          0          6     213.74          0          0          0          0          0          0          0      12.10          0         16     297.69        620      35.00         71        1.2       1.16       41.6       37.9       0.00       0.00       0.00       0.00          0 
10-01-2014 02:23:10    3925.88    5139.42    4104.95    5141.00      450.9      450.9      450.9          0        234        232        232          0          7     213.74          0          0          0          0          0          0          0      12.10          0         10     299.12        842      34.96         64        1.2       1.16       41.7       37.9       0.00       0.00       0.00       0.00          0 
10-01-2014 02:23:20    3925.88    5139.42    4104.95    5141.00      451.3      451.3      451.3          0        232        232        232          0          7     213.74          0          0          0          0          0          0          0      12.10          0         10     300.07        927      34.95         46        1.2       1.16       41.7       37.9       0.00       0.00       0.00       0.00          0 
10-01-2014 02:23:30    3925.88    5139.42    4104.95    5141.00      451.7      451.7      451.7          0        232        232        232          0          5     213.74          0          0          0          0          0          0          0      12.10          0         13     300.08        836      34.95         34        1.2       1.16       41.6       37.9       0.00       0.00       0.00       0.00          0 
10-01-2014 02:23:40    3925.88    5139.42    4104.95    5141.00      451.1      451.1      451.1          0        233        244        244          0          6     213.74          0          0          0          0          0          0          0      12.10          0         14     300.20        641      34.95         26        1.2       1.16       41.6       37.9       0.00       0.00       0.00       0.00          0 
10-01-2014 02:23:50    3925.88    5139.42    4104.95    5141.00      451.6      451.6      451.6          0        233        232        232          0          5     213.74          0          0          0          0          0          0          0      12.10          0         10     299.79        639      34.96         14        1.2       1.16       41.7       37.9       0.00       0.00       0.00       0.00          0 
10-01-2014 02:24:00    3925.88    5139.42    4104.95    5141.00      451.5      451.5      451.5          0        232        232        232          0          6     213.74          0          0          0          0          0          0          0      12.10          0         14     300.19        464      35.01         15        1.2       1.16       41.6       37.9       0.00       0.00       0.00       0.00          0 
10-01-2014 02:24:10    3925.88    5139.42    4104.95    5141.00      451.6      451.6      451.6          0        232        232        232          0          4     213.74          0          0          0          0          0          0          0      12.10          0         14     300.17        313      35.03         17        1.2       1.16       41.7       37.9       0.00       0.00       0.00       0.00          0 
10-01-2014 02:24:20    3925.88    5139.42    4104.95    5141.00      450.9      450.9      450.9          0        232        232        232          0          6     213.74          0          0          0          0          0          0          0      12.10          0          8     299.85        347      35.01         21        1.2       1.16       41.7       37.9       0.00       0.00       0.00       0.00          0 
10-01-2014 02:24:30    3925.88    5139.42    4104.95    5141.00      451.2      451.2      451.2          0        232        232        232          0          6     213.74          0          0          0          0          0          0          0      12.10          0          9     300.35        428      35.01         24        1.2       1.16       41.7       37.9       0.00       0.00       0.00       0.00          0 
10-01-2014 02:24:40    3925.88    5139.42    4104.95    5141.00      451.5      451.5      451.5          0        232        232        232          0          5     213.74          0          0          0          0          0          0          0      12.10          0         15     300.55        433      35.02         24        1.2       1.16       41.6       37.9       0.00       0.00       0.00       0.00          0 
10-01-2014 02:24:50    3925.88    5139.42    4104.95    5141.00      451.3      451.3      451.3          0        232        232        232          0          5     213.74          0          0          0          0          0          0          0      12.10          0         13     299.80        487      35.04         20        1.2       1.16       41.6       37.9       0.00       0.00       0.00       0.00          0 
10-01-2014 02:25:00    3925.88    5139.42    4104.95    5141.00      451.3      451.3      451.3          0        232        232        232          0          7     213.74          0          0          0          0          0          0          0      12.10          0         14     300.24        470      35.04         17        1.2       1.16       41.6       37.9       0.00       0.00       0.00       0.00          0 
10-01-2014 02:25:10    3925.88    5139.42    4104.95    5141.00      451.4      451.4      451.4          0        232        232        232          0          6     213.74          0          0          0          0          0          0          0      12.10          0          8     300.20        461      34.99         22        1.2       1.16       41.7       37.9       0.00       0.00       0.00       0.00          0 
10-01-2014 02:25:20    3925.88    5139.42    4104.95    5141.00      451.4      451.4      451.4          0        232        232        232          0          6     213.74          0          0          0          0          0          0          0      12.10          0         10     300.57        459      34.95         25        1.2       1.16       41.6       37.9       0.00       0.00       0.00       0.00          0 
10-01-2014 02:25:30    3925.88    5139.42    4104.95    5141.00      451.4      451.4      451.4          0        232        232        232          0          6     213.74          0          0          0          0          0          0          0      12.10          0          9     300.50        382      35.01         34        1.2       1.16       41.6       37.9       0.00       0.00       0.00       0.00          0 
10-01-2014 02:25:40    3925.88    5139.42    4104.95    5141.00      451.7      451.7      451.7          0        232        232        232          0          5     213.74          0          0          0          0          0          0          0      12.10          0          9     300.12        304      35.03         32        1.2       1.16       41.6       37.9       0.00       0.00       0.00       0.00          0 
10-01-2014 02:25:50    3925.88    5139.42    4104.95    5141.00      451.5      451.5      451.5          0        232        232        232          0          5     213.74          0          0          0          0          0          0          0      12.10          0         13     300.45        325      35.04         33        1.2       1.16       41.6       37.9       0.00       0.00       0.00       0.00          0 
10-01-2014 02:26:00    3925.88    5139.42    4104.95    5141.00      450.7      450.7      450.7          0        234        232        232          0          5     213.74          0          0          0          0          0          0          0      12.10          0          9     300.51        450      35.05         30        1.2       1.16       41.7       37.9       0.00       0.00       0.00       0.00          0 
10-01-2014 02:26:10    3925.88    5139.42    4104.95    5141.00      451.6      451.6      451.6          0        232        232        232          0          5     213.74          0          0          0          0          0          0          0      12.10          0         14     300.18        558      35.08         29        1.2       1.16       41.7       37.9       0.00       0.00       0.00       0.00          0 
10-01-2014 02:26:20    3925.88    5139.42    4104.95    5141.00      451.2      451.2      451.2          0        232        232        232          0          4     213.74          0          0          0          0          0          0          0      12.10          0          9     301.42        735      35.03         31        1.2       1.16       41.6       37.9       0.00       0.00       0.00       0.00          0 
10-01-2014 02:26:30    3925.88    5139.42    4104.95    5141.00      451.2      451.2      451.2          0        232        232        232          0          6     213.74          0          0          0          0          0          0          0      12.10          0          8     301.07        818      35.20         48        1.2       1.16       41.7       37.9       0.00       0.00       0.00       0.00          0 
10-01-2014 02:26:40    3925.88    5139.42    4104.95    5141.00      451.1      451.1      451.1          0        232        232        232          0          6     213.74          0          0          0          0          0          0          0      12.10          0         13     300.02        892      35.15         55        1.2       1.16       41.6       37.9       0.00       0.00       0.00       0.00          0 
10-01-2014 02:26:50    3925.88    5139.42    4104.95    5141.00      451.8      451.8      451.8          0        232        232        232          0          7     213.74          0          0          0          0          0          0          0      12.10          0          9     300.34        823      35.07         69        1.2       1.16       41.7       37.9       0.00       0.00       0.00       0.00          0 
10-01-2014 02:27:00    3925.88    5139.42    4104.95    5141.00      450.9      450.9      450.9          0        232        232        232          0          6     213.74          0          0          0          0          0          0          0      12.10          0         13     300.19        656      35.09         72        1.2       1.16       41.7       37.9       0.00       0.00       0.00       0.00          0 
10-01-2014 02:27:10    3925.88    5139.42    4104.95    5141.00      450.9      450.9      450.9          0        232        232        232          0          5     213.74          0          0          0          0          0          0          0      12.10          0         14     300.02        458      35.04         72        1.2       1.16       41.7       37.9       0.00       0.00       0.00       0.00          0 
10-01-2014 02:27:20    3925.88    5139.42    4104.95    5141.00      451.0      451.0      451.0          0        232        232        232          0          6     213.74          0          0          0          0          0          0          0      12.10          0          8     300.56        459      35.07         62        1.2       1.16       41.7       37.9       0.00       0.00       0.00       0.00          0 
10-01-2014 02:27:30    3925.88    5139.42    4104.95    5141.00      451.2      451.2      451.2          0        232        232        232          0          6     213.74          0          0          0          0          0          0          0      12.10          0         14     300.83        400      35.03         83        1.2       1.16       41.7       37.9       0.00       0.00       0.00       0.00          0 
10-01-2014 02:27:40    3925.88    5139.42    4104.95    5141.00      451.3      451.3      451.3          0        232        232        232          0          5     213.74          0          0          0          0          0          0          0      12.10          0          8     300.43        364      35.07         93        1.2       1.16       41.6       37.9       0.00       0.00       0.00       0.00          0 
10-01-2014 02:27:50    3925.88    5139.42    4104.95    5141.00      451.4      451.4      451.4          0        232        232        232          0          6     213.74          0          0          0          0          0          0          0      12.10          0         11     300.42        349      35.08         97        1.2       1.16       41.7       37.9       0.00       0.00       0.00       0.00          0 
10-01-2014 02:28:00    3925.88    5139.42    4104.95    5141.00      451.5      451.5      451.5          0        232        232        232          0          6     213.74          0          0          0          0          0          0          0      12.10          0         13     300.39        359      35.14        105        1.2       1.16       41.6       37.9       0.00       0.00       0.00       0.00          0 
10-01-2014 02:28:10    3925.88    5139.42    4104.95    5141.00      450.9      450.9      450.9          0        232        232        232          0          6     213.74          0          0          0          0          0          0          0      12.10          0          6     300.99        431      35.11        100        1.2       1.16       41.6       37.9       0.00       0.00       0.00       0.00          0 
10-01-2014 02:28:20    3925.88    5139.42    4104.95    5141.00      451.5      451.5      451.5          0        232        232        232          0          5     213.74          0          0          0          0          0          0          0      12.10          0         14     300.15        537      34.96        111        1.2       1.16       41.6       37.9       0.00       0.00       0.00       0.00          0 
10-01-2014 02:28:30    3925.88    5139.42    4104.95    5141.00      451.4      451.4      451.4          0        232        232        232          0          6     213.74          0          0          0          0          0          0          0      12.10          0         14     300.68        583      34.98         87        1.2       1.16       41.6       37.9       0.00       0.00       0.00       0.00          0 
10-01-2014 02:28:40    3925.88    5139.42    4104.95    5141.00      451.2      451.2      451.2          0        232        232        232          0          5     213.74          0          0          0          0          0          0          0      12.10          0         12     301.00        572      35.10         83        1.2       1.16       41.6       37.9       0.00       0.00       0.00       0.00          0 
10-01-2014 02:28:50    3925.88    5139.42    4104.95    5141.00      451.3      451.3      451.3          0        232        232        232          0          6     213.74          0          0          0          0          0          0          0      12.10          0         12     300.80        563      35.12         84        1.2       1.16       41.6       37.9       0.00       0.00       0.00       0.00          0 
10-01-2014 02:29:00    3925.88    5139.42    4104.95    5141.00      451.1      451.1      451.1          0        232        232        232          0          7     213.74          0          0          0          0          0          0          0      12.10          0         12     300.49        490      35.13         71        1.2       1.16       41.6       37.9       0.00       0.00       0.00       0.00          0 
10-01-2014 02:29:10    3925.88    5139.42    4104.95    5141.00      450.5      450.5      450.5          0        233        244        244          0          5     213.74          0          0          0          0          0          0          0      12.10          0          9     300.11        423      35.18         64        1.2       1.16       41.6       37.9       0.00       0.00       0.00       0.00          0 
10-01-2014 02:29:20    3925.88    5139.42    4104.95    5141.00      451.3      451.3      451.3          0        233        232        232          0          5     213.74          0          0          0          0          0          0          0      12.10          0          8     300.07        331      35.19         46        1.2       1.16       41.6       37.9       0.00       0.00       0.00       0.00          0 
10-01-2014 02:29:30    3925.88    5139.42    4104.95    5141.00      451.2      451.2      451.2          0        232        232        232          0          5     213.74          0          0          0          0          0          0          0      12.10          0          7     300.60        291      35.12         42        1.2       1.16       41.6       37.9       0.00       0.00       0.00       0.00          0 
10-01-2014 02:29:40    3925.88    5139.42    4104.95    5141.00      450.8      450.8      450.8          0        232        232        232          0          5     213.74          0          0          0          0          0          0          0      12.10          0         14     300.09        359      35.11         39        1.2       1.16       41.7       37.9       0.00       0.00       0.00       0.00          0 
10-01-2014 02:29:50    3925.88    5139.42    4104.95    5141.00      451.2      451.2      451.2          0        232        232        232          0          6     213.74          0          0          0          0          0          0          0      12.10          0         12     299.41        413      34.90         73        1.2       1.16       41.7       37.9       0.00       0.00       0.00       0.00          0 
10-01-2014 02:30:00    3925.88    5139.42    4104.95    5141.00      451.1      451.1      451.1          0        232        232        232          0          5     213.74          0          0          0          0          0          0          0      12.10          0         15     299.67        411      34.96         77        1.2       1.16       41.6       37.9       0.00       0.00       0.00       0.00          0 
10-01-2014 02:30:10    3925.88    5139.42    4104.95    5141.00      451.3      451.3      451.3          0        233        232        232          0          5     213.74          0          0          0          0          0          0          0      12.10          0         14     300.02        422      34.97         77        1.2       1.16       41.6       37.9       0.00       0.00       0.00       0.00          0 
10-01-2014 02:30:20    3925.88    5139.42    4104.95    5141.00      451.0      451.0      451.0          0        232        232        232          0          5     213.74          0          0          0          0          0          0          0      12.10          0         12     300.16        401      35.06         77        1.2       1.16       41.6       37.9       0.00       0.00       0.00       0.00          0 
10-01-2014 02:30:30    3925.88    5139.42    4104.95    5141.00      450.9      450.9      450.9          0        232        232        232          0          5     213.74          0          0          0          0          0          0          0      12.10          0         14     300.63        401      35.09         77        1.2       1.16       41.6       37.9       0.00       0.00       0.00       0.00          0 
10-01-2014 02:30:40    3925.88    5139.42    4104.95    5141.00      450.9      450.9      450.9          0        232        232        232          0          4     213.74          0          0          0          0          0          0          0      12.10          0          9     301.14        447      35.06         75        1.2       1.16       41.6       37.9       0.00       0.00       0.00       0.00          0 
10-01-2014 02:30:50    3925.88    5139.42    4104.95    5141.00      451.6      451.6      451.6          0        232        232        232          0          6     213.74          0          0          0          0          0          0          0      12.10          0         12     300.95        348      35.09         58        1.2       1.16       41.6       37.9       0.00       0.00       0.00       0.00          0 
10-01-2014 02:31:00    3925.88    5139.42    4104.95    5141.00      451.3      451.3      451.3          0        232        232        232          0          4     213.74          0          0          0          0          0          0          0      12.10          0         11     301.00        407      35.11         52        1.2       1.16       41.6       37.9       0.00       0.00       0.00       0.00          0 
10-01-2014 02:31:10    3925.88    5139.42    4104.95    5141.00      451.1      451.1      451.1          0        232        232        232          0          5     213.74          0          0          0          0          0          0          0      12.10          0         11     301.11        434      35.11         45        1.2       1.16       41.7       37.9       0.00       0.00       0.00       0.00          0 
10-01-2014 02:31:20    3925.88    5139.42    4104.95    5141.00      451.0      451.0      451.0          0        233        244        244          0          6     213.74          0          0          0          0          0          0          0      12.10          0         12     300.72        464      35.11         31        1.2       1.16       41.6       37.9       0.00       0.00       0.00       0.00          0 
10-01-2014 02:31:30    3925.88    5139.42    4104.95    5141.00      451.1      451.1      451.1          0        234        232        232          0          7     213.74          0          0          0          0          0          0          0      12.10          0         11     300.53        401      35.16         35        1.2       1.16       41.7       37.9       0.00       0.00       0.00       0.00          0 
10-01-2014 02:31:40    3925.88    5139.42    4104.95    5141.00      451.3      451.3      451.3          0        232        232        232          0          5     213.74          0          0          0          0          0          0          0      12.10          0         12     300.65        642      35.16         18        1.2       1.16       41.6       37.9       0.00       0.00       0.00       0.00          0 
10-01-2014 02:31:50    3925.88    5139.42    4104.95    5141.00      451.4      451.4      451.4          0        232        232        232          0          5     213.74          0          0          0          0          0          0          0      12.10          0         12     300.63        637      35.16         13        1.2       1.16       41.7       37.9       0.00       0.00       0.00       0.00          0 
10-01-2014 02:32:00    3925.88    5139.42    4104.95    5141.00      451.4      451.4      451.4          0        232        232        232          0          6     213.74          0          0          0          0          0          0          0      12.10          0          9     300.00        641      35.16         11        1.2       1.16       41.6       37.9       0.00       0.00       0.00       0.00          0 
10-01-2014 02:32:10    3925.88    5139.42    4104.95    5141.00      450.7      450.7      450.7          0        232        232        232          0          7     213.74          0          0          0          0          0          0          0      12.10          0         12     300.30        628      35.05         33        1.2       1.16       41.6       37.9       0.00       0.00       0.00       0.00          0 
10-01-2014 02:32:20    3925.88    5139.42    4104.95    5141.00      451.2      451.2      451.2          0        232        232        232          0          5     213.74          0          0          0          0          0          0          0      12.10          0         14     300.34        596      35.05         38        1.2       1.16       41.7       37.9       0.00       0.00       0.00       0.00          0 
10-01-2014 02:32:30    3925.88    5139.42    4104.95    5141.00      451.4      451.4      451.4          0        232        232        232          0          5     213.74          0          0          0          0          0          0          0      12.10          0         10     300.73        453      35.06         45        1.2       1.16       41.7       37.9       0.00       0.00       0.00       0.00          0 
10-01-2014 02:32:40    3925.88    5139.42    4104.95    5141.00      451.1      451.1      451.1          0        232        232        232          0          5     213.74          0          0          0          0          0          0          0      12.10          0         14     300.52        405      35.10         52        1.2       1.16       41.6       37.9       0.00       0.00       0.00       0.00          0 
10-01-2014 02:32:50    3925.88    5139.42    4104.95    5141.00      451.4      451.4      451.4          0        232        232        232          0          6     213.74          0          0          0          0          0          0          0      12.10          0         15     300.14        378      35.13         58        1.2       1.16       41.7       37.9       0.00       0.00       0.00       0.00          0 
10-01-2014 02:33:00    3925.88    5139.42    4104.95    5141.00      451.0      451.0      451.0          0        234        232        232          0          5     213.74          0          0          0          0          0          0          0      12.10          0          8     300.90        443      35.12         47        1.2       1.16       41.6       37.9       0.00       0.00       0.00       0.00          0 
10-01-2014 02:33:10    3925.88    5139.42    4104.95    5141.00      451.6      451.6      451.6          0        232        232        232          0          5     213.74          0          0          0          0          0          0          0      12.10          0          8     299.68        593      35.03         47        1.2       1.16       41.7       37.9       0.00       0.00       0.00       0.00          0 
10-01-2014 02:33:20    3925.88    5139.42    4104.95    5141.00      451.6      451.6      451.6          0        232        232        232          0          3     213.74          0          0          0          0          0          0          0      12.10          0         14     299.37        581      35.04         40        1.2       1.16       41.7       37.8       0.00       0.00       0.00       0.00          0 
10-01-2014 02:33:30    3925.88    5139.42    4104.95    5141.00      451.2      451.2      451.2          0        234        232        232          0          6     213.74          0          0          0          0          0          0          0      12.10          0         15     299.78        584      35.08         39        1.2       1.16       41.6       37.9       0.00       0.00       0.00       0.00          0 
10-01-2014 02:33:40    3925.88    5139.42    4104.95    5141.00      451.7      451.7      451.7          0        232        232        232          0          5     213.74          0          0          0          0          0          0          0      12.10          0          8     300.07        595      35.07         36        1.2       1.16       41.6       37.9       0.00       0.00       0.00       0.00          0 
10-01-2014 02:33:50    3925.88    5139.42    4104.95    5141.00      451.3      451.3      451.3          0        232        232        232          0          5     213.74          0          0          0          0          0          0          0      12.10          0         12     300.27        557      35.04         35        1.2       1.16       41.6       37.9       0.00       0.00       0.00       0.00          0 
10-01-2014 02:34:00    3925.88    5139.42    4104.95    5141.00      451.2      451.2      451.2          0        232        232        232          0          5     213.74          0          0          0          0          0          0          0      12.10          0         10     300.36        466      35.01         26        1.2       1.16       41.6       37.9       0.00       0.00       0.00       0.00          0 
10-01-2014 02:34:10    3925.88    5139.42    4104.95    5141.00      451.4      451.4      451.4          0        232        232        232          0          5     213.74          0          0          0          0          0          0          0      12.10          0          9     300.60        294      35.07         41        1.2       1.16       41.6       37.9       0.00       0.00       0.00       0.00          0 
10-01-2014 02:34:20    3925.88    5139.42    4104.95    5141.00      451.8      451.8      451.8          0        232        232        232          0          5     213.74          0          0          0          0          0          0          0      12.10          0         15     300.44        288      35.15         48        1.2       1.16       41.6       37.9       0.00       0.00       0.00       0.00          0 
10-01-2014 02:34:30    3925.88    5139.42    4104.95    5141.00      451.4      451.4      451.4          0        232        232        232          0          5     213.74          0          0          0          0          0          0          0      12.10          0          9     300.22        246      35.15         46        1.2       1.16       41.6       37.9       0.00       0.00       0.00       0.00          0 
10-01-2014 02:34:40    3925.88    5139.42    4104.95    5141.00      451.4      451.4      451.4          0        232        232        232          0          4     213.74          0          0          0          0          0          0          0      12.10          0          8     300.56        212      35.01         64        1.2       1.16       41.6       37.9       0.00       0.00       0.00       0.00          0 
10-01-2014 02:34:50    3925.88    5139.42    4104.95    5141.00      451.4      451.4      451.4          0        232        232        232          0          2     213.74          0          0          0          0          0          0          0      12.10          0         13     300.66        282      35.01         64        1.2       1.16       41.6       37.9       0.00       0.00       0.00       0.00          0 
10-01-2014 02:35:00    3925.88    5139.42    4104.95    5141.00      451.7      451.7      451.7          0        232        232        232          0          5     213.74          0          0          0          0          0          0          0      12.10          0         14     299.99        352      35.09         67        1.2       1.16       41.6       37.9       0.00       0.00       0.00       0.00          0 
10-01-2014 02:35:10    3925.88    5139.42    4104.95    5141.00      451.5      451.5      451.5          0        234        232        232          0          4     213.74          0          0          0          0          0          0          0      12.10          0          8     299.12        480      35.11         50        1.2       1.16       41.7       37.9       0.00       0.00       0.00       0.00          0 
10-01-2014 02:35:20    3925.88    5139.42    4104.95    5141.00      451.9      451.9      451.9          0        232        232        232          0          4     213.74          0          0          0          0          0          0          0      12.10          0         12     299.88        618      35.06         55        1.2       1.16       41.6       37.9       0.00       0.00       0.00       0.00          0 
10-01-2014 02:35:30    3925.88    5139.42    4104.95    5141.00      451.3      451.3      451.3          0        232        232        232          0          4     213.74          0          0          0          0          0          0          0      12.10          0         15     299.97        665      34.95         56        1.2       1.16       41.6       37.9       0.00       0.00       0.00       0.00          0 
10-01-2014 02:35:40    3925.88    5139.42    4104.95    5141.00      450.9      450.9      450.9          0        232        232        232          0          5     213.74          0          0          0          0          0          0          0      12.10          0          9     299.59        674      35.00         58        1.2       1.16       41.6       37.9       0.00       0.00       0.00       0.00          0 
10-01-2014 02:35:50    3925.88    5139.42    4104.95    5141.00      451.0      451.0      451.0          0        232        232        232          0          4     213.74          0          0          0          0          0          0          0      12.10          0          7     300.60        755      35.17         81        1.2       1.16       41.6       37.9       0.00       0.00       0.00       0.00          0 
10-01-2014 02:36:00    3925.88    5139.42    4104.95    5141.00      451.0      451.0      451.0          0        233        232        232          0          4     213.74          0          0          0          0          0          0          0      12.10          0         17     300.06        698      35.03         96        1.2       1.16       41.6       37.9       0.00       0.00       0.00       0.00          0 
10-01-2014 02:36:10    3925.88    5139.42    4104.95    5141.00      450.8      450.8      450.8          0        232        232        232          0          5     213.74          0          0          0          0          0          0          0      12.10          0         16     301.00        632      34.98         92        1.2       1.16       41.7       37.9       0.00       0.00       0.00       0.00          0 
10-01-2014 02:36:20    3925.88    5139.42    4104.95    5141.00      451.1      451.1      451.1          0        232        232        232          0          5     213.74          0          0          0          0          0          0          0      12.10          0         11     301.13        618      35.00         81        1.2       1.16       41.6       37.9       0.00       0.00       0.00       0.00          0 
10-01-2014 02:36:30    3925.88    5139.42    4104.95    5141.00      450.8      450.8      450.8          0        233        232        232          0          4     213.74          0          0          0          0          0          0          0      12.10          0          5     299.85        783      34.99         82        1.2       1.16       41.6       37.9       0.00       0.00       0.00       0.00          0 
10-01-2014 02:36:40    3925.88    5139.42    4104.95    5141.00      451.4      451.4      451.4          0        234        232        232          0          4     213.74          0          0          0          0          0          0          0      12.10          0          8     299.78        769      34.98         67        1.2       1.16       41.6       37.9       0.00       0.00       0.00       0.00          0 
10-01-2014 02:36:50    3925.88    5139.42    4104.95    5141.00      451.4      451.4      451.4          0        236        232        232          0          4     213.74          0          0          0          0          0          0          0      12.10          0         16     300.53        713      34.96         47        1.2       1.16       41.6       37.9       0.00       0.00       0.00       0.00          0 
10-01-2014 02:37:00    3925.88    5139.42    4104.95    5141.00      451.8      451.8      451.8          0        232        232        232          0          5     213.74          0          0          0          0          0          0          0      12.10          0         14     300.28        580      34.96         26        1.2       1.16       41.6       37.9       0.00       0.00       0.00       0.00          0 
10-01-2014 02:37:10    3925.88    5139.42    4104.95    5141.00      451.6      451.6      451.6          0        232        232        232          0          4     213.74          0          0          0          0          0          0          0      12.10          0          9     300.21        509      34.88         41        1.2       1.16       41.6       37.9       0.00       0.00       0.00       0.00          0 
10-01-2014 02:37:20    3925.88    5139.42    4104.95    5141.00      451.5      451.5      451.5          0        234        232        232          0          5     213.74          0          0          0          0          0          0          0      12.10          0         10     300.20        383      34.96         47        1.2       1.16       41.6       37.9       0.00       0.00       0.00       0.00          0 
10-01-2014 02:37:30    3925.88    5139.42    4104.95    5141.00      450.7      450.7      450.7          0        232        232        232          0          5     213.74          0          0          0          0          0          0          0      12.10          0         14     300.25        248      34.98         47        1.2       1.16       41.6       37.9       0.00       0.00       0.00       0.00          0 
10-01-2014 02:37:40    3925.88    5139.42    4104.95    5141.00      451.3      451.3      451.3          0        232        232        232          0          4     213.74          0          0          0          0          0          0          0      12.10          0         11     299.84        192      35.07         58        1.2       1.16       41.6       37.9       0.00       0.00       0.00       0.00          0 
10-01-2014 02:37:50    3925.88    5139.42    4104.95    5141.00      451.4      451.4      451.4          0        232        232        232          0          6     213.74          0          0          0          0          0          0          0      12.10          0         12     299.86        190      35.07         56        1.2       1.16       41.6       37.9       0.00       0.00       0.00       0.00          0 
10-01-2014 02:38:00    3925.88    5139.42    4104.95    5141.00      451.4      451.4      451.4          0        232        232        232          0          5     213.74          0          0          0          0          0          0          0      12.10          0         12     300.06        246      35.16         55        1.2       1.16       41.6       37.9       0.00       0.00       0.00       0.00          0 
10-01-2014 02:38:10    3925.88    5139.42    4104.95    5141.00      451.5      451.5      451.5          0        232        232        232          0          5     213.74          0          0          0          0          0          0          0      12.10          0         12     299.97        274      35.16         47        1.2       1.16       41.6       37.9       0.00       0.00       0.00       0.00          0 
10-01-2014 02:38:20    3925.88    5139.42    4104.95    5141.00      451.1      451.1      451.1          0        232        232        232          0          4     213.74          0          0          0          0          0          0          0      12.10          0         10     300.20        375      35.15         37        1.2       1.16       41.6       37.9       0.00       0.00       0.00       0.00          0 
10-01-2014 02:38:30    3925.88    5139.42    4104.95    5141.00      451.1      451.1      451.1          0        232        232        232          0          5     213.74          0          0          0          0          0          0          0      12.10          0         11     300.23        429      35.11         31        1.2       1.16       41.6       37.9       0.00       0.00       0.00       0.00          0 
10-01-2014 02:38:40    3925.88    5139.42    4104.95    5141.00      451.4      451.4      451.4          0        234        232        232          0          5     213.74          0          0          0          0          0          0          0      12.10          0         13     299.66        450      35.06         37        1.2       1.16       41.6       37.9       0.00       0.00       0.00       0.00          0 
10-01-2014 02:38:50    3925.88    5139.42    4104.95    5141.00      451.0      451.0      451.0          0        232        232        232          0          4     213.74          0          0          0          0          0          0          0      12.10          0          9     299.60        414      35.05         24        1.2       1.16       41.6       37.9       0.00       0.00       0.00       0.00          0 
10-01-2014 02:39:00    3925.88    5139.42    4104.95    5141.00      451.2      451.2      451.2          0        232        232        232          0          5     213.74          0          0          0          0          0          0          0      12.10          0         14     299.80        437      35.06         23        1.2       1.16       41.6       37.9       0.00       0.00       0.00       0.00          0 
10-01-2014 02:39:10    3925.88    5139.42    4104.95    5141.00      451.1      451.1      451.1          0        232        232        232          0          5     213.74          0          0          0          0          0          0          0      12.10          0         15     299.36        403      35.07         22        1.2       1.16       41.6       37.9       0.00       0.00       0.00       0.00          0 
10-01-2014 02:39:20    3925.88    5139.42    4104.95    5141.00      451.1      451.1      451.1          0        232        232        232          0          4     213.74          0          0          0          0          0          0          0      12.10          0          9     299.29        394      35.08         23        1.2       1.16       41.6       37.9       0.00       0.00       0.00       0.00          0 
10-01-2014 02:39:30    3925.88    5139.42    4104.95    5141.00      451.3      451.3      451.3          0        232        232        232          0          5     213.74          0          0          0          0          0          0          0      12.10          0         12     299.76        416      35.09         19        1.2       1.16       41.6       37.9       0.00       0.00       0.00       0.00          0 
10-01-2014 02:39:40    3925.88    5139.42    4104.95    5141.00      451.2      451.2      451.2          0        232        232        232          0          3     213.74          0          0          0          0          0          0          0      12.10          0         12     300.12        426      35.06         14        1.2       1.16       41.6       37.9       0.00       0.00       0.00       0.00          0 
10-01-2014 02:39:50    3925.88    5139.42    4104.95    5141.00      451.2      451.2      451.2          0        232        232        232          0          4     213.74          0          0          0          0          0          0          0      12.10          0          7     299.61        441      35.07         17        1.2       1.16       41.6       37.9       0.00       0.00       0.00       0.00          0 
10-01-2014 02:40:00    3925.88    5139.42    4104.95    5141.00      451.1      451.1      451.1          0        232        232        232          0          4     213.74          0          0          0          0          0          0          0      12.10          0         10     299.98        468      35.07         19        1.2       1.16       41.6       37.9       0.00       0.00       0.00       0.00          0 
10-01-2014 02:40:10    3925.88    5139.42    4104.95    5141.00      451.2      451.2      451.2          0        233        244        244          0          4     213.74          0          0          0          0          0          0          0      12.10          0         14     300.66        494      35.05         21        1.2       1.16       41.6       37.9       0.00       0.00       0.00       0.00          0 
10-01-2014 02:40:20    3925.88    5139.42    4104.95    5141.00      451.1      451.1      451.1          0        233        232        232          0          4     213.74          0          0          0          0          0          0          0      12.10          0          7     300.53        516      34.97         34        1.2       1.16       41.5       37.9       0.00       0.00       0.00       0.00          0 
10-01-2014 02:40:30    3925.88    5139.42    4104.95    5141.00      451.4      451.4      451.4          0        232        232        232          0          3     213.74          0          0          0          0          0          0          0      12.10          0          9     299.90        518      35.01         36        1.2       1.16       41.6       37.9       0.00       0.00       0.00       0.00          0 
10-01-2014 02:40:40    3925.88    5139.42    4104.95    5141.00      450.9      450.9      450.9          0        232        232        232          0          5     213.74          0          0          0          0          0          0          0      12.10          0          7     300.25        471      35.12         49        1.2       1.16       41.6       37.9       0.00       0.00       0.00       0.00          0 
10-01-2014 02:40:50    3925.88    5139.42    4104.95    5141.00      450.7      450.7      450.7          0        232        232        232          0          4     213.74          0          0          0          0          0          0          0      12.10          0         16     300.14        444      35.09         52        1.2       1.16       41.6       37.9       0.00       0.00       0.00       0.00          0 
10-01-2014 02:41:00    3925.88    5139.42    4104.95    5141.00      451.1      451.1      451.1          0        235        232        232          0          5     213.74          0          0          0          0          0          0          0      12.10          0         10     299.59        480      34.92         78        1.2       1.16       41.6       37.9       0.00       0.00       0.00       0.00          0 
10-01-2014 02:41:10    3925.88    5139.42    4104.95    5141.00      451.0      451.0      451.0          0        235        232        232          0          4     213.74          0          0          0          0          0          0          0      12.10          0         12     299.94        426      34.92         69        1.2       1.16       41.6       37.9       0.00       0.00       0.00       0.00          0 
10-01-2014 02:41:20    3925.88    5139.42    4104.95    5141.00      450.5      450.5      450.5          0        232        232        232          0          3     213.74          0          0          0          0          0          0          0      12.10          0         10     300.48        458      34.92         69        1.2       1.16       41.6       37.9       0.00       0.00       0.00       0.00          0 
10-01-2014 02:41:30    3925.88    5139.42    4104.95    5141.00      450.7      450.7      450.7          0        232        232        232          0          4     213.74          0          0          0          0          0          0          0      12.10          0         12     300.20        423      34.98         52        1.2       1.16       41.5       37.9       0.00       0.00       0.00       0.00          0 
10-01-2014 02:41:40    3925.88    5139.42    4104.95    5141.00      451.4      451.4      451.4          0        232        232        232          0          5     213.74          0          0          0          0          0          0          0      12.10          0         12     299.60        495      35.04         64        1.2       1.16       41.6       37.9       0.00       0.00       0.00       0.00          0 
10-01-2014 02:41:50    3925.88    5139.42    4104.95    5141.00      451.3      451.3      451.3          0        232        232        232          0          5     213.74          0          0          0          0          0          0          0      12.10          0         10     299.75        488      35.03         38        1.2       1.16       41.5       37.9       0.00       0.00       0.00       0.00          0 
10-01-2014 02:42:00    3925.88    5139.42    4104.95    5141.00      451.5      451.5      451.5          0        232        232        232          0          4     213.74          0          0          0          0          0          0          0      12.10          0         13     299.58        483      35.04         30        1.2       1.16       41.6       37.9       0.00       0.00       0.00       0.00          0 
10-01-2014 02:42:10    3925.88    5139.42    4104.95    5141.00      451.1      451.1      451.1          0        232        232        232          0          4     213.74          0          0          0          0          0          0          0      12.10          0         10     300.43        482      35.07         30        1.2       1.16       41.6       37.9       0.00       0.00       0.00       0.00          0 
10-01-2014 02:42:20    3925.88    5139.42    4104.95    5141.00      450.9      450.9      450.9          0        232        232        232          0          3     213.74          0          0          0          0          0          0          0      12.10          0         12     300.45        473      35.07         25        1.2       1.16       41.5       37.9       0.00       0.00       0.00       0.00          0 
10-01-2014 02:42:30    3925.88    5139.42    4104.95    5141.00      450.7      450.7      450.7          0        232        232        232          0          3     213.74          0          0          0          0          0          0          0      12.10          0          9     300.53        386      35.10         23        1.2       1.16       41.6       37.9       0.00       0.00       0.00       0.00          0 
10-01-2014 02:42:40    3925.88    5139.42    4104.95    5141.00      451.2      451.2      451.2          0        233        244        244          0          3     213.74          0          0          0          0          0          0          0      12.10          0         14     299.98        395      35.07         18        1.2       1.16       41.6       37.9       0.00       0.00       0.00       0.00          0 
10-01-2014 02:42:50    3925.88    5139.42    4104.95    5141.00      451.3      451.3      451.3          0        233        244        244          0          4     213.74          0          0          0          0          0          0          0      12.10          0          8     299.28        530      35.07         21        1.2       1.16       41.6       37.9       0.00       0.00       0.00       0.00          0 
10-01-2014 02:43:00    3925.88    5139.42    4104.95    5141.00      451.3      451.3      451.3          0        234        232        232          0          3     213.74          0          0          0          0          0          0          0      12.10          0         12     299.68        466      35.03         25        1.2       1.16       41.6       37.9       0.00       0.00       0.00       0.00          0 
10-01-2014 02:43:10    3925.88    5139.42    4104.95    5141.00      451.1      451.1      451.1          0        234        232        232          0          4     213.74          0          0          0          0          0          0          0      12.10          0          9     299.57        463      35.05         29        1.2       1.16       41.6       37.9       0.00       0.00       0.00       0.00          0 
10-01-2014 02:43:20    3925.88    5139.42    4104.95    5141.00      451.4      451.4      451.4          0        232        232        232          0          4     213.74          0          0          0          0          0          0          0      12.10          0         12     299.94        505      35.04         26        1.2       1.16       41.6       37.9       0.00       0.00       0.00       0.00          0 
10-01-2014 02:43:30    3925.88    5139.42    4104.95    5141.00      451.1      451.1      451.1          0        232        232        232          0          3     213.74          0          0          0          0          0          0          0      12.10          0         14     299.95        464      35.01         29        1.2       1.16       41.6       37.9       0.00       0.00       0.00       0.00          0 
10-01-2014 02:43:40    3925.88    5139.42    4104.95    5141.00      451.4      451.4      451.4          0        232        232        232          0          3     213.74          0          0          0          0          0          0          0      12.10          0         10     299.45        395      35.05         28        1.2       1.16       41.5       37.9       0.00       0.00       0.00       0.00          0 
10-01-2014 02:43:50    3925.88    5139.42    4104.95    5141.00      451.4      451.4      451.4          0        234        232        232          0          3     213.74          0          0          0          0          0          0          0      12.10          0          9     299.63        373      35.08         31        1.2       1.16       41.6       37.9       0.00       0.00       0.00       0.00          0 
10-01-2014 02:44:00    3925.88    5139.42    4104.95    5141.00      450.8      450.8      450.8          0        232        232        232          0          3     213.74          0          0          0          0          0          0          0      12.10          0         14     300.29        469      35.08         23        1.2       1.16       41.6       37.9       0.00       0.00       0.00       0.00          0 
10-01-2014 02:44:10    3925.88    5139.42    4104.95    5141.00      450.9      450.9      450.9          0        232        232        232          0          3     213.74          0          0          0          0          0          0          0      12.10          0          9     300.32        426      35.06         24        1.2       1.16       41.6       37.9       0.00       0.00       0.00       0.00          0 
10-01-2014 02:44:20    3925.88    5139.42    4104.95    5141.00      451.1      451.1      451.1          0        232        232        232          0          4     213.74          0          0          0          0          0          0          0      12.10          0         12     300.15        420      35.05         19        1.2       1.16       41.6       37.9       0.00       0.00       0.00       0.00          0 
10-01-2014 02:44:30    3925.88    5139.42    4104.95    5141.00      451.3      451.3      451.3          0        233        232        232          0          4     213.74          0          0          0          0          0          0          0      12.10          0         12     300.18        292      35.06         19        1.2       1.16       41.6       37.9       0.00       0.00       0.00       0.00          0 
10-01-2014 02:44:40    3925.88    5139.42    4104.95    5141.00      450.9      450.9      450.9          0        233        232        232          0          4     213.74          0          0          0          0          0          0          0      12.10          0          9     300.12        264      35.08         18        1.2       1.16       41.6       37.9       0.00       0.00       0.00       0.00          0 
10-01-2014 02:44:50    3925.88    5139.42    4104.95    5141.00      451.5      451.5      451.5          0        232        232        232          0          4     213.74          0          0          0          0          0          0          0      12.10          0         16     300.13        204      35.10         18        1.2       1.16       41.6       37.9       0.00       0.00       0.00       0.00          0 
10-01-2014 02:45:00    3925.88    5139.42    4104.95    5141.00      451.1      451.1      451.1          0        232        232        232          0          4     213.74          0          0          0          0          0          0          0      12.10          0          8     300.15        179      35.05         23        1.2       1.16       41.6       37.9       0.00       0.00       0.00       0.00          0 
10-01-2014 02:45:10    3925.88    5139.42    4104.95    5141.00      451.3      451.3      451.3          0        232        232        232          0          4     213.74          0          0          0          0          0          0          0      12.10          0          9     299.91        206      34.97         34        1.2       1.16       41.6       37.9       0.00       0.00       0.00       0.00          0 
10-01-2014 02:45:20    3925.88    5139.42    4104.95    5141.00      451.3      451.3      451.3          0        232        232        232          0          4     213.74          0          0          0          0          0          0          0      12.10          0         10     299.62        235      34.89         45        1.2       1.16       41.6       37.9       0.00       0.00       0.00       0.00          0 
10-01-2014 02:45:30    3925.88    5139.42    4104.95    5141.00      450.9      450.9      450.9          0        232        232        232          0          3     213.74          0          0          0          0          0          0          0      12.10          0         14     300.18        343      34.91         51        1.2       1.16       41.6       37.9       0.00       0.00       0.00       0.00          0 
10-01-2014 02:45:40    3925.88    5139.42    4104.95    5141.00      451.3      451.3      451.3          0        234        232        232          0          3     213.74          0          0          0          0          0          0          0      12.10          0          8     300.33        368      35.08         76        1.2       1.16       41.5       37.9       0.00       0.00       0.00       0.00          0 
10-01-2014 02:45:50    3925.88    5139.42    4104.95    5141.00      451.4      451.4      451.4          0        232        232        232          0          5     213.74          0          0          0          0          0          0          0      12.10          0         14     300.30        330      35.12         81        1.2       1.16       41.6       37.9       0.00       0.00       0.00       0.00          0 
10-01-2014 02:46:00    3925.88    5139.42    4104.95    5141.00      450.9      450.9      450.9          0        232        232        232          0          3     213.74          0          0          0          0          0          0          0      12.10          0         14     300.71        359      35.11         69        1.2       1.16       41.6       37.9       0.00       0.00       0.00       0.00          0 
10-01-2014 02:46:10    3925.88    5139.42    4104.95    5141.00      450.5      450.5      450.5          0        232        232        232          0          3     213.74          0          0          0          0          0          0          0      12.10          0          6     300.27        371      35.07         66        1.2       1.16       41.6       37.9       0.00       0.00       0.00       0.00          0 
10-01-2014 02:46:20    3925.88    5139.42    4104.95    5141.00      451.4      451.4      451.4          0        232        232        232          0          3     213.74          0          0          0          0          0          0          0      12.10          0          5     300.30        384      35.17         67        1.2       1.16       41.6       37.9       0.00       0.00       0.00       0.00          0 
10-01-2014 02:46:30    3925.88    5139.42    4104.95    5141.00      451.1      451.1      451.1          0        232        232        232          0          3     213.74          0          0          0          0          0          0          0      12.10          0         14     300.13        302      35.16         58        1.2       1.16       41.5       37.9       0.00       0.00       0.00       0.00          0 
10-01-2014 02:46:40    3925.88    5139.42    4104.95    5141.00      451.1      451.1      451.1          0        232        232        232          0          3     213.74          0          0          0          0          0          0          0      12.10          0         13     299.86        451      35.03         52        1.2       1.16       41.5       37.9       0.00       0.00       0.00       0.00          0 
10-01-2014 02:46:50    3925.88    5139.42    4104.95    5141.00      451.2      451.2      451.2          0        234        232        232          0          3     213.74          0          0          0          0          0          0          0      12.10          0          7     299.54        453      35.03         52        1.2       1.16       41.5       37.9       0.00       0.00       0.00       0.00          0 
10-01-2014 02:47:00    3925.88    5139.42    4104.95    5141.00      451.0      451.0      451.0          0        232        232        232          0          2     213.74          0          0          0          0          0          0          0      12.10          0         15     299.65        431      35.03         47        1.2       1.16       41.6       37.9       0.00       0.00       0.00       0.00          0 
10-01-2014 02:47:10    3925.88    5139.42    4104.95    5141.00      451.1      451.1      451.1          0        232        232        232          0          2     213.74          0          0          0          0          0          0          0      12.10          0         13     299.81        378      35.13         48        1.2       1.16       41.5       37.9       0.00       0.00       0.00       0.00          0 
10-01-2014 02:47:20    3925.88    5139.42    4104.95    5141.00      451.1      451.1      451.1          0        232        232        232          0          2     213.74          0          0          0          0          0          0          0      12.10          0          7     299.30        428      35.16         48        1.2       1.16       41.5       37.9       0.00       0.00       0.00       0.00          0 
10-01-2014 02:47:30    3925.88    5139.42    4104.95    5141.00      451.0      451.0      451.0          0        232        232        232          0          3     213.74          0          0          0          0          0          0          0      12.10          0         13     299.91        503      34.97         64        1.2       1.16       41.5       37.9       0.00       0.00       0.00       0.00          0 
10-01-2014 02:47:40    3925.88    5139.42    4104.95    5141.00      451.0      451.0      451.0          0        232        232        232          0          2     213.74          0          0          0          0          0          0          0      12.10          0         13     300.65        514      34.98         57        1.2       1.16       41.5       37.9       0.00       0.00       0.00       0.00          0 
10-01-2014 02:47:50    3925.88    5139.42    4104.95    5141.00      451.0      451.0      451.0          0        232        232        232          0          3     213.74          0          0          0          0          0          0          0      12.10          0         14     300.33        535      35.05         70        1.2       1.16       41.6       37.9       0.00       0.00       0.00       0.00          0 
10-01-2014 02:48:00    3925.88    5139.42    4104.95    5141.00      451.4      451.4      451.4          0        232        232        232          0          2     213.74          0          0          0          0          0          0          0      12.10          0          6     299.84        632      35.13         79        1.2       1.16       41.6       37.9       0.00       0.00       0.00       0.00          0 
10-01-2014 02:48:10    3925.88    5139.42    4104.95    5141.00      451.6      451.6      451.6          0        232        232        232          0          3     213.74          0          0          0          0          0          0          0      12.10          0          9     300.83        674      35.15         69        1.2       1.16       41.6       37.9       0.00       0.00       0.00       0.00          0 
10-01-2014 02:48:20    3925.88    5139.42    4104.95    5141.00      451.1      451.1      451.1          0        232        232        232          0          5     213.74          0          0          0          0          0          0          0      12.10          0         13     300.48        628      35.14         56        1.2       1.16       41.6       37.9       0.00       0.00       0.00       0.00          0 
10-01-2014 02:48:30    3925.88    5139.42    4104.95    5141.00      451.6      451.6      451.6          0        233        232        232          0          4     213.74          0          0          0          0          0          0          0      12.10          0         12     299.71        633      35.07         47        1.2       1.16       41.6       37.9       0.00       0.00       0.00       0.00          0 
10-01-2014 02:48:40    3925.88    5139.42    4104.95    5141.00      451.4      451.4      451.4          0        234        232        232          0          4     213.74          0          0          0          0          0          0          0      12.10          0         14     299.25        628      35.08         49        1.2       1.16       41.5       37.9       0.00       0.00       0.00       0.00          0 
10-01-2014 02:48:50    3925.88    5139.42    4104.95    5141.00      451.3      451.3      451.3          0        232        232        232          0          4     213.74          0          0          0          0          0          0          0      12.10          0          3     299.31        522      35.15         38        1.2       1.16       41.6       37.9       0.00       0.00       0.00       0.00          0 
10-01-2014 02:49:00    3925.88    5139.42    4104.95    5141.00      451.2      451.2      451.2          0        232        232        232          0          4     213.74          0          0          0          0          0          0          0      12.10          0          3     300.07        456      35.17         34        1.2       1.16       41.6       37.9       0.00       0.00       0.00       0.00          0 
10-01-2014 02:49:10    3925.88    5139.42    4104.95    5141.00      451.5      451.5      451.5          0        234        232        232          0          3     213.74          0          0          0          0          0          0          0      12.10          0         11     299.91        466      35.12         42        1.2       1.16       41.6       37.9       0.00       0.00       0.00       0.00          0 
10-01-2014 02:49:20    3925.88    5139.42    4104.95    5141.00      451.3      451.3      451.3          0        232        232        232          0          4     213.74          0          0          0          0          0          0          0      12.10          0         15     299.44        363      34.96         60        1.2       1.16       41.5       37.9       0.00       0.00       0.00       0.00          0 
10-01-2014 02:49:30    3925.88    5139.42    4104.95    5141.00      451.1      451.1      451.1          0        232        232        232          0          4     213.74          0          0          0          0          0          0          0      12.10          0          6     299.86        411      35.02         68        1.2       1.16       41.6       37.9       0.00       0.00       0.00       0.00          0 
10-01-2014 02:49:40    3925.88    5139.42    4104.95    5141.00      451.9      451.9      451.9          0        232        232        232          0          4     213.74          0          0          0          0          0          0          0      12.10          0          6     300.50        459      35.11         69        1.2       1.16       41.5       37.9       0.00       0.00       0.00       0.00          0 
10-01-2014 02:49:50    3925.88    5139.42    4104.95    5141.00      451.3      451.3      451.3          0        232        232        232          0          5     213.74          0          0          0          0          0          0          0      12.10          0         15     300.23        391      35.10         68        1.2       1.16       41.5       37.9       0.00       0.00       0.00       0.00          0 
10-01-2014 02:50:00    3925.88    5139.42    4104.95    5141.00      451.1      451.1      451.1          0        232        232        232          0          4     213.74          0          0          0          0          0          0          0      12.10          0         11     300.00        455      35.09         67        1.2       1.16       41.5       37.9       0.00       0.00       0.00       0.00          0 
10-01-2014 02:50:10    3925.88    5139.42    4104.95    5141.00      450.6      450.6      450.6          0        232        232        232          0          4     213.74          0          0          0          0          0          0          0      12.10          0         14     300.49        481      35.09         43        1.2       1.16       41.6       37.9       0.00       0.00       0.00       0.00          0 
10-01-2014 02:50:20    3925.88    5139.42    4104.95    5141.00      450.9      450.9      450.9          0        232        232        232          0          4     213.74          0          0          0          0          0          0          0      12.10          0         15     300.84        491      35.08         34        1.2       1.16       41.6       37.9       0.00       0.00       0.00       0.00          0 
10-01-2014 02:50:30    3925.88    5139.42    4104.95    5141.00      450.5      450.5      450.5          0        232        232        232          0          3     213.74          0          0          0          0          0          0          0      12.10          0         14     300.63        357      34.97         28        1.2       1.16       41.6       37.9       0.00       0.00       0.00       0.00          0 
10-01-2014 02:50:40    3925.88    5139.42    4104.95    5141.00      451.0      451.0      451.0          0        234        232        232          0          3     213.74          0          0          0          0          0          0          0      12.10          0         12     300.82        375      35.09         49        1.2       1.16       41.6       37.9       0.00       0.00       0.00       0.00          0 
10-01-2014 02:50:50    3925.88    5139.42    4104.95    5141.00      451.4      451.4      451.4          0        233        244        244          0          4     213.74          0          0          0          0          0          0          0      12.10          0         12     300.93        384      35.10         54        1.2       1.16       41.6       37.9       0.00       0.00       0.00       0.00          0 
10-01-2014 02:51:00    3925.88    5139.42    4104.95    5141.00      451.0      451.0      451.0          0        233        232        232          0          4     213.74          0          0          0          0          0          0          0      12.10          0         13     300.53        388      35.06         61        1.2       1.16       41.6       37.9       0.00       0.00       0.00       0.00          0 
10-01-2014 02:51:10    3925.88    5139.42    4104.95    5141.00      451.2      451.2      451.2          0        234        232        232          0          4     213.74          0          0          0          0          0          0          0      12.10          0         15     300.09        536      35.15         74        1.2       1.17       41.5       37.8       0.00       0.00       0.00       0.00          0 
10-01-2014 02:51:20    3925.88    5139.42    4104.95    5141.00      450.6      450.6      450.6          0        232        232        232          0          3     213.74          0          0          0          0          0          0          0      12.10          0          6     299.40        639      35.18         72        1.2       1.16       41.6       37.9       0.00       0.00       0.00       0.00          0 
10-01-2014 02:51:30    3925.88    5139.42    4104.95    5141.00      450.9      450.9      450.9          0        234        232        232          0          4     213.74          0          0          0          0          0          0          0      12.10          0         13     299.71        684      35.09         75        1.2       1.16       41.6       37.9       0.00       0.00       0.00       0.00          0 
10-01-2014 02:51:40    3925.88    5139.42    4104.95    5141.00      450.9      450.9      450.9          0        233        232        232          0          4     213.74          0          0          0          0          0          0          0      12.10          0         12     300.02        643      35.06         63        1.2       1.16       41.5       37.9       0.00       0.00       0.00       0.00          0 
10-01-2014 02:51:50    3925.88    5139.42    4104.95    5141.00      450.9      450.9      450.9          0        232        232        232          0          4     213.74          0          0          0          0          0          0          0      12.10          0          9     300.03        564      35.12         66        1.2       1.16       41.5       37.9       0.00       0.00       0.00       0.00          0 
10-01-2014 02:52:00    3925.88    5139.42    4104.95    5141.00      451.0      451.0      451.0          0        232        232        232          0          3     213.74          0          0          0          0          0          0          0      12.10          0         12     300.02        466      35.09         55        1.2       1.16       41.5       37.9       0.00       0.00       0.00       0.00          0 
10-01-2014 02:52:10    3925.88    5139.42    4104.95    5141.00      450.4      450.4      450.4          0        235        232        232          0          3     213.74          0          0          0          0          0          0          0      12.10          0         13     300.27        338      35.10         49        1.2       1.16       41.6       37.9       0.00       0.00       0.00       0.00          0 
10-01-2014 02:52:20    3925.88    5139.42    4104.95    5141.00      450.3      450.3      450.3          0        233        232        232          0          2     213.74          0          0          0          0          0          0          0      12.10          0         13     300.16        274      35.19         55        1.2       1.16       41.6       37.9       0.00       0.00       0.00       0.00          0 
10-01-2014 02:52:30    3925.88    5139.42    4104.95    5141.00      451.5      451.5      451.5          0        232        232        232          0          3     213.74          0          0          0          0          0          0          0      12.10          0         10     300.18        271      35.15         44        1.2       1.16       41.5       37.8       0.00       0.00       0.00       0.00          0 
10-01-2014 02:52:40    3925.88    5139.42    4104.95    5141.00      451.2      451.2      451.2          0        234        232        232          0          4     213.74          0          0          0          0          0          0          0      12.10          0         12     300.87        326      35.14         32        1.2       1.16       41.5       37.8       0.00       0.00       0.00       0.00          0 
10-01-2014 02:52:50    3925.88    5139.42    4104.95    5141.00      451.4      451.4      451.4          0        232        232        232          0          3     213.74          0          0          0          0          0          0          0      12.10          0          9     300.62        334      35.25         47        1.2       1.16       41.6       37.9       0.00       0.00       0.00       0.00          0 
10-01-2014 02:53:00    3925.88    5139.42    4104.95    5141.00      451.4      451.4      451.4          0        232        232        232          0          4     213.74          0          0          0          0          0          0          0      12.10          0         12     300.26        321      35.14         65        1.2       1.16       41.6       37.9       0.00       0.00       0.00       0.00          0 
10-01-2014 02:53:10    3925.88    5139.42    4104.95    5141.00      450.9      450.9      450.9          0        232        232        232          0          3     213.74          0          0          0          0          0          0          0      12.10          0         11     299.71        406      35.10         64        1.2       1.16       41.5       37.9       0.00       0.00       0.00       0.00          0 
10-01-2014 02:53:20    3925.88    5139.42    4104.95    5141.00      451.3      451.3      451.3          0        232        232        232          0          3     213.74          0          0          0          0          0          0          0      12.10          0          8     300.09        431      35.17         70        1.2       1.16       41.5       37.9       0.00       0.00       0.00       0.00          0 
10-01-2014 02:53:30    3925.88    5139.42    4104.95    5141.00      451.2      451.2      451.2          0        232        232        232          0          3     213.74          0          0          0          0          0          0          0      12.10          0          7     299.63        467      35.17         66        1.2       1.16       41.6       37.9       0.00       0.00       0.00       0.00          0 
10-01-2014 02:53:40    3925.88    5139.42    4104.95    5141.00      450.9      450.9      450.9          0        232        232        232          0          3     213.74          0          0          0          0          0          0          0      12.10          0          9     299.41        443      35.14         66        1.2       1.16       41.6       37.8       0.00       0.00       0.00       0.00          0 
10-01-2014 02:53:50    3925.88    5139.42    4104.95    5141.00      450.9      450.9      450.9          0        232        232        232          0          2     213.74          0          0          0          0          0          0          0      12.10          0         13     299.71        519      35.12         52        1.2       1.16       41.5       37.9       0.00       0.00       0.00       0.00          0 
10-01-2014 02:54:00    3925.88    5139.42    4104.95    5141.00      451.1      451.1      451.1          0        232        232        232          0          3     213.74          0          0          0          0          0          0          0      12.10          0         14     299.78        509      35.04         43        1.2       1.16       41.6       37.9       0.00       0.00       0.00       0.00          0 
10-01-2014 02:54:10    3925.88    5139.42    4104.95    5141.00      451.6      451.6      451.6          0        235        244        244          0          1     213.74          0          0          0          0          0          0          0      12.10          0         12     299.80        399      35.17         53        1.2       1.16       41.5       37.9       0.00       0.00       0.00       0.00          0 
10-01-2014 02:54:20    3925.88    5139.42    4104.95    5141.00      451.2      451.2      451.2          0        233        232        232          0          3     213.74          0          0          0          0          0          0          0      12.10          0         12     299.75        403      35.25         68        1.2       1.16       41.6       37.9       0.00       0.00       0.00       0.00          0 
10-01-2014 02:54:30    3925.88    5139.42    4104.95    5141.00      450.5      450.5      450.5          0        232        232        232          0          3     213.74          0          0          0          0          0          0          0      12.10          0         14     300.34        395      35.14         82        1.2       1.16       41.5       37.9       0.00       0.00       0.00       0.00          0 
10-01-2014 02:54:40    3925.88    5139.42    4104.95    5141.00      450.8      450.8      450.8          0        232        232        232          0          2     213.74          0          0          0          0          0          0          0      12.10          0          9     299.94        415      35.10         87        1.2       1.16       41.6       37.9       0.00       0.00       0.00       0.00          0 
10-01-2014 02:54:50    3925.88    5139.42    4104.95    5141.00      451.2      451.2      451.2          0        232        232        232          0          2     213.74          0          0          0          0          0          0          0      12.10          0         13     300.08        304      35.14         94        1.2       1.16       41.6       37.8       0.00       0.00       0.00       0.00          0 
10-01-2014 02:55:00    3925.88    5139.42    4104.95    5141.00      451.0      451.0      451.0          0        232        232        232          0          3     213.74          0          0          0          0          0          0          0      12.10          0         10     299.77        314      35.21         73        1.2       1.16       41.5       37.9       0.00       0.00       0.00       0.00          0 
10-01-2014 02:55:10    3925.88    5139.42    4104.95    5141.00      451.0      451.0      451.0          0        232        232        232          0          3     213.74          0          0          0          0          0          0          0      12.10          0         13     299.70        306      35.24         62        1.2       1.16       41.6       37.9       0.00       0.00       0.00       0.00          0 
10-01-2014 02:55:20    3925.88    5139.42    4104.95    5141.00      451.9      451.9      451.9          0        234        232        232          0          3     213.74          0          0          0          0          0          0          0      12.10          0         12     299.83        213      35.24         54        1.2       1.16       41.5       37.9       0.00       0.00       0.00       0.00          0 
10-01-2014 02:55:30    3925.88    5139.42    4104.95    5141.00      450.9      450.9      450.9          0        233        232        232          0          3     213.74          0          0          0          0          0          0          0      12.10          0          2     299.75        213      35.23         36        1.2       1.16       41.5       37.8       0.00       0.00       0.00       0.00          0 
10-01-2014 02:55:40    3925.88    5139.42    4104.95    5141.00      450.8      450.8      450.8          0        236        232        232          0          3     213.74          0          0          0          0          0          0          0      12.10          0          2     300.43        249      35.15         35        1.2       1.16       41.5       37.8       0.00       0.00       0.00       0.00          0 
10-01-2014 02:55:50    3925.88    5139.42    4104.95    5141.00      451.2      451.2      451.2          0        232        232        232          0          3     213.74          0          0          0          0          0          0          0      12.10          0         14     300.70        288      32.97        438        1.2       1.16       41.5       37.9       0.00       0.00       0.00       0.00          0 
10-01-2014 02:56:00    3925.88    5139.42    4104.95    5141.00      450.8      450.8      450.8          0        232        232        232          0          3     213.74          0          0          0          0          0          0          0      12.10          0         14     300.64        281      33.90        595        1.2       1.16       41.6       37.9       0.00       0.00       0.00       0.00          0 
10-01-2014 02:56:10    3925.88    5139.42    4104.95    5141.00      451.2      451.2      451.2          0        232        232        232          0          3     213.74          0          0          0          0          0          0          0      12.10          0         14     300.43        297      34.89        768        1.2       1.16       41.6       37.8       0.00       0.00       0.00       0.00          0 
10-01-2014 02:56:20    3925.88    5139.42    4104.95    5141.00      450.5      450.5      450.5          0        234        232        232          0          3     213.74          0          0          0          0          0          0          0      12.10          0         10     300.26        303      34.92        772        1.2       1.16       41.6       37.9       0.00       0.00       0.00       0.00          0 
10-01-2014 02:56:30    3925.88    5139.42    4104.95    5141.00      450.5      450.5      450.5          0        232        232        232          0          3     213.74          0          0          0          0          0          0          0      12.10          0         11     299.65        302      35.18        789        1.2       1.16       41.5       37.9       0.00       0.00       0.00       0.00          0 
10-01-2014 02:56:40    3925.88    5139.42    4104.95    5141.00      450.6      450.6      450.6          0        232        232        232          0          3     213.74          0          0          0          0          0          0          0      12.10          0          5     300.86        433      35.19        748        1.2       1.16       41.5       37.8       0.00       0.00       0.00       0.00          0 
10-01-2014 02:56:50    3925.88    5139.42    4104.95    5141.00      450.8      450.8      450.8          0        232        232        232          0          1     213.74          0          0          0          0          0          0          0      12.10          0         13     299.72        612      35.15        367        1.2       1.16       41.5       37.8       0.00       0.00       0.00       0.00          0 
10-01-2014 02:57:00    3925.88    5139.42    4104.95    5141.00      450.5      450.5      450.5          0        232        232        232          0          2     213.74          0          0          0          0          0          0          0      12.10          0          8     300.01        660      35.02        127        1.2       1.16       41.5       37.9       0.00       0.00       0.00       0.00          0 
10-01-2014 02:57:10    3925.88    5139.42    4104.95    5141.00      450.6      450.6      450.6          0        232        232        232          0          2     213.74          0          0          0          0          0          0          0      12.10          0         12     300.66        717      35.02         82        1.2       1.17       41.6       37.9       0.00       0.00       0.00       0.00          0 
10-01-2014 02:57:20    3925.88    5139.42    4104.95    5141.00      451.5      451.5      451.5          0        232        232        232          0          2     213.74          0          0          0          0          0          0          0      12.10          0         14     300.61        666      35.09         60        1.2       1.16       41.5       37.8       0.00       0.00       0.00       0.00          0 
10-01-2014 02:57:30    3925.88    5139.42    4104.95    5141.00      450.1      450.1      450.1          0        232        232        232          0          4     213.74          0          0          0          0          0          0          0      12.10          0          8     300.77        641      35.13         58        1.2       1.17       41.5       37.8       0.00       0.00       0.00       0.00          0 
10-01-2014 02:57:40    3925.88    5139.42    4104.95    5141.00      450.9      450.9      450.9          0        232        232        232          0          2     213.74          0          0          0          0          0          0          0      12.10          0         16     300.78        439      35.08         62        1.2       1.16       41.6       37.8       0.00       0.00       0.00       0.00          0 
10-01-2014 02:57:50    3925.88    5139.42    4104.95    5141.00      450.5      450.5      450.5          0        232        232        232          0          1     213.74          0          0          0          0          0          0          0      12.10          0          8     300.55        368      35.16         60        1.2       1.17       41.5       37.8       0.00       0.00       0.00       0.00          0 
10-01-2014 02:58:00    3925.88    5139.42    4104.95    5141.00      450.9      450.9      450.9          0        232        232        232          0          2     213.74          0          0          0          0          0          0          0      12.10          0          9     299.87        390      35.17         49        1.2       1.17       41.6       37.8       0.00       0.00       0.00       0.00          0 
10-01-2014 02:58:10    3925.88    5139.42    4104.95    5141.00      450.9      450.9      450.9          0        232        232        232          0          2     213.74          0          0          0          0          0          0          0      12.10          0         10     299.30        454      35.14         55        1.2       1.17       41.5       37.9       0.00       0.00       0.00       0.00          0 
10-01-2014 02:58:20    3925.88    5139.42    4104.95    5141.00      450.5      450.5      450.5          0        232        232        232          0          3     213.74          0          0          0          0          0          0          0      12.10          0         15     299.86        512      35.04         51        1.2       1.16       41.5       37.8       0.00       0.00       0.00       0.00          0 
10-01-2014 02:58:30    3925.88    5139.42    4104.95    5141.00      451.1      451.1      451.1          0        232        232        232          0          3     213.74          0          0          0          0          0          0          0      12.10          0         12     300.34        540      35.01         57        1.2       1.16       41.5       37.9       0.00       0.00       0.00       0.00          0 
10-01-2014 02:58:40    3925.88    5139.42    4104.95    5141.00      450.6      450.6      450.6          0        232        232        232          0          2     213.74          0          0          0          0          0          0          0      12.10          0         13     299.96        522      35.14         60        1.2       1.17       41.5       37.8       0.00       0.00       0.00       0.00          0 
10-01-2014 02:58:50    3925.88    5139.42    4104.95    5141.00      450.6      450.6      450.6          0        233        232        232          0          2     213.74          0          0          0          0          0          0          0      12.10          0         10     299.06        553      35.15         61        1.2       1.17       41.5       37.8       0.00       0.00       0.00       0.00          0 
10-01-2014 02:59:00    3925.88    5139.42    4104.95    5141.00      451.0      451.0      451.0          0        233        232        232          0          2     213.74          0          0          0          0          0          0          0      12.10          0         13     299.37        556      35.22         70        1.2       1.16       41.5       37.8       0.00       0.00       0.00       0.00          0 
10-01-2014 02:59:10    3925.88    5139.42    4104.95    5141.00      450.8      450.8      450.8          0        232        232        232          0          2     213.74          0          0          0          0          0          0          0      12.10          0         12     300.63        709      35.24         64        1.2       1.16       41.5       37.9       0.00       0.00       0.00       0.00          0 
10-01-2014 02:59:20    3925.88    5139.42    4104.95    5141.00      450.5      450.5      450.5          0        232        232        232          0          2     213.74          0          0          0          0          0          0          0      12.10          0          8     300.94        681      35.25         52        1.2       1.16       41.5       37.8       0.00       0.00       0.00       0.00          0 
10-01-2014 02:59:30    3925.88    5139.42    4104.95    5141.00      450.9      450.9      450.9          0        234        232        232          0          3     213.74          0          0          0          0          0          0          0      12.10          0          8     300.62        657      35.26         38        1.2       1.17       41.5       37.8       0.00       0.00       0.00       0.00          0 
10-01-2014 02:59:40    3925.88    5139.42    4104.95    5141.00      450.7      450.7      450.7          0        232        232        232          0          3     213.74          0          0          0          0          0          0          0      12.10          0         15     300.18        698      35.27         34        1.2       1.16       41.5       37.8       0.00       0.00       0.00       0.00          0 
10-01-2014 02:59:50    3925.88    5139.42    4104.95    5141.00      450.7      450.7      450.7          0        232        232        232          0          3     213.74          0          0          0          0          0          0          0      12.10          0         14     299.73        681      35.23         32        1.2       1.16       41.6       37.8       0.00       0.00       0.00       0.00          0 
10-01-2014 03:00:00    3925.88    5139.42    4104.95    5141.00      451.2      451.2      451.2          0        232        232        232          0          3     213.74          0          0          0          0          0          0          0      12.10          0         11     300.11        560      35.20         30        1.2       1.17       41.5       37.9       0.00       0.00       0.00       0.00          0 
10-01-2014 03:00:10    3925.88    5139.42    4104.95    5141.00      451.1      451.1      451.1          0        234        232        232          0          3     213.74          0          0          0          0          0          0          0      12.10          0         13     300.25        458      35.11         41        1.2       1.16       41.5       37.8       0.00       0.00       0.00       0.00          0 
10-01-2014 03:00:20    3925.88    5139.42    4104.95    5141.00      450.7      450.7      450.7          0        232        232        232          0          4     213.74          0          0          0          0          0          0          0      12.10          0          9     300.42        483      35.12         38        1.2       1.17       41.5       37.8       0.00       0.00       0.00       0.00          0 
10-01-2014 03:00:30    3925.88    5139.42    4104.95    5141.00      450.9      450.9      450.9          0        232        232        232          0          3     213.74          0          0          0          0          0          0          0      12.10          0          8     300.48        448      35.17         41        1.2       1.17       41.6       37.8       0.00       0.00       0.00       0.00          0 
10-01-2014 03:00:40    3925.88    5139.42    4104.95    5141.00      451.4      451.4      451.4          0        232        232        232          0          4     213.74          0          0          0          0          0          0          0      12.10          0         14     300.09        481      35.19         41        1.2       1.16       41.5       37.8       0.00       0.00       0.00       0.00          0 
10-01-2014 03:00:50    3925.88    5139.42    4104.95    5141.00      450.9      450.9      450.9          0        235        232        232          0          4     213.74          0          0          0          0          0          0          0      12.10          0         13     299.87        368      35.19         31        1.2       1.17       41.6       37.8       0.00       0.00       0.00       0.00          0 
10-01-2014 03:01:00    3925.88    5139.42    4104.95    5141.00      450.7      450.7      450.7          0        232        232        232          0          4     213.74          0          0          0          0          0          0          0      12.10          0         16     299.97        329      35.18         18        1.2       1.16       41.5       37.8       0.00       0.00       0.00       0.00          0 
10-01-2014 03:01:10    3925.88    5139.42    4104.95    5141.00      451.1      451.1      451.1          0        232        232        232          0          5     213.74          0          0          0          0          0          0          0      12.10          0          5     301.09        492      35.15         21        1.2       1.17       41.6       37.8       0.00       0.00       0.00       0.00          0 
10-01-2014 03:01:20    3925.88    5139.42    4104.95    5141.00      450.9      450.9      450.9          0        232        232        232          0          3     213.74          0          0          0          0          0          0          0      12.10          0         15     299.92        631      35.04         37        1.2       1.16       41.5       37.9       0.00       0.00       0.00       0.00          0 
10-01-2014 03:01:30    3925.88    5139.42    4104.95    5141.00      450.8      450.8      450.8          0        232        232        232          0          4     213.74          0          0          0          0          0          0          0      12.10          0         13     299.59        683      35.02         30        1.2       1.16       41.5       37.8       0.00       0.00       0.00       0.00          0 
10-01-2014 03:01:40    3925.88    5139.42    4104.95    5141.00      450.8      450.8      450.8          0        232        232        232          0          2     213.74          0          0          0          0          0          0          0      12.10          0          7     300.62        779      35.10         45        1.2       1.16       41.5       37.8       0.00       0.00       0.00       0.00          0 
10-01-2014 03:01:50    3925.88    5139.42    4104.95    5141.00      451.2      451.2      451.2          0        232        232        232          0          3     213.74          0          0          0          0          0          0          0      12.10          0         15     299.75        890      35.05         58        1.2       1.16       41.5       37.8       0.00       0.00       0.00       0.00          0 
10-01-2014 03:02:00    3925.88    5139.42    4104.95    5141.00      450.4      450.4      450.4          0        232        232        232          0          4     213.74          0          0          0          0          0          0          0      12.10          0          9     300.06        825      35.12         64        1.2       1.16       41.5       37.9       0.00       0.00       0.00       0.00          0 
10-01-2014 03:02:10    3925.88    5139.42    4104.95    5141.00      450.8      450.8      450.8          0        232        232        232          0          2     213.74          0          0          0          0          0          0          0      12.10          0         13     300.73        785      35.19         71        1.2       1.16       41.5       37.8       0.00       0.00       0.00       0.00          0 
10-01-2014 03:02:20    3925.88    5139.42    4104.95    5141.00      450.9      450.9      450.9          0        232        232        232          0          4     213.74          0          0          0          0          0          0          0      12.10          0         12     299.64        763      35.15         59        1.2       1.16       41.5       37.8       0.00       0.00       0.00       0.00          0 
10-01-2014 03:02:30    3925.88    5139.42    4104.95    5141.00      450.5      450.5      450.5          0        232        232        232          0          4     213.74          0          0          0          0          0          0          0      12.10          0          7     300.44        729      35.12         57        1.2       1.16       41.5       37.8       0.00       0.00       0.00       0.00          0 
10-01-2014 03:02:40    3925.88    5139.42    4104.95    5141.00      450.5      450.5      450.5          0        234        232        232          0          4     213.74          0          0          0          0          0          0          0      12.10          0          7     300.43        660      35.16         46        1.2       1.17       41.5       37.8       0.00       0.00       0.00       0.00          0 
10-01-2014 03:02:50    3925.88    5139.42    4104.95    5141.00      451.2      451.2      451.2          0        232        232        232          0          4     213.74          0          0          0          0          0          0          0      12.10          0         12     299.31        741      35.19         47        1.2       1.16       41.6       37.8       0.00       0.00       0.00       0.00          0 
10-01-2014 03:03:00    3925.88    5139.42    4104.95    5141.00      450.8      450.8      450.8          0        233        232        232          0          3     213.74          0          0          0          0          0          0          0      12.10          0         13     299.49        620      35.19         29        1.2       1.17       41.5       37.8       0.00       0.00       0.00       0.00          0 
10-01-2014 03:03:10    3925.88    5139.42    4104.95    5141.00      451.0      451.0      451.0          0        232        232        232          0          4     213.74          0          0          0          0          0          0          0      12.10          0         14     300.34        581      35.17         22        1.2       1.16       41.5       37.8       0.00       0.00       0.00       0.00          0 
10-01-2014 03:03:20    3925.88    5139.42    4104.95    5141.00      451.0      451.0      451.0          0        232        232        232          0          4     213.74          0          0          0          0          0          0          0      12.10          0         15     299.43        664      35.18         23        1.2       1.16       41.5       37.8       0.00       0.00       0.00       0.00          0 
10-01-2014 03:03:30    3925.88    5139.42    4104.95    5141.00      450.2      450.2      450.2          0        232        232        232          0          3     213.74          0          0          0          0          0          0          0      12.10          0          9     299.73        660      35.25         28        1.2       1.17       41.5       37.8       0.00       0.00       0.00       0.00          0 
10-01-2014 03:03:40    3925.88    5139.42    4104.95    5141.00      450.9      450.9      450.9          0        232        232        232          0          4     213.74          0          0          0          0          0          0          0      12.10          0         12     300.07        618      35.26         29        1.2       1.17       41.5       37.8       0.00       0.00       0.00       0.00          0 
10-01-2014 03:03:50    3925.88    5139.42    4104.95    5141.00      450.5      450.5      450.5          0        232        232        232          0          4     213.74          0          0          0          0          0          0          0      12.10          0         13     300.30        649      35.18         38        1.2       1.17       41.5       37.8       0.00       0.00       0.00       0.00          0 
10-01-2014 03:04:00    3925.88    5139.42    4104.95    5141.00      450.5      450.5      450.5          0        232        232        232          0          4     213.74          0          0          0          0          0          0          0      12.10          0         10     300.07        636      35.19         42        1.2       1.17       41.5       37.8       0.00       0.00       0.00       0.00          0 
10-01-2014 03:04:10    3925.88    5139.42    4104.95    5141.00      451.0      451.0      451.0          0        232        232        232          0          4     213.74          0          0          0          0          0          0          0      12.10          0         12     299.96        574      35.24         48        1.2       1.16       41.5       37.8       0.00       0.00       0.00       0.00          0 
10-01-2014 03:04:20    3925.88    5139.42    4104.95    5141.00      450.8      450.8      450.8          0        234        232        232          0          4     213.74          0          0          0          0          0          0          0      12.10          0         10     300.07        558      35.25         41        1.2       1.16       41.5       37.8       0.00       0.00       0.00       0.00          0 
10-01-2014 03:04:30    3925.88    5139.42    4104.95    5141.00      451.0      451.0      451.0          0        232        232        232          0          3     213.74          0          0          0          0          0          0          0      12.10          0         14     299.99        469      35.15         50        1.2       1.17       41.5       37.8       0.00       0.00       0.00       0.00          0 
10-01-2014 03:04:40    3925.88    5139.42    4104.95    5141.00      450.7      450.7      450.7          0        234        232        232          0          3     213.74          0          0          0          0          0          0          0      12.10          0         15     300.01        345      35.20         50        1.2       1.16       41.5       37.8       0.00       0.00       0.00       0.00          0 
10-01-2014 03:04:50    3925.88    5139.42    4104.95    5141.00      450.4      450.4      450.4          0        234        232        232          0          3     213.74          0          0          0          0          0          0          0      12.10          0          5     300.24        260      35.14         59        1.2       1.17       41.5       37.8       0.00       0.00       0.00       0.00          0 
10-01-2014 03:05:00    3925.88    5139.42    4104.95    5141.00      450.2      450.2      450.2          0        232        232        232          0          3     213.74          0          0          0          0          0          0          0      12.10          0         15     300.54        297      35.14         55        1.2       1.17       41.5       37.8       0.00       0.00       0.00       0.00          0 
10-01-2014 03:05:10    3925.88    5139.42    4104.95    5141.00      450.4      450.4      450.4          0        232        232        232          0          3     213.74          0          0          0          0          0          0          0      12.10          0         14     300.25        273      35.15         53        1.2       1.17       41.5       37.8       0.00       0.00       0.00       0.00          0 
10-01-2014 03:05:20    3925.88    5139.42    4104.95    5141.00      450.9      450.9      450.9          0        232        232        232          0          3     213.74          0          0          0          0          0          0          0      12.10          0         11     300.86        370      35.16         54        1.2       1.17       41.5       37.8       0.00       0.00       0.00       0.00          0 
10-01-2014 03:05:30    3925.88    5139.42    4104.95    5141.00      450.8      450.8      450.8          0        232        232        232          0          4     213.74          0          0          0          0          0          0          0      12.10          0         15     300.87        483      35.21         39        1.2       1.16       41.5       37.8       0.00       0.00       0.00       0.00          0 
10-01-2014 03:05:40    3925.88    5139.42    4104.95    5141.00      450.7      450.7      450.7          0        232        232        232          0          3     213.74          0          0          0          0          0          0          0      12.10          0         12     301.05        486      35.26         41        1.2       1.17       41.5       37.8       0.00       0.00       0.00       0.00          0 
10-01-2014 03:05:50    3925.88    5139.42    4104.95    5141.00      450.9      450.9      450.9          0        234        244        244          0          3     213.74          0          0          0          0          0          0          0      12.10          0          5     300.75        482      35.30         39        1.2       1.17       41.5       37.8       0.00       0.00       0.00       0.00          0 
10-01-2014 03:06:00    3925.88    5139.42    4104.95    5141.00      450.9      450.9      450.9          0        233        232        232          0          3     213.74          0          0          0          0          0          0          0      12.10          0         13     300.18        589      35.21         49        1.2       1.17       41.5       37.8       0.00       0.00       0.00       0.00          0 
10-01-2014 03:06:10    3925.88    5139.42    4104.95    5141.00      451.0      451.0      451.0          0        234        244        244          0          3     213.74          0          0          0          0          0          0          0      12.10          0         11     300.11        498      35.12         61        1.2       1.17       41.5       37.8       0.00       0.00       0.00       0.00          0 
10-01-2014 03:06:20    3925.88    5139.42    4104.95    5141.00      451.0      451.0      451.0          0        233        232        232          0          2     213.74          0          0          0          0          0          0          0      12.10          0         15     299.88        470      35.08         58        1.2       1.17       41.5       37.8       0.00       0.00       0.00       0.00          0 
10-01-2014 03:06:30    3925.88    5139.42    4104.95    5141.00      450.9      450.9      450.9          0        232        232        232          0          3     213.74          0          0          0          0          0          0          0      12.10          0          9     299.92        411      35.20         75        1.2       1.17       41.5       37.8       0.00       0.00       0.00       0.00          0 
10-01-2014 03:06:40    3925.88    5139.42    4104.95    5141.00      450.8      450.8      450.8          0        232        232        232          0          4     213.74          0          0          0          0          0          0          0      12.10          0          6     299.95        388      35.32         87        1.2       1.17       41.5       37.8       0.00       0.00       0.00       0.00          0 
10-01-2014 03:06:50    3925.88    5139.42    4104.95    5141.00      451.1      451.1      451.1          0        232        232        232          0          3     213.74          0          0          0          0          0          0          0      12.10          0         17     300.15        249      35.27         88        1.2       1.17       41.5       37.8       0.00       0.00       0.00       0.00          0 
10-01-2014 03:07:00    3925.88    5139.42    4104.95    5141.00      450.4      450.4      450.4          0        232        232        232          0          5     213.74          0          0          0          0          0          0          0      12.10          0         14     300.39        297      35.22         74        1.2       1.17       41.5       37.8       0.00       0.00       0.00       0.00          0 
10-01-2014 03:07:10    3925.88    5139.42    4104.95    5141.00      450.8      450.8      450.8          0        232        232        232          0          5     213.74          0          0          0          0          0          0          0      12.10          0         12     300.42        248      35.13         75        1.2       1.17       41.5       37.8       0.00       0.00       0.00       0.00          0 
10-01-2014 03:07:20    3925.88    5139.42    4104.95    5141.00      450.9      450.9      450.9          0        232        232        232          0          5     213.74          0          0          0          0          0          0          0      12.10          0         13     300.65        336      35.12         71        1.2       1.17       41.5       37.8       0.00       0.00       0.00       0.00          0 
10-01-2014 03:07:30    3925.88    5139.42    4104.95    5141.00      450.7      450.7      450.7          0        232        232        232          0          5     213.74          0          0          0          0          0          0          0      12.10          0          9     300.30        388      35.15         45        1.2       1.17       41.5       37.8       0.00       0.00       0.00       0.00          0 
10-01-2014 03:07:40    3925.88    5139.42    4104.95    5141.00      450.4      450.4      450.4          0        232        232        232          0          5     213.74          0          0          0          0          0          0          0      12.10          0         12     300.08        440      35.27         58        1.2       1.17       41.5       37.8       0.00       0.00       0.00       0.00          0 
10-01-2014 03:07:50    3925.88    5139.42    4104.95    5141.00      451.0      451.0      451.0          0        232        232        232          0          3     213.74          0          0          0          0          0          0          0      12.10          0         11     300.33        396      35.22         58        1.2       1.17       41.5       37.8       0.00       0.00       0.00       0.00          0 
10-01-2014 03:08:00    3925.88    5139.42    4104.95    5141.00      450.4      450.4      450.4          0        232        232        232          0          4     213.74          0          0          0          0          0          0          0      12.10          0          7     300.25        397      35.21         51        1.2       1.16       41.5       37.8       0.00       0.00       0.00       0.00          0 
10-01-2014 03:08:10    3925.88    5139.42    4104.95    5141.00      450.9      450.9      450.9          0        232        232        232          0          4     213.74          0          0          0          0          0          0          0      12.10          0         18     300.40        396      35.28         52        1.2       1.16       41.5       37.8       0.00       0.00       0.00       0.00          0 
10-01-2014 03:08:20    3925.88    5139.42    4104.95    5141.00      450.5      450.5      450.5          0        232        232        232          0          3     213.74          0          0          0          0          0          0          0      12.10          0          6     300.15        360      35.28         55        1.2       1.17       41.5       37.8       0.00       0.00       0.00       0.00          0 
10-01-2014 03:08:30    3925.88    5139.42    4104.95    5141.00      450.7      450.7      450.7          0        232        232        232          0          3     213.74          0          0          0          0          0          0          0      12.10          0         10     300.19        354      35.06         70        1.2       1.17       41.5       37.8       0.00       0.00       0.00       0.00          0 
10-01-2014 03:08:40    3925.88    5139.42    4104.95    5141.00      451.4      451.4      451.4          0        232        232        232          0          3     213.74          0          0          0          0          0          0          0      12.10          0         14     299.98        332      35.07         68        1.2       1.17       41.5       37.8       0.00       0.00       0.00       0.00          0 
10-01-2014 03:08:50    3925.88    5139.42    4104.95    5141.00      450.6      450.6      450.6          0        234        232        232          0          3     213.74          0          0          0          0          0          0          0      12.10          0         12     300.21        326      35.14         70        1.2       1.17       41.5       37.8       0.00       0.00       0.00       0.00          0 
10-01-2014 03:09:00    3925.88    5139.42    4104.95    5141.00      450.7      450.7      450.7          0        232        232        232          0          3     213.74          0          0          0          0          0          0          0      12.10          0         13     300.81        370      35.27         83        1.2       1.17       41.5       37.8       0.00       0.00       0.00       0.00          0 
10-01-2014 03:09:10    3925.88    5139.42    4104.95    5141.00      450.6      450.6      450.6          0        233        232        232          0          4     213.74          0          0          0          0          0          0          0      12.10          0         15     300.37        418      35.29         82        1.2       1.17       41.5       37.8       0.00       0.00       0.00       0.00          0 
10-01-2014 03:09:20    3925.88    5139.42    4104.95    5141.00      450.8      450.8      450.8          0        232        232        232          0          2     213.74          0          0          0          0          0          0          0      12.10          0          7     300.85        432      35.31         50        1.2       1.17       41.5       37.8       0.00       0.00       0.00       0.00          0 
10-01-2014 03:09:30    3925.88    5139.42    4104.95    5141.00      450.6      450.6      450.6          0        232        232        232          0          3     213.74          0          0          0          0          0          0          0      12.10          0         13     299.89        562      35.24         58        1.2       1.17       41.5       37.8       0.00       0.00       0.00       0.00          0 
10-01-2014 03:09:40    3925.88    5139.42    4104.95    5141.00      450.5      450.5      450.5          0        232        232        232          0          3     213.74          0          0          0          0          0          0          0      12.10          0         12     299.53        624      35.25         60        1.2       1.17       41.5       37.8       0.00       0.00       0.00       0.00          0 
10-01-2014 03:09:50    3925.88    5139.42    4104.95    5141.00      450.6      450.6      450.6          0        232        232        232          0          3     213.74          0          0          0          0          0          0          0      12.10          0         12     299.92        575      35.15         64        1.2       1.17       41.5       37.8       0.00       0.00       0.00       0.00          0 
10-01-2014 03:10:00    3925.88    5139.42    4104.95    5141.00      450.8      450.8      450.8          0        233        232        232          0          4     213.74          0          0          0          0          0          0          0      12.10          0         14     299.71        479      35.23         58        1.2       1.17       41.5       37.8       0.00       0.00       0.00       0.00          0 
10-01-2014 03:10:10    3925.88    5139.42    4104.95    5141.00      450.7      450.7      450.7          0        232        232        232          0          3     213.74          0          0          0          0          0          0          0      12.10          0         10     299.48        461      35.31         66        1.2       1.17       41.5       37.8       0.00       0.00       0.00       0.00          0 
10-01-2014 03:10:20    3925.88    5139.42    4104.95    5141.00      450.2      450.2      450.2          0        232        232        232          0          4     213.74          0          0          0          0          0          0          0      12.10          0         10     299.74        439      35.29         60        1.2       1.16       41.5       37.8       0.00       0.00       0.00       0.00          0 
10-01-2014 03:10:30    3925.88    5139.42    4104.95    5141.00      450.8      450.8      450.8          0        234        232        232          0          3     213.74          0          0          0          0          0          0          0      12.10          0         15     299.99        273      35.26         57        1.2       1.17       41.5       37.8       0.00       0.00       0.00       0.00          0 
10-01-2014 03:10:40    3925.88    5139.42    4104.95    5141.00      450.6      450.6      450.6          0        232        232        232          0          4     213.74          0          0          0          0          0          0          0      12.10          0         12     300.33        309      35.19         51        1.2       1.16       41.5       37.8       0.00       0.00       0.00       0.00          0 
10-01-2014 03:10:50    3925.88    5139.42    4104.95    5141.00      450.9      450.9      450.9          0        232        232        232          0          3     213.74          0          0          0          0          0          0          0      12.10          0          9     299.70        392      35.25         56        1.2       1.16       41.5       37.8       0.00       0.00       0.00       0.00          0 
10-01-2014 03:11:00    3925.88    5139.42    4104.95    5141.00      450.4      450.4      450.4          0        232        232        232          0          3     213.74          0          0          0          0          0          0          0      12.10          0         18     299.76        366      35.28         41        1.2       1.17       41.5       37.8       0.00       0.00       0.00       0.00          0 
10-01-2014 03:11:10    3925.88    5139.42    4104.95    5141.00      450.5      450.5      450.5          0        232        232        232          0          3     213.74          0          0          0          0          0          0          0      12.10          0          9     299.78        345      35.30         42        1.2       1.17       41.5       37.8       0.00       0.00       0.00       0.00          0 
10-01-2014 03:11:20    3925.88    5139.42    4104.95    5141.00      450.8      450.8      450.8          0        232        232        232          0          3     213.74          0          0          0          0          0          0          0      12.10          0          9     299.84        330      35.23         53        1.2       1.17       41.5       37.8       0.00       0.00       0.00       0.00          0 
10-01-2014 03:11:30    3925.88    5139.42    4104.95    5141.00      450.6      450.6      450.6          0        233        232        232          0          3     213.74          0          0          0          0          0          0          0      12.10          0         13     299.77        310      35.17         48        1.2       1.17       41.5       37.8       0.00       0.00       0.00       0.00          0 
10-01-2014 03:11:40    3925.88    5139.42    4104.95    5141.00      450.5      450.5      450.5          0        232        232        232          0          3     213.74          0          0          0          0          0          0          0      12.10          0         14     299.56        257      35.17         48        1.2       1.17       41.5       37.8       0.00       0.00       0.00       0.00          0 
10-01-2014 03:11:50    3925.88    5139.42    4104.95    5141.00      450.9      450.9      450.9          0        234        232        232          0          3     213.74          0          0          0          0          0          0          0      12.10          0         12     299.96        295      35.24         52        1.2       1.17       41.5       37.8       0.00       0.00       0.00       0.00          0 
10-01-2014 03:12:00    3925.88    5139.42    4104.95    5141.00      450.8      450.8      450.8          0        234        232        232          0          4     213.74          0          0          0          0          0          0          0      12.10          0         12     300.67        405      34.28        229        1.2       1.17       41.5       37.8       0.00       0.00       0.00       0.00          0 
10-01-2014 03:12:10    3925.88    5139.42    4104.95    5141.00      450.6      450.6      450.6          0        233        232        232          0          3     213.74          0          0          0          0          0          0          0      12.10          0         10     299.86        485      35.12        365        1.2       1.17       41.5       37.8       0.00       0.00       0.00       0.00          0 
10-01-2014 03:12:20    3925.88    5139.42    4104.95    5141.00      450.1      450.1      450.1          0        232        232        232          0          3     213.74          0          0          0          0          0          0          0      12.10          0         13     299.60        466      35.25        375        1.2       1.17       41.5       37.8       0.00       0.00       0.00       0.00          0 
10-01-2014 03:12:30    3925.88    5139.42    4104.95    5141.00      450.6      450.6      450.6          0        232        232        232          0          4     213.74          0          0          0          0          0          0          0      12.10          0         12     300.13        520      35.34        381        1.2       1.17       41.5       37.8       0.00       0.00       0.00       0.00          0 
10-01-2014 03:12:40    3925.88    5139.42    4104.95    5141.00      450.7      450.7      450.7          0        232        232        232          0          3     213.74          0          0          0          0          0          0          0      12.10          0         11     300.21        462      35.27        390        1.2       1.17       41.5       37.8       0.00       0.00       0.00       0.00          0 
10-01-2014 03:12:50    3925.88    5139.42    4104.95    5141.00      450.7      450.7      450.7          0        232        232        232          0          4     213.74          0          0          0          0          0          0          0      12.10          0          8     299.75        436      35.25        364        1.2       1.17       41.5       37.8       0.00       0.00       0.00       0.00          0 
10-01-2014 03:13:00    3925.88    5139.42    4104.95    5141.00      450.9      450.9      450.9          0        232        232        232          0          2     213.74          0          0          0          0          0          0          0      12.10          0          8     300.74        505      35.35        138        1.2       1.17       41.5       37.8       0.00       0.00       0.00       0.00          0 
10-01-2014 03:13:10    3925.88    5139.42    4104.95    5141.00      450.2      450.2      450.2          0        232        232        232          0          3     213.74          0          0          0          0          0          0          0      12.10          0         13     300.68        498      35.33         59        1.2       1.17       41.5       37.8       0.00       0.00       0.00       0.00          0 
10-01-2014 03:13:20    3925.88    5139.42    4104.95    5141.00      450.8      450.8      450.8          0        232        232        232          0          2     213.74          0          0          0          0          0          0          0      12.10          0         14     300.71        470      35.33         40        1.2       1.17       41.5       37.8       0.00       0.00       0.00       0.00          0 
10-01-2014 03:13:30    3925.88    5139.42    4104.95    5141.00      450.6      450.6      450.6          0        232        232        232          0          2     213.74          0          0          0          0          0          0          0      12.10          0         12     300.45        472      35.27         41        1.2       1.17       41.5       37.8       0.00       0.00       0.00       0.00          0 
10-01-2014 03:13:40    3925.88    5139.42    4104.95    5141.00      450.9      450.9      450.9          0        232        232        232          0          2     213.74          0          0          0          0          0          0          0      12.10          0         15     299.97        440      35.28         38        1.2       1.17       41.5       37.8       0.00       0.00       0.00       0.00          0 
10-01-2014 03:13:50    3925.88    5139.42    4104.95    5141.00      450.5      450.5      450.5          0        233        232        232          0          1     213.74          0          0          0          0          0          0          0      12.10          0         12     299.96        359      35.30         28        1.2       1.17       41.5       37.8       0.00       0.00       0.00       0.00          0 
10-01-2014 03:14:00    3925.88    5139.42    4104.95    5141.00      450.6      450.6      450.6          0        233        232        232          0          2     213.74          0          0          0          0          0          0          0      12.10          0          8     301.05        448      35.32         29        1.2       1.17       41.5       37.8       0.00       0.00       0.00       0.00          0 
10-01-2014 03:14:10    3925.88    5139.42    4104.95    5141.00      450.2      450.2      450.2          0        233        232        232          0          3     213.74          0          0          0          0          0          0          0      12.10          0         14     301.22        445      35.22         44        1.2       1.17       41.5       37.8       0.00       0.00       0.00       0.00          0 
10-01-2014 03:14:20    3925.88    5139.42    4104.95    5141.00      450.6      450.6      450.6          0        233        232        232          0          2     213.74          0          0          0          0          0          0          0      12.10          0         12     300.25        596      35.21         43        1.2       1.17       41.5       37.8       0.00       0.00       0.00       0.00          0 
10-01-2014 03:14:30    3925.88    5139.42    4104.95    5141.00      450.5      450.5      450.5          0        234        232        232          0          2     213.74          0          0          0          0          0          0          0      12.10          0         13     299.91        600      35.32         57        1.2       1.17       41.5       37.8       0.00       0.00       0.00       0.00          0 
10-01-2014 03:14:40    3925.88    5139.42    4104.95    5141.00      450.6      450.6      450.6          0        232        232        232          0          0     213.74          0          0          0          0          0          0          0      12.10          0         13     300.36        635      35.35         61        1.2       1.17       41.5       37.8       0.00       0.00       0.00       0.00          0 
10-01-2014 03:14:50    3925.88    5139.42    4104.95    5141.00      450.3      450.3      450.3          0        234        232        232          0          1     213.74          0          0          0          0          0          0          0      12.10          0         10     300.38        501      35.28         69        1.2       1.17       41.4       37.8       0.00       0.00       0.00       0.00          0 
10-01-2014 03:15:00    3925.88    5139.42    4104.95    5141.00      451.2      451.2      451.2          0        232        232        232          0          2     213.74          0          0          0          0          0          0          0      12.10          0         14     300.40        400      35.25         57        1.2       1.17       41.5       37.8       0.00       0.00       0.00       0.00          0 
10-01-2014 03:15:10    3925.88    5139.42    4104.95    5141.00      450.7      450.7      450.7          0        232        232        232          0          3     213.74          0          0          0          0          0          0          0      12.10          0         14     299.93        295      35.26         44        1.2       1.16       41.5       37.8       0.00       0.00       0.00       0.00          0 
10-01-2014 03:15:20    3925.88    5139.42    4104.95    5141.00      450.6      450.6      450.6          0        232        232        232          0          3     213.74          0          0          0          0          0          0          0      12.10          0          8     299.96        315      35.30         35        1.2       1.16       41.5       37.8       0.00       0.00       0.00       0.00          0 
10-01-2014 03:15:30    3925.88    5139.42    4104.95    5141.00      451.0      451.0      451.0          0        232        232        232          0          2     213.74          0          0          0          0          0          0          0      12.10          0         14     300.26        355      35.19         52        1.2       1.17       41.5       37.8       0.00       0.00       0.00       0.00          0 
10-01-2014 03:15:40    3925.88    5139.42    4104.95    5141.00      450.5      450.5      450.5          0        234        232        232          0          1     213.74          0          0          0          0          0          0          0      12.10          0          9     300.60        357      35.20         48        1.2       1.17       41.5       37.8       0.00       0.00       0.00       0.00          0 
10-01-2014 03:15:50    3925.88    5139.42    4104.95    5141.00      450.4      450.4      450.4          0        232        232        232          0          2     213.74          0          0          0          0          0          0          0      12.10          0          8     300.03        463      35.24         37        1.2       1.17       41.5       37.8       0.00       0.00       0.00       0.00          0 
10-01-2014 03:16:00    3925.88    5139.42    4104.95    5141.00      450.5      450.5      450.5          0        233        232        232          0          2     213.74          0          0          0          0          0          0          0      12.10          0         11     301.15        633      35.26         42        1.2       1.17       41.5       37.8       0.00       0.00       0.00       0.00          0 
10-01-2014 03:16:10    3925.88    5139.42    4104.95    5141.00      450.8      450.8      450.8          0        232        232        232          0          2     213.74          0          0          0          0          0          0          0      12.10          0         13     300.35        699      35.25         37        1.2       1.17       41.5       37.8       0.00       0.00       0.00       0.00          0 
10-01-2014 03:16:20    3925.88    5139.42    4104.95    5141.00      450.9      450.9      450.9          0        232        232        232          0          3     213.74          0          0          0          0          0          0          0      12.10          0         11     300.09        626      35.29         32        1.2       1.17       41.5       37.8       0.00       0.00       0.00       0.00          0 
10-01-2014 03:16:30    3925.88    5139.42    4104.95    5141.00      450.8      450.8      450.8          0        232        232        232          0          4     213.74          0          0          0          0          0          0          0      12.10          0         13     300.48        635      35.14         49        1.2       1.17       41.5       37.8       0.00       0.00       0.00       0.00          0 
10-01-2014 03:16:40    3925.88    5139.42    4104.95    5141.00      450.3      450.3      450.3          0        232        232        232          0          4     213.74          0          0          0          0          0          0          0      12.10          0         12     300.21        550      35.27         65        1.2       1.17       41.5       37.8       0.00       0.00       0.00       0.00          0 
10-01-2014 03:16:50    3925.88    5139.42    4104.95    5141.00      450.5      450.5      450.5          0        232        232        232          0          3     213.74          0          0          0          0          0          0          0      12.10          0         14     300.37        539      35.37         78        1.2       1.17       41.5       37.8       0.00       0.00       0.00       0.00          0 
10-01-2014 03:17:00    3925.88    5139.42    4104.95    5141.00      450.9      450.9      450.9          0        232        232        232          0          3     213.74          0          0          0          0          0          0          0      12.10          0         11     300.53        345      35.35         80        1.2       1.17       41.5       37.8       0.00       0.00       0.00       0.00          0 
10-01-2014 03:17:10    3925.88    5139.42    4104.95    5141.00      450.3      450.3      450.3          0        234        232        232          0          4     213.74          0          0          0          0          0          0          0      12.10          0         14     300.66        256      35.21        101        1.2       1.17       41.5       37.8       0.00       0.00       0.00       0.00          0 
10-01-2014 03:17:20    3925.88    5139.42    4104.95    5141.00      450.5      450.5      450.5          0        232        232        232          0          4     213.74          0          0          0          0          0          0          0      12.10          0         11     300.03        317      35.11        108        1.2       1.17       41.5       37.8       0.00       0.00       0.00       0.00          0 
10-01-2014 03:17:30    3925.88    5139.42    4104.95    5141.00      450.4      450.4      450.4          0        232        232        232          0          5     213.74          0          0          0          0          0          0          0      12.10          0          8     300.45        301      35.30        113        1.2       1.17       41.5       37.8       0.00       0.00       0.00       0.00          0 
10-01-2014 03:17:40    3925.88    5139.42    4104.95    5141.00      450.5      450.5      450.5          0        232        232        232          0          2     213.74          0          0          0          0          0          0          0      12.10          0         12     300.49        314      35.35         93        1.2       1.17       41.5       37.8       0.00       0.00       0.00       0.00          0 
10-01-2014 03:17:50    3925.88    5139.42    4104.95    5141.00      450.5      450.5      450.5          0        232        232        232          0          3     213.74          0          0          0          0          0          0          0      12.10          0         12     300.30        329      35.32         93        1.2       1.17       41.5       37.8       0.00       0.00       0.00       0.00          0 
10-01-2014 03:18:00    3925.88    5139.42    4104.95    5141.00      450.5      450.5      450.5          0        234        232        232          0          4     213.74          0          0          0          0          0          0          0      12.10          0         13     299.50        430      35.27         82        1.2       1.17       41.5       37.8       0.00       0.00       0.00       0.00          0 
10-01-2014 03:18:10    3925.88    5139.42    4104.95    5141.00      450.5      450.5      450.5          0        233        244        244          0          3     213.74          0          0          0          0          0          0          0      12.10          0         11     299.65        363      35.22         67        1.2       1.17       41.4       37.8       0.00       0.00       0.00       0.00          0 
10-01-2014 03:18:20    3925.88    5139.42    4104.95    5141.00      450.5      450.5      450.5          0        233        244        244          0          3     213.74          0          0          0          0          0          0          0      12.10          0         12     299.79        352      35.35         81        1.2       1.17       41.5       37.8       0.00       0.00       0.00       0.00          0 
10-01-2014 03:18:30    3925.88    5139.42    4104.95    5141.00      450.8      450.8      450.8          0        237        232        232          0          4     213.74          0          0          0          0          0          0          0      12.10          0         10     300.01        336      35.37         55        1.2       1.17       41.5       37.8       0.00       0.00       0.00       0.00          0 
10-01-2014 03:18:40    3925.88    5139.42    4104.95    5141.00      450.6      450.6      450.6          0        233        244        244          0          4     213.74          0          0          0          0          0          0          0      12.10          0         13     299.96        327      35.37         54        1.2       1.17       41.5       37.8       0.00       0.00       0.00       0.00          0 
10-01-2014 03:18:50    3925.88    5139.42    4104.95    5141.00      450.4      450.4      450.4          0        233        232        232          0          3     213.74          0          0          0          0          0          0          0      12.10          0         14     300.09        299      35.35         49        1.2       1.17       41.5       37.8       0.00       0.00       0.00       0.00          0 
10-01-2014 03:19:00    3925.88    5139.42    4104.95    5141.00      450.7      450.7      450.7          0        234        244        244          0          4     213.74          0          0          0          0          0          0          0      12.10          0         13     299.66        263      35.35         38        1.2       1.17       41.5       37.8       0.00       0.00       0.00       0.00          0 
10-01-2014 03:19:10    3925.88    5139.42    4104.95    5141.00      450.4      450.4      450.4          0        233        232        232          0          2     213.74          0          0          0          0          0          0          0      12.10          0          9     300.14        296      35.36         25        1.2       1.17       41.5       37.8       0.00       0.00       0.00       0.00          0 
10-01-2014 03:19:20    3925.88    5139.42    4104.95    5141.00      450.5      450.5      450.5          0        232        232        232          0          3     213.74          0          0          0          0          0          0          0      12.10          0         14     300.52        312      35.34         15        1.2       1.17       41.5       37.7       0.00       0.00       0.00       0.00          0 
10-01-2014 03:19:30    3925.88    5139.42    4104.95    5141.00      450.2      450.2      450.2          0        232        232        232          0          5     213.74          0          0          0          0          0          0          0      12.10          0         11     300.02        373      35.15         47        1.2       1.17       41.5       37.8       0.00       0.00       0.00       0.00          0 
10-01-2014 03:19:40    3925.88    5139.42    4104.95    5141.00      450.7      450.7      450.7          0        232        232        232          0          4     213.74          0          0          0          0          0          0          0      12.10          0         13     299.34        471      35.25         62        1.2       1.16       41.4       37.8       0.00       0.00       0.00       0.00          0 
10-01-2014 03:19:50    3925.88    5139.42    4104.95    5141.00      450.7      450.7      450.7          0        232        232        232          0          5     213.74          0          0          0          0          0          0          0      12.10          0         11     299.24        474      35.27         62        1.2       1.17       41.4       37.7       0.00       0.00       0.00       0.00          0 
10-01-2014 03:20:00    3925.88    5139.42    4104.95    5141.00      450.8      450.8      450.8          0        232        232        232          0          5     213.74          0          0          0          0          0          0          0      12.10          0          8     299.17        473      35.28         67        1.2       1.17       41.5       37.8       0.00       0.00       0.00       0.00          0 
10-01-2014 03:20:10    3925.88    5139.42    4104.95    5141.00      450.7      450.7      450.7          0        233        232        232          0          6     213.74          0          0          0          0          0          0          0      12.10          0         14     299.78        499      35.27         67        1.2       1.17       41.5       37.8       0.00       0.00       0.00       0.00          0 
10-01-2014 03:20:20    3925.88    5139.42    4104.95    5141.00      450.4      450.4      450.4          0        232        232        232          0          5     213.74          0          0          0          0          0          0          0      12.10          0          9     300.42        508      35.29         56        1.2       1.17       41.5       37.8       0.00       0.00       0.00       0.00          0 
10-01-2014 03:20:30    3925.88    5139.42    4104.95    5141.00      450.6      450.6      450.6          0        232        232        232          0          4     213.74          0          0          0          0          0          0          0      12.10          0         14     299.97        557      35.37         35        1.2       1.16       41.5       37.8       0.00       0.00       0.00       0.00          0 
10-01-2014 03:20:40    3925.88    5139.42    4104.95    5141.00      450.6      450.6      450.6          0        234        232        232          0          4     213.74          0          0          0          0          0          0          0      12.10          0          8     299.85        453      35.29         42        1.2       1.17       41.5       37.8       0.00       0.00       0.00       0.00          0 
10-01-2014 03:20:50    3925.88    5139.42    4104.95    5141.00      449.8      449.8      449.8          0        233        232        232          0          5     213.74          0          0          0          0          0          0          0      12.10          0         14     299.94        439      35.27         40        1.2       1.17       41.5       37.8       0.00       0.00       0.00       0.00          0 
10-01-2014 03:21:00    3925.88    5139.42    4104.95    5141.00      450.1      450.1      450.1          0        232        232        232          0          4     213.74          0          0          0          0          0          0          0      12.10          0         14     300.19        381      35.29         40        1.2       1.17       41.5       37.8       0.00       0.00       0.00       0.00          0 
10-01-2014 03:21:10    3925.88    5139.42    4104.95    5141.00      450.5      450.5      450.5          0        232        232        232          0          5     213.74          0          0          0          0          0          0          0      12.10          0         13     300.19        337      35.23         46        1.2       1.17       41.5       37.8       0.00       0.00       0.00       0.00          0 
10-01-2014 03:21:20    3925.88    5139.42    4104.95    5141.00      450.4      450.4      450.4          0        232        232        232          0          4     213.74          0          0          0          0          0          0          0      12.10          0         14     300.03        325      35.24         42        1.2       1.17       41.5       37.8       0.00       0.00       0.00       0.00          0 
10-01-2014 03:21:30    3925.88    5139.42    4104.95    5141.00      450.0      450.0      450.0          0        233        244        244          0          4     213.74          0          0          0          0          0          0          0      12.10          0         13     299.84        240      35.28         34        1.2       1.16       41.5       37.8       0.00       0.00       0.00       0.00          0 
10-01-2014 03:21:40    3925.88    5139.42    4104.95    5141.00      450.3      450.3      450.3          0        235        244        244          0          4     213.74          0          0          0          0          0          0          0      12.10          0          8     300.07        260      35.25         31        1.2       1.16       41.4       37.8       0.00       0.00       0.00       0.00          0 
10-01-2014 03:21:50    3925.88    5139.42    4104.95    5141.00      450.0      450.0      450.0          0        233        232        232          0          4     213.74          0          0          0          0          0          0          0      12.10          0         12     300.16        255      35.18         43        1.2       1.17       41.5       37.8       0.00       0.00       0.00       0.00          0 
10-01-2014 03:22:00    3925.88    5139.42    4104.95    5141.00      450.5      450.5      450.5          0        233        232        232          0          4     213.74          0          0          0          0          0          0          0      12.10          0         12     299.49        312      35.16         57        1.2       1.17       41.5       37.8       0.00       0.00       0.00       0.00          0 
10-01-2014 03:22:10    3925.88    5139.42    4104.95    5141.00      450.7      450.7      450.7          0        235        232        232          0          5     213.74          0          0          0          0          0          0          0      12.10          0          9     299.83        371      35.19         59        1.2       1.17       41.5       37.8       0.00       0.00       0.00       0.00          0 
10-01-2014 03:22:20    3925.88    5139.42    4104.95    5141.00      450.7      450.7      450.7          0        232        232        232          0          5     213.74          0          0          0          0          0          0          0      12.10          0          9     300.03        389      35.29         77        1.2       1.17       41.4       37.8       0.00       0.00       0.00       0.00          0 
10-01-2014 03:22:30    3925.88    5139.42    4104.95    5141.00      450.4      450.4      450.4          0        232        232        232          0          4     213.74          0          0          0          0          0          0          0      12.10          0         16     299.85        398      35.28         74        1.2       1.16       41.5       37.8       0.00       0.00       0.00       0.00          0 
10-01-2014 03:22:40    3925.88    5139.42    4104.95    5141.00      450.0      450.0      450.0          0        234        232        232          0          4     213.74          0          0          0          0          0          0          0      12.10          0         15     299.76        408      35.28         53        1.2       1.17       41.4       37.8       0.00       0.00       0.00       0.00          0 
10-01-2014 03:22:50    3925.88    5139.42    4104.95    5141.00      450.5      450.5      450.5          0        232        232        232          0          5     213.74          0          0          0          0          0          0          0      12.10          0          7     299.50        412      35.27         46        1.2       1.17       41.5       37.8       0.00       0.00       0.00       0.00          0 
10-01-2014 03:23:00    3925.88    5139.42    4104.95    5141.00      450.3      450.3      450.3          0        232        232        232          0          3     213.74          0          0          0          0          0          0          0      12.10          0         13     300.15        420      35.23         39        1.2       1.17       41.4       37.7       0.00       0.00       0.00       0.00          0 
10-01-2014 03:23:10    3925.88    5139.42    4104.95    5141.00      450.4      450.4      450.4          0        236        232        232          0          4     213.74          0          0          0          0          0          0          0      12.10          0         13     299.66        384      35.23         24        1.2       1.17       41.5       37.8       0.00       0.00       0.00       0.00          0 
10-01-2014 03:23:20    3925.88    5139.42    4104.95    5141.00      450.6      450.6      450.6          0        233        232        232          0          4     213.74          0          0          0          0          0          0          0      12.10          0          7     299.82        391      35.19         18        1.2       1.16       41.4       37.8       0.00       0.00       0.00       0.00          0 
10-01-2014 03:23:30    3925.88    5139.42    4104.95    5141.00      451.3      451.3      451.3          0        235        232        232          0          3     213.74          0          0          0          0          0          0          0      12.10          0         13     299.93        379      35.34         44        1.2       1.17       41.4       37.8       0.00       0.00       0.00       0.00          0 
10-01-2014 03:23:40    3925.88    5139.42    4104.95    5141.00      450.5      450.5      450.5          0        234        232        232          0          4     213.74          0          0          0          0          0          0          0      12.10          0          9     300.73        472      35.27         53        1.2       1.17       41.4       37.8       0.00       0.00       0.00       0.00          0 
10-01-2014 03:23:50    3925.88    5139.42    4104.95    5141.00      450.4      450.4      450.4          0        234        232        232          0          4     213.74          0          0          0          0          0          0          0      12.10          0          9     300.86        465      35.27         68        1.2       1.17       41.5       37.8       0.00       0.00       0.00       0.00          0 
10-01-2014 03:24:00    3925.88    5139.42    4104.95    5141.00      450.7      450.7      450.7          0        234        232        232          0          5     213.74          0          0          0          0          0          0          0      12.10          0         14     300.32        453      35.30         68        1.2       1.17       41.5       37.8       0.00       0.00       0.00       0.00          0 
10-01-2014 03:24:10    3925.88    5139.42    4104.95    5141.00      450.6      450.6      450.6          0        233        232        232          0          4     213.74          0          0          0          0          0          0          0      12.10          0         14     299.70        531      35.27         75        1.2       1.17       41.4       37.8       0.00       0.00       0.00       0.00          0 
10-01-2014 03:24:20    3925.88    5139.42    4104.95    5141.00      451.1      451.1      451.1          0        232        232        232          0          4     213.74          0          0          0          0          0          0          0      12.10          0          9     299.92        611      35.21         73        1.2       1.16       41.4       37.8       0.00       0.00       0.00       0.00          0 
10-01-2014 03:24:30    3925.88    5139.42    4104.95    5141.00      450.5      450.5      450.5          0        232        232        232          0          3     213.74          0          0          0          0          0          0          0      12.10          0          8     299.46        640      35.25         63        1.2       1.17       41.5       37.8       0.00       0.00       0.00       0.00          0 
10-01-2014 03:24:40    3925.88    5139.42    4104.95    5141.00      450.7      450.7      450.7          0        232        232        232          0          4     213.74          0          0          0          0          0          0          0      12.10          0         15     300.20        717      35.27         50        1.2       1.17       41.5       37.8       0.00       0.00       0.00       0.00          0 
10-01-2014 03:24:50    3925.88    5139.42    4104.95    5141.00      450.4      450.4      450.4          0        232        232        232          0          4     213.74          0          0          0          0          0          0          0      12.10          0         13     300.10        711      35.31         44        1.2       1.17       41.4       37.7       0.00       0.00       0.00       0.00          0 
10-01-2014 03:25:00    3925.88    5139.42    4104.95    5141.00      450.8      450.8      450.8          0        233        232        232          0          4     213.74          0          0          0          0          0          0          0      12.10          0         10     300.17        599      35.27         45        1.2       1.16       41.5       37.8       0.00       0.00       0.00       0.00          0 
10-01-2014 03:25:10    3925.88    5139.42    4104.95    5141.00      450.6      450.6      450.6          0        233        232        232          0          3     213.74          0          0          0          0          0          0          0      12.10          0          7     300.32        509      35.27         30        1.2       1.16       41.5       37.8       0.00       0.00       0.00       0.00          0 
10-01-2014 03:25:20    3925.88    5139.42    4104.95    5141.00      450.3      450.3      450.3          0        232        232        232          0          5     213.74          0          0          0          0          0          0          0      12.10          0         14     300.19        405      35.30         31        1.2       1.16       41.4       37.8       0.00       0.00       0.00       0.00          0 
10-01-2014 03:25:30    3925.88    5139.42    4104.95    5141.00      450.9      450.9      450.9          0        235        232        232          0          3     213.74          0          0          0          0          0          0          0      12.10          0         10     299.34        430      35.32         31        1.2       1.16       41.4       37.8       0.00       0.00       0.00       0.00          0 
10-01-2014 03:25:40    3925.88    5139.42    4104.95    5141.00      450.4      450.4      450.4          0        232        232        232          0          3     213.74          0          0          0          0          0          0          0      12.10          0         13     299.63        404      35.17         50        1.2       1.17       41.4       37.8       0.00       0.00       0.00       0.00          0 
10-01-2014 03:25:50    3925.88    5139.42    4104.95    5141.00      450.9      450.9      450.9          0        232        232        232          0          5     213.74          0          0          0          0          0          0          0      12.10          0          8     300.65        509      35.29         68        1.2       1.17       41.4       37.8       0.00       0.00       0.00       0.00          0 
10-01-2014 03:26:00    3925.88    5139.42    4104.95    5141.00      450.6      450.6      450.6          0        232        232        232          0          5     213.74          0          0          0          0          0          0          0      12.10          0          7     300.99        721      35.37         75        1.2       1.16       41.4       37.8       0.00       0.00       0.00       0.00          0 
10-01-2014 03:26:10    3925.88    5139.42    4104.95    5141.00      451.0      451.0      451.0          0        236        232        232          0          3     213.74          0          0          0          0          0          0          0      12.10          0         16     299.83        869      35.30         85        1.2       1.16       41.4       37.8       0.00       0.00       0.00       0.00          0 
10-01-2014 03:26:20    3925.88    5139.42    4104.95    5141.00      450.4      450.4      450.4          0        232        232        232          0          4     213.74          0          0          0          0          0          0          0      12.10          0         11     299.93        752      35.27         83        1.2       1.16       41.4       37.8       0.00       0.00       0.00       0.00          0 
10-01-2014 03:26:30    3925.88    5139.42    4104.95    5141.00      450.7      450.7      450.7          0        232        232        232          0          2     213.74          0          0          0          0          0          0          0      12.10          0         13     299.14        821      35.27         61        1.2       1.17       41.4       37.7       0.00       0.00       0.00       0.00          0 
10-01-2014 03:26:40    3925.88    5139.42    4104.95    5141.00      450.8      450.8      450.8          0        232        232        232          0          4     213.74          0          0          0          0          0          0          0      12.10          0         12     301.07       1075      35.18         58        1.2       1.17       41.4       37.8       0.00       0.00       0.00       0.00          0 
10-01-2014 03:26:50    3925.88    5139.42    4104.95    5141.00      450.1      450.1      450.1          0        232        232        232          0          5     213.74          0          0          0          0          0          0          0      12.10          0         13     300.90        901      35.16         45        1.2       1.17       41.5       37.8       0.00       0.00       0.00       0.00          0 
10-01-2014 03:27:00    3925.88    5139.42    4104.95    5141.00      450.9      450.9      450.9          0        232        232        232          0          3     213.74          0          0          0          0          0          0          0      12.10          0          7     300.66        757      35.23         54        1.2       1.17       41.4       37.7       0.00       0.00       0.00       0.00          0 
10-01-2014 03:27:10    3925.88    5139.42    4104.95    5141.00      450.7      450.7      450.7          0        233        244        244          0          3     213.74          0          0          0          0          0          0          0      12.10          0          9     300.46        812      35.37         63        1.2       1.17       41.4       37.8       0.00       0.00       0.00       0.00          0 
10-01-2014 03:27:20    3925.88    5139.42    4104.95    5141.00      450.6      450.6      450.6          0        233        232        232          0          4     213.74          0          0          0          0          0          0          0      12.10          0         12     300.31        761      35.33         69        1.2       1.16       41.4       37.8       0.00       0.00       0.00       0.00          0 
10-01-2014 03:27:30    3925.88    5139.42    4104.95    5141.00      450.6      450.6      450.6          0        232        232        232          0          4     213.74          0          0          0          0          0          0          0      12.10          0          9     300.10        639      35.32         69        1.2       1.17       41.4       37.8       0.00       0.00       0.00       0.00          0 
10-01-2014 03:27:40    3925.88    5139.42    4104.95    5141.00      450.2      450.2      450.2          0        232        232        232          0          4     213.74          0          0          0          0          0          0          0      12.10          0         13     299.55        463      35.37         58        1.2       1.16       41.4       37.8       0.00       0.00       0.00       0.00          0 
10-01-2014 03:27:50    3925.88    5139.42    4104.95    5141.00      450.2      450.2      450.2          0        232        232        232          0          4     213.74          0          0          0          0          0          0          0      12.10          0         13     299.61        352      35.40         57        1.2       1.16       41.4       37.8       0.00       0.00       0.00       0.00          0 
10-01-2014 03:28:00    3925.88    5139.42    4104.95    5141.00      450.6      450.6      450.6          0        233        232        232          0          3     213.74          0          0          0          0          0          0          0      12.10          0         16     299.83        330      35.40         25        1.2       1.17       41.4       37.8       0.00       0.00       0.00       0.00          0 
10-01-2014 03:28:10    3925.88    5139.42    4104.95    5141.00      450.5      450.5      450.5          0        233        232        232          0          3     213.74          0          0          0          0          0          0          0      12.10          0          7     299.82        265      35.37         28        1.2       1.17       41.4       37.8       0.00       0.00       0.00       0.00          0 
10-01-2014 03:28:20    3925.88    5139.42    4104.95    5141.00      450.5      450.5      450.5          0        233        244        244          0          4     213.74          0          0          0          0          0          0          0      12.10          0         13     299.97        278      35.34         34        1.2       1.17       41.4       37.7       0.00       0.00       0.00       0.00          0 
10-01-2014 03:28:30    3925.88    5139.42    4104.95    5141.00      450.5      450.5      450.5          0        235        232        232          0          3     213.74          0          0          0          0          0          0          0      12.10          0         13     299.80        254      35.34         32        1.2       1.16       41.4       37.8       0.00       0.00       0.00       0.00          0 
10-01-2014 03:28:40    3925.88    5139.42    4104.95    5141.00      450.2      450.2      450.2          0        235        232        232          0          4     213.74          0          0          0          0          0          0          0      12.10          0         13     299.73        253      35.37         24        1.2       1.17       41.5       37.7       0.00       0.00       0.00       0.00          0 
10-01-2014 03:28:50    3925.88    5139.42    4104.95    5141.00      451.0      451.0      451.0          0        234        232        232          0          4     213.74          0          0          0          0          0          0          0      12.10          0         13     299.68        249      35.30         36        1.2       1.17       41.4       37.8       0.00       0.00       0.00       0.00          0 
10-01-2014 03:29:00    3925.88    5139.42    4104.95    5141.00      450.5      450.5      450.5          0        232        232        232          0          3     213.74          0          0          0          0          0          0          0      12.10          0          7     298.88        338      35.25         45        1.2       1.17       41.4       37.8       0.00       0.00       0.00       0.00          0 
10-01-2014 03:29:10    3925.88    5139.42    4104.95    5141.00      450.6      450.6      450.6          0        234        232        232          0          3     213.74          0          0          0          0          0          0          0      12.10          0         12     299.75        459      35.27         34        1.2       1.17       41.4       37.8       0.00       0.00       0.00       0.00          0 
10-01-2014 03:29:20    3925.88    5139.42    4104.95    5141.00      450.9      450.9      450.9          0        234        232        232          0          4     213.74          0          0          0          0          0          0          0      12.10          0         13     300.18        492      35.30         37        1.2       1.17       41.5       37.8       0.00       0.00       0.00       0.00          0 
10-01-2014 03:29:30    3925.88    5139.42    4104.95    5141.00      450.7      450.7      450.7          0        233        244        244          0          4     213.74          0          0          0          0          0          0          0      12.10          0         12     300.06        478      35.31         36        1.2       1.16       41.4       37.8       0.00       0.00       0.00       0.00          0 
10-01-2014 03:29:40    3925.88    5139.42    4104.95    5141.00      450.8      450.8      450.8          0        235        232        232          0          4     213.74          0          0          0          0          0          0          0      12.10          0         12     300.32        492      35.29         34        1.2       1.16       41.4       37.8       0.00       0.00       0.00       0.00          0 
10-01-2014 03:29:50    3925.88    5139.42    4104.95    5141.00      450.6      450.6      450.6          0        233        232        232          0          3     213.74          0          0          0          0          0          0          0      12.10          0         12     300.35        400      35.28         18        1.2       1.16       41.4       37.8       0.00       0.00       0.00       0.00          0 
10-01-2014 03:30:00    3925.88    5139.42    4104.95    5141.00      450.5      450.5      450.5          0        232        232        232          0          3     213.74          0          0          0          0          0          0          0      12.10          0         11     299.93        328      35.26         24        1.2       1.16       41.4       37.8       0.00       0.00       0.00       0.00          0 
10-01-2014 03:30:10    3925.88    5139.42    4104.95    5141.00      450.5      450.5      450.5          0        237        232        232          0          3     213.74          0          0          0          0          0          0          0      12.10          0          9     299.46        268      35.32         28        1.2       1.17       41.4       37.8       0.00       0.00       0.00       0.00          0 
10-01-2014 03:30:20    3925.88    5139.42    4104.95    5141.00      450.4      450.4      450.4          0        235        232        232          0          4     213.74          0          0          0          0          0          0          0      12.10          0         13     299.89        325      35.31         27        1.2       1.16       41.5       37.8       0.00       0.00       0.00       0.00          0 
10-01-2014 03:30:30    3925.88    5139.42    4104.95    5141.00      450.1      450.1      450.1          0        232        232        232          0          3     213.74          0          0          0          0          0          0          0      12.10          0         11     299.61        378      35.25         36        1.2       1.16       41.4       37.8       0.00       0.00       0.00       0.00          0 
10-01-2014 03:30:40    3925.88    5139.42    4104.95    5141.00      450.5      450.5      450.5          0        233        232        232          0          3     213.74          0          0          0          0          0          0          0      12.10          0         15     300.18        437      35.27         36        1.2       1.16       41.4       37.8       0.00       0.00       0.00       0.00          0 
10-01-2014 03:30:50    3925.88    5139.42    4104.95    5141.00      450.2      450.2      450.2          0        232        232        232          0          3     213.74          0          0          0          0          0          0          0      12.10          0          9     299.89        444      35.27         32        1.2       1.17       41.4       37.8       0.00       0.00       0.00       0.00          0 
10-01-2014 03:31:00    3925.88    5139.42    4104.95    5141.00      450.1      450.1      450.1          0        232        232        232          0          1     213.74          0          0          0          0          0          0          0      12.10          0         15     299.29        443      35.43         45        1.2       1.16       41.4       37.8       0.00       0.00       0.00       0.00          0 
10-01-2014 03:31:10    3925.88    5139.42    4104.95    5141.00      450.5      450.5      450.5          0        234        232        232          0          3     213.74          0          0          0          0          0          0          0      12.10          0          8     299.47        391      35.31         65        1.2       1.16       41.4       37.8       0.00       0.00       0.00       0.00          0 
10-01-2014 03:31:20    3925.88    5139.42    4104.95    5141.00      450.5      450.5      450.5          0        233        244        244          0          2     213.74          0          0          0          0          0          0          0      12.10          0         14     299.72        355      35.19         81        1.2       1.17       41.5       37.8       0.00       0.00       0.00       0.00          0 
10-01-2014 03:31:30    3925.88    5139.42    4104.95    5141.00      450.7      450.7      450.7          0        236        232        232          0          4     213.74          0          0          0          0          0          0          0      12.10          0          9     300.02        319      35.23         82        1.2       1.16       41.4       37.8       0.00       0.00       0.00       0.00          0 
10-01-2014 03:31:40    3925.88    5139.42    4104.95    5141.00      450.4      450.4      450.4          0        232        232        232          0          4     213.74          0          0          0          0          0          0          0      12.10          0          8     300.22        308      35.34         97        1.2       1.16       41.4       37.8       0.00       0.00       0.00       0.00          0 
10-01-2014 03:31:50    3925.88    5139.42    4104.95    5141.00      450.8      450.8      450.8          0        233        232        232          0          4     213.74          0          0          0          0          0          0          0      12.10          0         14     300.55        299      35.34         90        1.2       1.17       41.4       37.8       0.00       0.00       0.00       0.00          0 
10-01-2014 03:32:00    3925.88    5139.42    4104.95    5141.00      450.4      450.4      450.4          0        235        232        232          0          3     213.74          0          0          0          0          0          0          0      12.10          0         12     299.67        406      35.36         79        1.2       1.17       41.4       37.8       0.00       0.00       0.00       0.00          0 
10-01-2014 03:32:10    3925.88    5139.42    4104.95    5141.00      450.4      450.4      450.4          0        232        232        232          0          2     213.74          0          0          0          0          0          0          0      12.10          0         13     299.89        401      35.46         56        1.2       1.17       41.4       37.8       0.00       0.00       0.00       0.00          0 
10-01-2014 03:32:20    3925.88    5139.42    4104.95    5141.00      450.3      450.3      450.3          0        232        232        232          0          3     213.74          0          0          0          0          0          0          0      12.10          0         13     299.79        431      35.39         65        1.2       1.17       41.4       37.8       0.00       0.00       0.00       0.00          0 
10-01-2014 03:32:30    3925.88    5139.42    4104.95    5141.00      450.2      450.2      450.2          0        233        244        244          0          4     213.74          0          0          0          0          0          0          0      12.10          0         11     299.53        445      35.34         60        1.2       1.17       41.4       37.8       0.00       0.00       0.00       0.00          0 
10-01-2014 03:32:40    3925.88    5139.42    4104.95    5141.00      450.5      450.5      450.5          0        233        232        232          0          5     213.74          0          0          0          0          0          0          0      12.10          0         12     299.99        481      35.43         72        1.2       1.17       41.4       37.8       0.00       0.00       0.00       0.00          0 
10-01-2014 03:32:50    3925.88    5139.42    4104.95    5141.00      450.6      450.6      450.6          0        236        232        232          0          3     213.74          0          0          0          0          0          0          0      12.10          0         14     299.93        374      35.36         79        1.2       1.16       41.4       37.8       0.00       0.00       0.00       0.00          0 
10-01-2014 03:33:00    3925.88    5139.42    4104.95    5141.00      450.5      450.5      450.5          0        233        244        244          0          4     213.74          0          0          0          0          0          0          0      12.10          0          8     299.85        343      35.34         68        1.2       1.16       41.4       37.8       0.00       0.00       0.00       0.00          0 
10-01-2014 03:33:10    3925.88    5139.42    4104.95    5141.00      450.5      450.5      450.5          0        232        232        232          0          4     213.74          0          0          0          0          0          0          0      12.10          0          8     300.81        397      35.40         63        1.2       1.17       41.4       37.8       0.00       0.00       0.00       0.00          0 
10-01-2014 03:33:20    3925.88    5139.42    4104.95    5141.00      450.5      450.5      450.5          0        232        232        232          0          3     213.74          0          0          0          0          0          0          0      12.10          0          9     300.53        403      35.35         57        1.2       1.17       41.4       37.8       0.00       0.00       0.00       0.00          0 
10-01-2014 03:33:30    3925.88    5139.42    4104.95    5141.00      450.4      450.4      450.4          0        232        232        232          0          4     213.74          0          0          0          0          0          0          0      12.10          0         14     300.56        341      35.29         53        1.2       1.17       41.4       37.8       0.00       0.00       0.00       0.00          0 
10-01-2014 03:33:40    3925.88    5139.42    4104.95    5141.00      450.5      450.5      450.5          0        232        232        232          0          4     213.74          0          0          0          0          0          0          0      12.10          0         14     300.27        340      35.33         53        1.2       1.17       41.4       37.8       0.00       0.00       0.00       0.00          0 
10-01-2014 03:33:50    3925.88    5139.42    4104.95    5141.00      450.0      450.0      450.0          0        234        232        232          0          4     213.74          0          0          0          0          0          0          0      12.10          0         11     300.51        361      35.36         51        1.2       1.17       41.4       37.8       0.00       0.00       0.00       0.00          0 
10-01-2014 03:34:00    3925.88    5139.42    4104.95    5141.00      450.1      450.1      450.1          0        232        232        232          0          5     213.74          0          0          0          0          0          0          0      12.10          0         12     299.76        340      35.37         37        1.2       1.17       41.4       37.8       0.00       0.00       0.00       0.00          0 
10-01-2014 03:34:10    3925.88    5139.42    4104.95    5141.00      450.6      450.6      450.6          0        232        232        232          0          4     213.74          0          0          0          0          0          0          0      12.10          0         12     299.95        334      35.35         36        1.2       1.17       41.4       37.8       0.00       0.00       0.00       0.00          0 
10-01-2014 03:34:20    3925.88    5139.42    4104.95    5141.00      450.5      450.5      450.5          0        237        232        232          0          5     213.74          0          0          0          0          0          0          0      12.10          0         10     299.92        336      35.36         24        1.2       1.17       41.4       37.8       0.00       0.00       0.00       0.00          0 
10-01-2014 03:34:30    3925.88    5139.42    4104.95    5141.00      450.4      450.4      450.4          0        232        232        232          0          4     213.74          0          0          0          0          0          0          0      12.10          0          9     300.27        385      35.37         27        1.2       1.17       41.4       37.8       0.00       0.00       0.00       0.00          0 
10-01-2014 03:34:40    3925.88    5139.42    4104.95    5141.00      450.4      450.4      450.4          0        232        232        232          0          4     213.74          0          0          0          0          0          0          0      12.10          0         11     300.17        380      35.50         37        1.2       1.17       41.4       37.8       0.00       0.00       0.00       0.00          0 
10-01-2014 03:34:50    3925.88    5139.42    4104.95    5141.00      450.5      450.5      450.5          0        232        232        232          0          5     213.74          0          0          0          0          0          0          0      12.10          0         12     300.45        308      35.39         55        1.2       1.17       41.4       37.7       0.00       0.00       0.00       0.00          0 
10-01-2014 03:35:00    3925.88    5139.42    4104.95    5141.00      450.3      450.3      450.3          0        233        244        244          0          3     213.74          0          0          0          0          0          0          0      12.10          0         12     300.87        364      35.39         56        1.2       1.17       41.4       37.8       0.00       0.00       0.00       0.00          0 
10-01-2014 03:35:10    3925.88    5139.42    4104.95    5141.00      450.5      450.5      450.5          0        233        232        232          0          2     213.74          0          0          0          0          0          0          0      12.10          0         15     300.49        360      35.40         56        1.2       1.17       41.4       37.8       0.00       0.00       0.00       0.00          0 
10-01-2014 03:35:20    3925.88    5139.42    4104.95    5141.00      450.3      450.3      450.3          0        232        232        232          0          3     213.74          0          0          0          0          0          0          0      12.10          0          9     300.67        378      35.42         54        1.2       1.17       41.4       37.8       0.00       0.00       0.00       0.00          0 
10-01-2014 03:35:30    3925.88    5139.42    4104.95    5141.00      450.6      450.6      450.6          0        234        232        232          0          4     213.74          0          0          0          0          0          0          0      12.10          0          8     299.82        440      35.30         65        1.2       1.17       41.4       37.8       0.00       0.00       0.00       0.00          0 
10-01-2014 03:35:40    3925.88    5139.42    4104.95    5141.00      450.1      450.1      450.1          0        234        232        232          0          4     213.74          0          0          0          0          0          0          0      12.10          0         11     299.59        454      35.27         51        1.2       1.16       41.4       37.8       0.00       0.00       0.00       0.00          0 
10-01-2014 03:35:50    3925.88    5139.42    4104.95    5141.00      450.5      450.5      450.5          0        234        232        232          0          3     213.74          0          0          0          0          0          0          0      12.10          0         14     299.08        471      35.27         36        1.2       1.16       41.4       37.8       0.00       0.00       0.00       0.00          0 
10-01-2014 03:36:00    3925.88    5139.42    4104.95    5141.00      451.0      451.0      451.0          0        232        232        232          0          4     213.74          0          0          0          0          0          0          0      12.10          0          9     299.25        431      35.28         36        1.2       1.16       41.4       37.8       0.00       0.00       0.00       0.00          0 
10-01-2014 03:36:10    3925.88    5139.42    4104.95    5141.00      450.3      450.3      450.3          0        232        232        232          0          3     213.74          0          0          0          0          0          0          0      12.10          0          8     299.12        384      35.29         34        1.2       1.16       41.4       37.8       0.00       0.00       0.00       0.00          0 
10-01-2014 03:36:20    3925.88    5139.42    4104.95    5141.00      449.8      449.8      449.8          0        236        232        232          0          3     213.74          0          0          0          0          0          0          0      12.10          0          8     299.52        301      35.29         24        1.2       1.16       41.4       37.8       0.00       0.00       0.00       0.00          0 
10-01-2014 03:36:30    3925.88    5139.42    4104.95    5141.00      450.4      450.4      450.4          0        232        232        232          0          3     213.74          0          0          0          0          0          0          0      12.10          0         14     299.80        334      35.35         22        1.2       1.16       41.4       37.8       0.00       0.00       0.00       0.00          0 
10-01-2014 03:36:40    3925.88    5139.42    4104.95    5141.00      450.7      450.7      450.7          0        232        232        232          0          3     213.74          0          0          0          0          0          0          0      12.10          0         14     300.77        442      35.36         23        1.2       1.16       41.4       37.8       0.00       0.00       0.00       0.00          0 
10-01-2014 03:36:50    3925.88    5139.42    4104.95    5141.00      450.7      450.7      450.7          0        232        232        232          0          3     213.74          0          0          0          0          0          0          0      12.10          0         10     300.73        400      35.37         22        1.2       1.17       41.4       37.8       0.00       0.00       0.00       0.00          0 
10-01-2014 03:37:00    3925.88    5139.42    4104.95    5141.00      450.1      450.1      450.1          0        232        232        232          0          4     213.74          0          0          0          0          0          0          0      12.10          0          9     299.72        530      35.40         26        1.2       1.17       41.4       37.8       0.00       0.00       0.00       0.00          0 
10-01-2014 03:37:10    3925.88    5139.42    4104.95    5141.00      450.5      450.5      450.5          0        232        232        232          0          3     213.74          0          0          0          0          0          0          0      12.10          0         12     299.44        508      35.41         24        1.2       1.17       41.4       37.8       0.00       0.00       0.00       0.00          0 
10-01-2014 03:37:20    3925.88    5139.42    4104.95    5141.00      450.5      450.5      450.5          0        232        232        232          0          5     213.74          0          0          0          0          0          0          0      12.10          0          8     299.95        537      35.39         21        1.2       1.17       41.4       37.8       0.00       0.00       0.00       0.00          0 
10-01-2014 03:37:30    3925.88    5139.42    4104.95    5141.00      450.5      450.5      450.5          0        232        232        232          0          5     213.74          0          0          0          0          0          0          0      12.10          0          8     299.93        566      35.35         22        1.2       1.16       41.4       37.8       0.00       0.00       0.00       0.00          0 
10-01-2014 03:37:40    3925.88    5139.42    4104.95    5141.00      450.5      450.5      450.5          0        232        232        232          0          4     213.74          0          0          0          0          0          0          0      12.10          0         11     300.32        510      35.38         27        1.2       1.16       41.4       37.8       0.00       0.00       0.00       0.00          0 
10-01-2014 03:37:50    3925.88    5139.42    4104.95    5141.00      450.1      450.1      450.1          0        233        232        232          0          3     213.74          0          0          0          0          0          0          0      12.10          0         12     300.37        497      35.39         25        1.2       1.17       41.4       37.8       0.00       0.00       0.00       0.00          0 
10-01-2014 03:38:00    3925.88    5139.42    4104.95    5141.00      450.8      450.8      450.8          0        232        232        232          0          5     213.74          0          0          0          0          0          0          0      12.10          0         12     300.35        512      35.35         28        1.2       1.17       41.4       37.8       0.00       0.00       0.00       0.00          0 
10-01-2014 03:38:10    3925.88    5139.42    4104.95    5141.00      450.3      450.3      450.3          0        232        232        232          0          5     213.74          0          0          0          0          0          0          0      12.10          0         10     301.08        551      35.28         40        1.2       1.17       41.4       37.8       0.00       0.00       0.00       0.00          0 
10-01-2014 03:38:20    3925.88    5139.42    4104.95    5141.00      450.5      450.5      450.5          0        234        232        232          0          3     213.74          0          0          0          0          0          0          0      12.10          0         14     300.98        492      35.28         31        1.2       1.17       41.4       37.8       0.00       0.00       0.00       0.00          0 
10-01-2014 03:38:30    3925.88    5139.42    4104.95    5141.00      450.2      450.2      450.2          0        234        232        232          0          3     213.74          0          0          0          0          0          0          0      12.10          0         12     300.41        509      35.41         49        1.2       1.16       41.4       37.8       0.00       0.00       0.00       0.00          0 
10-01-2014 03:38:40    3925.88    5139.42    4104.95    5141.00      450.3      450.3      450.3          0        234        244        244          0          4     213.74          0          0          0          0          0          0          0      12.10          0         11     300.45        418      35.43         48        1.2       1.17       41.5       37.8       0.00       0.00       0.00       0.00          0 
10-01-2014 03:38:50    3925.88    5139.42    4104.95    5141.00      450.6      450.6      450.6          0        233        232        232          0          4     213.74          0          0          0          0          0          0          0      12.10          0         14     300.11        386      35.43         51        1.2       1.16       41.4       37.8       0.00       0.00       0.00       0.00          0 
10-01-2014 03:39:00    3925.88    5139.42    4104.95    5141.00      450.3      450.3      450.3          0        232        232        232          0          2     213.74          0          0          0          0          0          0          0      12.10          0          8     299.29        427      35.40         41        1.2       1.17       41.4       37.8       0.00       0.00       0.00       0.00          0 
10-01-2014 03:39:10    3925.88    5139.42    4104.95    5141.00      450.0      450.0      450.0          0        232        232        232          0          2     213.74          0          0          0          0          0          0          0      12.10          0          7     299.34        437      35.39         38        1.2       1.17       41.4       37.8       0.00       0.00       0.00       0.00          0 
10-01-2014 03:39:20    3925.88    5139.42    4104.95    5141.00      450.1      450.1      450.1          0        232        232        232          0          3     213.74          0          0          0          0          0          0          0      12.10          0         11     300.06        458      35.39         18        1.2       1.17       41.4       37.8       0.00       0.00       0.00       0.00          0 
10-01-2014 03:39:30    3925.88    5139.42    4104.95    5141.00      450.6      450.6      450.6          0        234        232        232          0          4     213.74          0          0          0          0          0          0          0      12.10          0          9     300.15        457      35.36         19        1.2       1.17       41.4       37.7       0.00       0.00       0.00       0.00          0 
10-01-2014 03:39:40    3925.88    5139.42    4104.95    5141.00      450.5      450.5      450.5          0        232        232        232          0          3     213.74          0          0          0          0          0          0          0      12.10          0         13     300.01        449      35.29         25        1.2       1.17       41.4       37.8       0.00       0.00       0.00       0.00          0 
10-01-2014 03:39:50    3925.88    5139.42    4104.95    5141.00      450.5      450.5      450.5          0        233        244        244          0          5     213.74          0          0          0          0          0          0          0      12.10          0         14     300.18        403      35.36         35        1.2       1.17       41.4       37.7       0.00       0.00       0.00       0.00          0 
10-01-2014 03:40:00    3925.88    5139.42    4104.95    5141.00      450.8      450.8      450.8          0        232        232        232          0          3     213.74          0          0          0          0          0          0          0      12.10          0         12     299.67        460      35.45         49        1.2       1.17       41.4       37.8       0.00       0.00       0.00       0.00          0 
10-01-2014 03:40:10    3925.88    5139.42    4104.95    5141.00      450.5      450.5      450.5          0        233        232        232          0          4     213.74          0          0          0          0          0          0          0      12.10          0         13     299.97        471      35.41         55        1.2       1.17       41.4       37.8       0.00       0.00       0.00       0.00          0 
10-01-2014 03:40:20    3925.88    5139.42    4104.95    5141.00      450.5      450.5      450.5          0        232        232        232          0          4     213.74          0          0          0          0          0          0          0      12.10          0         12     299.95        474      35.37         63        1.2       1.17       41.4       37.8       0.00       0.00       0.00       0.00          0 
10-01-2014 03:40:30    3925.88    5139.42    4104.95    5141.00      450.4      450.4      450.4          0        233        244        244          0          5     213.74          0          0          0          0          0          0          0      12.10          0         10     300.07        457      35.38         55        1.2       1.17       41.4       37.7       0.00       0.00       0.00       0.00          0 
10-01-2014 03:40:40    3925.88    5139.42    4104.95    5141.00      450.3      450.3      450.3          0        232        232        232          0          4     213.74          0          0          0          0          0          0          0      12.10          0         11     299.73        527      35.41         45        1.2       1.17       41.4       37.8       0.00       0.00       0.00       0.00          0 
10-01-2014 03:40:50    3925.88    5139.42    4104.95    5141.00      450.5      450.5      450.5          0        232        232        232          0          3     213.74          0          0          0          0          0          0          0      12.10          0         13     298.99        631      35.43         37        1.2       1.17       41.4       37.7       0.00       0.00       0.00       0.00          0 
10-01-2014 03:41:00    3925.88    5139.42    4104.95    5141.00      450.5      450.5      450.5          0        232        232        232          0          1     213.74          0          0          0          0          0          0          0      12.10          0         10     300.10        726      35.40         42        1.2       1.17       41.5       37.7       0.00       0.00       0.00       0.00          0 
10-01-2014 03:41:10    3925.88    5139.42    4104.95    5141.00      451.1      451.1      451.1          0        232        232        232          0          1     213.74          0          0          0          0          0          0          0      12.10          0         13     299.94        670      35.33         38        1.2       1.17       41.4       37.8       0.00       0.00       0.00       0.00          0 
10-01-2014 03:41:20    3925.88    5139.42    4104.95    5141.00      450.5      450.5      450.5          0        232        232        232          0          3     213.74          0          0          0          0          0          0          0      12.10          0         14     299.62        697      35.33         36        1.2       1.17       41.4       37.7       0.00       0.00       0.00       0.00          0 
10-01-2014 03:41:30    3925.88    5139.42    4104.95    5141.00      450.3      450.3      450.3          0        232        232        232          0          1     213.74          0          0          0          0          0          0          0      12.10          0         14     299.29        666      35.41         50        1.2       1.17       41.4       37.7       0.00       0.00       0.00       0.00          0 
10-01-2014 03:41:40    3925.88    5139.42    4104.95    5141.00      450.7      450.7      450.7          0        232        232        232          0          2     213.74          0          0          0          0          0          0          0      12.10          0         15     299.64        598      35.38         44        1.2       1.17       41.4       37.7       0.00       0.00       0.00       0.00          0 
10-01-2014 03:41:50    3925.88    5139.42    4104.95    5141.00      450.9      450.9      450.9          0        235        232        232          0          3     213.74          0          0          0          0          0          0          0      12.10          0          8     299.69        357      35.37         43        1.2       1.17       41.4       37.7       0.00       0.00       0.00       0.00          0 
10-01-2014 03:42:00    3925.88    5139.42    4104.95    5141.00      450.7      450.7      450.7          0        232        232        232          0          3     213.74          0          0          0          0          0          0          0      12.10          0         14     300.00        378      35.44         50        1.2       1.17       41.4       37.7       0.00       0.00       0.00       0.00          0 
10-01-2014 03:42:10    3925.88    5139.42    4104.95    5141.00      450.4      450.4      450.4          0        233        232        232          0          2     213.74          0          0          0          0          0          0          0      12.10          0         14     300.19        301      35.33         62        1.2       1.17       41.4       37.7       0.00       0.00       0.00       0.00          0 
10-01-2014 03:42:20    3925.88    5139.42    4104.95    5141.00      450.9      450.9      450.9          0        232        232        232          0          2     213.74          0          0          0          0          0          0          0      12.10          0         13     299.98        290      35.25         61        1.2       1.17       41.4       37.8       0.00       0.00       0.00       0.00          0 
10-01-2014 03:42:30    3925.88    5139.42    4104.95    5141.00      450.5      450.5      450.5          0        236        232        232          0          3     213.74          0          0          0          0          0          0          0      12.10          0          9     300.29        284      35.29         64        1.2       1.17       41.4       37.8       0.00       0.00       0.00       0.00          0 
10-01-2014 03:42:40    3925.88    5139.42    4104.95    5141.00      449.6      449.6      449.6          0        238        232        232          0          2     213.74          0          0          0          0          0          0          0      12.10          0         13     300.18        243      35.48         91        1.2       1.17       41.4       37.8       0.00       0.00       0.00       0.00          0 
10-01-2014 03:42:50    3925.88    5139.42    4104.95    5141.00      450.3      450.3      450.3          0        235        232        232          0          3     213.74          0          0          0          0          0          0          0      12.10          0         15     300.40        257      35.48         81        1.2       1.17       41.4       37.7       0.00       0.00       0.00       0.00          0 
10-01-2014 03:43:00    3925.88    5139.42    4104.95    5141.00      450.5      450.5      450.5          0        232        232        232          0          2     213.74          0          0          0          0          0          0          0      12.10          0         14     300.37        267      35.41         80        1.2       1.17       41.4       37.7       0.00       0.00       0.00       0.00          0 
10-01-2014 03:43:10    3925.88    5139.42    4104.95    5141.00      450.0      450.0      450.0          0        232        232        232          0          1     213.74          0          0          0          0          0          0          0      12.10          0         14     299.74        361      35.41         58        1.2       1.17       41.4       37.7       0.00       0.00       0.00       0.00          0 
10-01-2014 03:43:20    3925.88    5139.42    4104.95    5141.00      450.5      450.5      450.5          0        232        232        232          0          3     213.74          0          0          0          0          0          0          0      12.10          0         14     299.66        344      35.37         58        1.2       1.17       41.4       37.7       0.00       0.00       0.00       0.00          0 
10-01-2014 03:43:30    3925.88    5139.42    4104.95    5141.00      450.2      450.2      450.2          0        234        232        232          0          1     213.74          0          0          0          0          0          0          0      12.10          0          8     300.33        397      35.32         38        1.2       1.17       41.4       37.7       0.00       0.00       0.00       0.00          0 
10-01-2014 03:43:40    3925.88    5139.42    4104.95    5141.00      450.5      450.5      450.5          0        235        232        232          0          2     213.74          0          0          0          0          0          0          0      12.10          0         12     299.57        480      35.38         41        1.2       1.17       41.4       37.7       0.00       0.00       0.00       0.00          0 
10-01-2014 03:43:50    3925.88    5139.42    4104.95    5141.00      450.6      450.6      450.6          0        232        232        232          0          4     213.74          0          0          0          0          0          0          0      12.10          0          8     299.07        498      35.37         34        1.2       1.17       41.4       37.7       0.00       0.00       0.00       0.00          0 
10-01-2014 03:44:00    3925.88    5139.42    4104.95    5141.00      450.9      450.9      450.9          0        234        232        232          0          1     213.74          0          0          0          0          0          0          0      12.10          0         11     299.17        456      35.26         53        1.2       1.17       41.4       37.7       0.00       0.00       0.00       0.00          0 
10-01-2014 03:44:10    3925.88    5139.42    4104.95    5141.00      450.2      450.2      450.2          0        234        232        232          0          3     213.74          0          0          0          0          0          0          0      12.10          0         14     299.32        444      35.30         57        1.2       1.17       41.4       37.7       0.00       0.00       0.00       0.00          0 
10-01-2014 03:44:20    3925.88    5139.42    4104.95    5141.00      450.5      450.5      450.5          0        233        232        232          0          3     213.74          0          0          0          0          0          0          0      12.10          0          8     299.49        409      35.35         54        1.2       1.17       41.4       37.7       0.00       0.00       0.00       0.00          0 
10-01-2014 03:44:30    3925.88    5139.42    4104.95    5141.00      450.7      450.7      450.7          0        234        232        232          0          3     213.74          0          0          0          0          0          0          0      12.10          0          7     299.91        307      35.38         50        1.2       1.17       41.4       37.7       0.00       0.00       0.00       0.00          0 
10-01-2014 03:44:40    3925.88    5139.42    4104.95    5141.00      450.5      450.5      450.5          0        234        232        232          0          3     213.74          0          0          0          0          0          0          0      12.10          0         14     300.28        301      35.37         47        1.2       1.17       41.4       37.7       0.00       0.00       0.00       0.00          0 
10-01-2014 03:44:50    3925.88    5139.42    4104.95    5141.00      450.3      450.3      450.3          0        233        232        232          0          3     213.74          0          0          0          0          0          0          0      12.10          0          8     300.13        348      35.35         43        1.2       1.17       41.4       37.7       0.00       0.00       0.00       0.00          0 
10-01-2014 03:45:00    3925.88    5139.42    4104.95    5141.00      450.5      450.5      450.5          0        236        232        232          0          3     213.74          0          0          0          0          0          0          0      12.10          0         14     300.07        383      35.33         29        1.2       1.17       41.4       37.7       0.00       0.00       0.00       0.00          0 
10-01-2014 03:45:10    3925.88    5139.42    4104.95    5141.00      450.6      450.6      450.6          0        234        232        232          0          3     213.74          0          0          0          0          0          0          0      12.10          0         14     300.09        383      35.29         22        1.2       1.17       41.4       37.7       0.00       0.00       0.00       0.00          0 
10-01-2014 03:45:20    3925.88    5139.42    4104.95    5141.00      450.5      450.5      450.5          0        232        232        232          0          2     213.74          0          0          0          0          0          0          0      12.10          0          9     300.18        327      35.37         30        1.2       1.17       41.4       37.7       0.00       0.00       0.00       0.00          0 
10-01-2014 03:45:30    3925.88    5139.42    4104.95    5141.00      450.4      450.4      450.4          0        232        232        232          0          3     213.74          0          0          0          0          0          0          0      12.10          0         13     300.67        399      35.38         31        1.2       1.17       41.4       37.7       0.00       0.00       0.00       0.00          0 
10-01-2014 03:45:40    3925.88    5139.42    4104.95    5141.00      450.6      450.6      450.6          0        234        232        232          0          3     213.74          0          0          0          0          0          0          0      12.10          0          2     299.30        534      35.38         34        1.2       1.17       41.4       37.7       0.00       0.00       0.00       0.00          0 
10-01-2014 03:45:50    3925.88    5139.42    4104.95    5141.00      450.6      450.6      450.6          0        235        232        232          0          2     213.74          0          0          0          0          0          0          0      12.10          0         14     300.00        551      35.44         39        1.2       1.17       41.4       37.7       0.00       0.00       0.00       0.00          0 
10-01-2014 03:46:00    3925.88    5139.42    4104.95    5141.00      450.5      450.5      450.5          0        233        232        232          0          3     213.74          0          0          0          0          0          0          0      12.10          0         11     300.23        539      35.39         41        1.2       1.17       41.4       37.7       0.00       0.00       0.00       0.00          0 
10-01-2014 03:46:10    3925.88    5139.42    4104.95    5141.00      450.4      450.4      450.4          0        232        232        232          0          3     213.74          0          0          0          0          0          0          0      12.10          0         13     300.45        612      35.38         43        1.2       1.17       41.4       37.7       0.00       0.00       0.00       0.00          0 
10-01-2014 03:46:20    3925.88    5139.42    4104.95    5141.00      450.4      450.4      450.4          0        232        232        232          0          3     213.74          0          0          0          0          0          0          0      12.10          0         11     299.60        709      35.08         83        1.2       1.17       41.3       37.7       0.00       0.00       0.00       0.00          0 
10-01-2014 03:46:30    3925.88    5139.42    4104.95    5141.00      450.5      450.5      450.5          0        232        232        232          0          3     213.74          0          0          0          0          0          0          0      12.10          0          8     299.12        671      35.06         85        1.2       1.17       41.4       37.7       0.00       0.00       0.00       0.00          0 
10-01-2014 03:46:40    3925.88    5139.42    4104.95    5141.00      450.4      450.4      450.4          0        233        232        232          0          2     213.74          0          0          0          0          0          0          0      12.10          0          8     300.06        568      35.14         88        1.2       1.17       41.4       37.7       0.00       0.00       0.00       0.00          0 
10-01-2014 03:46:50    3925.88    5139.42    4104.95    5141.00      450.5      450.5      450.5          0        232        232        232          0          2     213.74          0          0          0          0          0          0          0      12.10          0         13     299.39        671      35.22         91        1.2       1.17       41.4       37.7       0.00       0.00       0.00       0.00          0 
10-01-2014 03:47:00    3925.88    5139.42    4104.95    5141.00      450.5      450.5      450.5          0        233        232        232          0          2     213.74          0          0          0          0          0          0          0      12.10          0         11     300.01        735      35.23         90        1.2       1.17       41.3       37.7       0.00       0.00       0.00       0.00          0 
10-01-2014 03:47:10    3925.88    5139.42    4104.95    5141.00      450.8      450.8      450.8          0        238        244        244          0          3     213.74          0          0          0          0          0          0          0      12.10          0         15     300.11        578      35.28         60        1.2       1.17       41.3       37.7       0.00       0.00       0.00       0.00          0 
10-01-2014 03:47:20    3925.88    5139.42    4104.95    5141.00      450.2      450.2      450.2          0        233        232        232          0          2     213.74          0          0          0          0          0          0          0      12.10          0          7     300.20        559      35.26         43        1.2       1.17       41.4       37.7       0.00       0.00       0.00       0.00          0 
10-01-2014 03:47:30    3925.88    5139.42    4104.95    5141.00      450.7      450.7      450.7          0        232        232        232          0          3     213.74          0          0          0          0          0          0          0      12.10          0          9     301.41        590      35.25         35        1.2       1.17       41.3       37.7       0.00       0.00       0.00       0.00          0 
10-01-2014 03:47:40    3925.88    5139.42    4104.95    5141.00      450.3      450.3      450.3          0        234        232        232          0          1     213.74          0          0          0          0          0          0          0      12.10          0         11     300.30        695      35.27         36        1.2       1.17       41.4       37.7       0.00       0.00       0.00       0.00          0 
10-01-2014 03:47:50    3925.88    5139.42    4104.95    5141.00      450.4      450.4      450.4          0        232        232        232          0          1     213.74          0          0          0          0          0          0          0      12.10          0         16     300.52        608      35.21         32        1.2       1.17       41.4       37.7       0.00       0.00       0.00       0.00          0 
10-01-2014 03:48:00    3925.88    5139.42    4104.95    5141.00      450.8      450.8      450.8          0        232        232        232          0          3     213.74          0          0          0          0          0          0          0      12.10          0          9     300.52        600      35.20         29        1.2       1.17       41.4       37.7       0.00       0.00       0.00       0.00          0 
10-01-2014 03:48:10    3925.88    5139.42    4104.95    5141.00      451.0      451.0      451.0          0        234        232        232          0          2     213.74          0          0          0          0          0          0          0      12.10          0          9     300.42        652      35.25         33        1.2       1.17       41.4       37.7       0.00       0.00       0.00       0.00          0 
10-01-2014 03:48:20    3925.88    5139.42    4104.95    5141.00      450.7      450.7      450.7          0        232        232        232          0          4     213.74          0          0          0          0          0          0          0      12.10          0         10     299.51        594      35.23         33        1.2       1.17       41.4       37.7       0.00       0.00       0.00       0.00          0 
10-01-2014 03:48:30    3925.88    5139.42    4104.95    5141.00      450.9      450.9      450.9          0        232        232        232          0          3     213.74          0          0          0          0          0          0          0      12.10          0          9     299.65        529      35.24         32        1.2       1.17       41.4       37.7       0.00       0.00       0.00       0.00          0 
10-01-2014 03:48:40    3925.88    5139.42    4104.95    5141.00      450.9      450.9      450.9          0        234        232        232          0          4     213.74          0          0          0          0          0          0          0      12.10          0          7     300.24        490      35.28         31        1.2       1.17       41.4       37.7       0.00       0.00       0.00       0.00          0 
10-01-2014 03:48:50    3925.88    5139.42    4104.95    5141.00      450.8      450.8      450.8          0        234        232        232          0          3     213.74          0          0          0          0          0          0          0      12.10          0         16     300.62        482      35.28         23        1.2       1.17       41.4       37.7       0.00       0.00       0.00       0.00          0 
10-01-2014 03:49:00    3925.88    5139.42    4104.95    5141.00      451.4      451.4      451.4          0        232        232        232          0          2     213.74          0          0          0          0          0          0          0      12.10          0         12     300.68        462      35.29         17        1.2       1.17       41.4       37.7       0.00       0.00       0.00       0.00          0 
10-01-2014 03:49:10    3925.88    5139.42    4104.95    5141.00      451.4      451.4      451.4          0        234        232        232          0          2     213.74          0          0          0          0          0          0          0      12.10          0          9     300.52        412      35.35         34        1.2       1.17       41.4       37.7       0.00       0.00       0.00       0.00          0 
10-01-2014 03:49:20    3925.88    5139.42    4104.95    5141.00      450.9      450.9      450.9          0        232        232        232          0          1     213.74          0          0          0          0          0          0          0      12.10          0         14     299.77        449      35.19         58        1.2       1.17       41.4       37.7       0.00       0.00       0.00       0.00          0 
10-01-2014 03:49:30    3925.88    5139.42    4104.95    5141.00      450.7      450.7      450.7          0        232        232        232          0          4     213.74          0          0          0          0          0          0          0      12.10          0         10     299.80        404      35.27         66        1.2       1.17       41.3       37.7       0.00       0.00       0.00       0.00          0 
10-01-2014 03:49:40    3925.88    5139.42    4104.95    5141.00      450.6      450.6      450.6          0        233        232        232          0          4     213.74          0          0          0          0          0          0          0      12.10          0          8     300.18        381      35.33         76        1.2       1.17       41.4       37.7       0.00       0.00       0.00       0.00          0 
10-01-2014 03:49:50    3925.88    5139.42    4104.95    5141.00      451.0      451.0      451.0          0        235        232        232          0          3     213.74          0          0          0          0          0          0          0      12.10          0         14     300.78        456      35.29         84        1.2       1.17       41.4       37.7       0.00       0.00       0.00       0.00          0 
10-01-2014 03:50:00    3925.88    5139.42    4104.95    5141.00      450.4      450.4      450.4          0        238        244        244          0          2     213.74          0          0          0          0          0          0          0      12.10          0         10     300.48        482      35.24         78        1.2       1.17       41.3       37.7       0.00       0.00       0.00       0.00          0 
10-01-2014 03:50:10    3925.88    5139.42    4104.95    5141.00      451.0      451.0      451.0          0        235        232        232          0          4     213.74          0          0          0          0          0          0          0      12.10          0         14     299.85        468      35.29         68        1.2       1.17       41.3       37.7       0.00       0.00       0.00       0.00          0 
10-01-2014 03:50:20    3925.88    5139.42    4104.95    5141.00      451.2      451.2      451.2          0        234        232        232          0          3     213.74          0          0          0          0          0          0          0      12.10          0         13     299.83        477      35.31         55        1.2       1.17       41.3       37.7       0.00       0.00       0.00       0.00          0 
10-01-2014 03:50:30    3925.88    5139.42    4104.95    5141.00      451.2      451.2      451.2          0        234        232        232          0          3     213.74          0          0          0          0          0          0          0      12.10          0         12     300.55        521      35.07         74        1.2       1.17       41.4       37.7       0.00       0.00       0.00       0.00          0 
10-01-2014 03:50:40    3925.88    5139.42    4104.95    5141.00      451.1      451.1      451.1          0        233        232        232          0          3     213.74          0          0          0          0          0          0          0      12.10          0          9     300.69        499      35.27        107        1.2       1.17       41.4       37.7       0.00       0.00       0.00       0.00          0 
10-01-2014 03:50:50    3925.88    5139.42    4104.95    5141.00      451.3      451.3      451.3          0        232        232        232          0          2     213.74          0          0          0          0          0          0          0      12.10          0         15     300.26        485      35.44        123        1.2       1.17       41.3       37.7       0.00       0.00       0.00       0.00          0 
10-01-2014 03:51:00    3925.88    5139.42    4104.95    5141.00      450.9      450.9      450.9          0        236        232        232          0          2     213.74          0          0          0          0          0          0          0      12.10          0         11     300.47        424      35.59        144        1.2       1.17       41.3       37.7       0.00       0.00       0.00       0.00          0 
10-01-2014 03:51:10    3925.88    5139.42    4104.95    5141.00      451.1      451.1      451.1          0        232        232        232          0          3     213.74          0          0          0          0          0          0          0      12.10          0         14     300.36        348      35.66        164        1.2       1.17       41.3       37.7       0.00       0.00       0.00       0.00          0 
10-01-2014 03:51:20    3925.88    5139.42    4104.95    5141.00      451.1      451.1      451.1          0        232        232        232          0          3     213.74          0          0          0          0          0          0          0      12.10          0         12     300.10        296      35.56        147        1.2       1.17       41.4       37.7       0.00       0.00       0.00       0.00          0 
10-01-2014 03:51:30    3925.88    5139.42    4104.95    5141.00      451.4      451.4      451.4          0        232        232        232          0          2     213.74          0          0          0          0          0          0          0      12.10          0         13     300.31        294      35.56        131        1.2       1.17       41.4       37.7       0.00       0.00       0.00       0.00          0 
10-01-2014 03:51:40    3925.88    5139.42    4104.95    5141.00      451.2      451.2      451.2          0        234        232        232          0          3     213.74          0          0          0          0          0          0          0      12.10          0          7     300.37        274      35.58         89        1.2       1.17       41.3       37.7       0.00       0.00       0.00       0.00          0 
10-01-2014 03:51:50    3925.88    5139.42    4104.95    5141.00      451.3      451.3      451.3          0        232        232        232          0          2     213.74          0          0          0          0          0          0          0      12.10          0         10     300.74        286      35.60         66        1.2       1.17       41.3       37.7       0.00       0.00       0.00       0.00          0 
10-01-2014 03:52:00    3925.88    5139.42    4104.95    5141.00      451.5      451.5      451.5          0        232        232        232          0          3     213.74          0          0          0          0          0          0          0      12.10          0         14     300.36        312      35.68         52        1.2       1.17       41.3       37.7       0.00       0.00       0.00       0.00          0 
10-01-2014 03:52:10    3925.88    5139.42    4104.95    5141.00      451.6      451.6      451.6          0        232        232        232          0          2     213.74          0          0          0          0          0          0          0      12.10          0          9     300.11        306      35.66         42        1.2       1.17       41.4       37.7       0.00       0.00       0.00       0.00          0 
10-01-2014 03:52:20    3925.88    5139.42    4104.95    5141.00      451.3      451.3      451.3          0        235        232        232          0          2     213.74          0          0          0          0          0          0          0      12.10          0         14     299.66        396      35.64         32        1.2       1.17       41.3       37.7       0.00       0.00       0.00       0.00          0 
10-01-2014 03:52:30    3925.88    5139.42    4104.95    5141.00      450.7      450.7      450.7          0        232        232        232          0          3     213.74          0          0          0          0          0          0          0      12.10          0         14     300.52        538      35.62         37        1.2       1.17       41.4       37.7       0.00       0.00       0.00       0.00          0 
10-01-2014 03:52:40    3925.88    5139.42    4104.95    5141.00      451.7      451.7      451.7          0        233        232        232          0          3     213.74          0          0          0          0          0          0          0      12.10          0         11     300.24        576      35.66         39        1.2       1.17       41.3       37.7       0.00       0.00       0.00       0.00          0 
10-01-2014 03:52:50    3925.88    5139.42    4104.95    5141.00      451.3      451.3      451.3          0        234        232        232          0          1     213.74          0          0          0          0          0          0          0      12.10          0         12     300.31        539      35.66         29        1.2       1.17       41.3       37.7       0.00       0.00       0.00       0.00          0 
10-01-2014 03:53:00    3925.88    5139.42    4104.95    5141.00      451.3      451.3      451.3          0        232        232        232          0          2     213.74          0          0          0          0          0          0          0      12.10          0         13     299.74        607      35.64         27        1.2       1.17       41.4       37.7       0.00       0.00       0.00       0.00          0 
10-01-2014 03:53:10    3925.88    5139.42    4104.95    5141.00      451.8      451.8      451.8          0        232        232        232          0          3     213.74          0          0          0          0          0          0          0      12.10          0         10     299.95        581      35.70         32        1.2       1.17       41.4       37.7       0.00       0.00       0.00       0.00          0 
10-01-2014 03:53:20    3925.88    5139.42    4104.95    5141.00      452.1      452.1      452.1          0        232        232        232          0          1     213.74          0          0          0          0          0          0          0      12.10          0         10     300.19        476      35.69         28        1.2       1.17       41.4       37.7       0.00       0.00       0.00       0.00          0 
10-01-2014 03:53:30    3925.88    5139.42    4104.95    5141.00      451.6      451.6      451.6          0        232        232        232          0          2     213.74          0          0          0          0          0          0          0      12.10          0          9     300.30        319      35.69         21        1.2       1.17       41.3       37.7       0.00       0.00       0.00       0.00          0 
10-01-2014 03:53:40    3925.88    5139.42    4104.95    5141.00      451.5      451.5      451.5          0        234        232        232          0          2     213.74          0          0          0          0          0          0          0      12.10          0          7     300.21        285      35.67         23        1.2       1.17       41.4       37.7       0.00       0.00       0.00       0.00          0 
10-01-2014 03:53:50    3925.88    5139.42    4104.95    5141.00      451.6      451.6      451.6          0        232        232        232          0          3     213.74          0          0          0          0          0          0          0      12.10          0         14     300.12        216      35.68         24        1.2       1.17       41.4       37.7       0.00       0.00       0.00       0.00          0 
10-01-2014 03:54:00    3925.88    5139.42    4104.95    5141.00      451.9      451.9      451.9          0        232        232        232          0          2     213.74          0          0          0          0          0          0          0      12.10          0         12     300.34        172      35.75         32        1.2       1.17       41.4       37.7       0.00       0.00       0.00       0.00          0 
10-01-2014 03:54:10    3925.88    5139.42    4104.95    5141.00      451.7      451.7      451.7          0        234        232        232          0          3     213.74          0          0          0          0          0          0          0      12.10          0          9     300.40        118      35.67         40        1.2       1.17       41.3       37.7       0.00       0.00       0.00       0.00          0 
10-01-2014 03:54:20    3925.88    5139.42    4104.95    5141.00      451.6      451.6      451.6          0        233        232        232          0          2     213.74          0          0          0          0          0          0          0      12.10          0         11     300.33        131      35.66         39        1.2       1.17       41.3       37.7       0.00       0.00       0.00       0.00          0 
10-01-2014 03:54:30    3925.88    5139.42    4104.95    5141.00      451.4      451.4      451.4          0        233        232        232          0          2     213.74          0          0          0          0          0          0          0      12.10          0         11     300.19        147      35.67         40        1.2       1.17       41.3       37.7       0.00       0.00       0.00       0.00          0 
10-01-2014 03:54:40    3925.88    5139.42    4104.95    5141.00      452.2      452.2      452.2          0        232        232        232          0          2     213.74          0          0          0          0          0          0          0      12.10          0          8     300.37        213      35.67         40        1.2       1.17       41.4       37.7       0.00       0.00       0.00       0.00          0 
10-01-2014 03:54:50    3925.88    5139.42    4104.95    5141.00      451.3      451.3      451.3          0        232        232        232          0          2     213.74          0          0          0          0          0          0          0      12.10          0          9     300.33        228      35.65         31        1.2       1.17       41.4       37.7       0.00       0.00       0.00       0.00          0 
10-01-2014 03:55:00    3925.88    5139.42    4104.95    5141.00      451.3      451.3      451.3          0        233        232        232          0          2     213.74          0          0          0          0          0          0          0      12.10          0          9     300.69        276      35.66         25        1.2       1.17       41.3       37.7       0.00       0.00       0.00       0.00          0 
10-01-2014 03:55:10    3925.89    5139.42    4104.95    5141.00      451.6      451.6      451.6          0        232        232        232          0          2     213.74          0          0          0          0          0          0          0      12.10          0         14     300.19        358      35.66         18        1.2       1.17       41.3       37.7       0.00       0.00       0.00       0.00          0 
10-01-2014 03:55:20    3925.89    5139.42    4104.95    5141.00      451.5      451.5      451.5          0        232        232        232          0          2     213.74          0          0          0          0          0          0          0      12.10          0         11     300.18        329      35.62         24        1.2       1.17       41.3       37.6       0.00       0.00       0.00       0.00          0 
10-01-2014 03:55:30    3925.89    5139.42    4104.95    5141.00      451.3      451.3      451.3          0        234        232        232          0          2     213.74          0          0          0          0          0          0          0      12.10          0          8     300.15        272      35.72         39        1.2       1.17       41.4       37.7       0.00       0.00       0.00       0.00          0 
10-01-2014 03:55:40    3925.90    5139.42    4104.95    5141.00      451.4      451.4      451.4          0        233        232        232          0          2     213.74          0          0          0          0          0          0          0      12.10          0          9     299.99        258      35.74         35        1.2       1.17       41.3       37.7       0.00       0.00       0.00       0.00          0 
10-01-2014 03:55:50    3925.90    5139.42    4104.95    5141.00      451.9      451.9      451.9          0        233        244        244          0          2     213.74          0          0          0          0          0          0          0      12.10          0         13     299.97        297      35.70         39        1.2       1.17       41.3       37.7       0.00       0.00       0.00       0.00          0 
10-01-2014 03:56:00    3925.90    5139.42    4104.95    5141.00      451.4      451.4      451.4          0        233        232        232          0          3     213.74          0          0          0          0          0          0          0      12.10          0         14     300.00        259      35.68         38        1.2       1.17       41.4       37.7       0.00       0.00       0.00       0.00          0 
10-01-2014 03:56:10    3925.90    5139.42    4104.95    5141.00      451.9      451.9      451.9          0        235        232        232          0          2     213.74          0          0          0          0          0          0          0      12.10          0         13     300.81        330      35.56         59        1.2       1.17       41.3       37.7       0.00       0.00       0.00       0.00          0 
10-01-2014 03:56:20    3925.90    5139.42    4104.95    5141.00      451.7      451.7      451.7          0        233        232        232          0          1     213.74          0          0          0          0          0          0          0      12.10          0          7     300.18        452      35.57         56        1.2       1.17       41.3       37.7       0.00       0.00       0.00       0.00          0 
10-01-2014 03:56:30    3925.90    5139.42    4104.95    5141.00      451.7      451.7      451.7          0        233        232        232          0          1     213.74          0          0          0          0          0          0          0      12.10          0         11     300.12        557      35.70         58        1.2       1.17       41.3       37.7       0.00       0.00       0.00       0.00          0 
10-01-2014 03:56:40    3925.90    5139.42    4104.95    5141.00      451.9      451.9      451.9          0        232        232        232          0          1     213.74          0          0          0          0          0          0          0      12.10          0         13     300.46        550      35.69         54        1.2       1.17       41.3       37.7       0.00       0.00       0.00       0.00          0 
10-01-2014 03:56:50    3925.90    5139.42    4104.95    5141.00      451.7      451.7      451.7          0        232        232        232          0          1     213.74          0          0          0          0          0          0          0      12.10          0         12     300.37        523      35.67         55        1.2       1.17       41.3       37.7       0.00       0.00       0.00       0.00          0 
10-01-2014 03:57:00    3925.90    5139.42    4104.95    5141.00      451.3      451.3      451.3          0        233        244        244          0          1     213.74          0          0          0          0          0          0          0      12.10          0          9     301.40        564      35.68         33        1.2       1.17       41.3       37.7       0.00       0.00       0.00       0.00          0 
10-01-2014 03:57:10    3925.90    5139.42    4104.95    5141.00      451.8      451.8      451.8          0        234        232        232          0          2     213.74          0          0          0          0          0          0          0      12.10          0         12     300.57        563      35.69         33        1.2       1.17       41.4       37.7       0.00       0.00       0.00       0.00          0 
10-01-2014 03:57:20    3925.90    5139.42    4104.95    5141.00      451.7      451.7      451.7          0        232        232        232          0          1     213.74          0          0          0          0          0          0          0      12.10          0         13     300.55        460      35.75         22        1.2       1.17       41.3       37.7       0.00       0.00       0.00       0.00          0 
10-01-2014 03:57:30    3925.90    5139.42    4104.95    5141.00      451.6      451.6      451.6          0        232        232        232          0          1     213.74          0          0          0          0          0          0          0      12.10          0         13     300.16        507      35.74         27        1.2       1.17       41.3       37.7       0.00       0.00       0.00       0.00          0 
10-01-2014 03:57:40    3925.90    5139.42    4104.95    5141.00      451.4      451.4      451.4          0        234        232        232          0          3     213.74          0          0          0          0          0          0          0      12.10          0         10     299.68        526      35.75         27        1.2       1.17       41.3       37.7       0.00       0.00       0.00       0.00          0 
10-01-2014 03:57:50    3925.90    5139.42    4104.95    5141.00      451.7      451.7      451.7          0        236        232        232          0          2     213.74          0          0          0          0          0          0          0      12.10          0         12     300.58        601      35.77         30        1.2       1.17       41.3       37.7       0.00       0.00       0.00       0.00          0 
10-01-2014 03:58:00    3925.90    5139.42    4104.95    5141.00      451.8      451.8      451.8          0        234        232        232          0          2     213.74          0          0          0          0          0          0          0      12.10          0          8     300.61        514      35.80         39        1.2       1.17       41.3       37.7       0.00       0.00       0.00       0.00          0 
10-01-2014 03:58:10    3925.90    5139.42    4104.95    5141.00      451.6      451.6      451.6          0        232        232        232          0          3     213.74          0          0          0          0          0          0          0      12.10          0         12     301.02        507      35.78         34        1.2       1.17       41.3       37.7       0.00       0.00       0.00       0.00          0 
10-01-2014 03:58:20    3925.90    5139.42    4104.95    5141.00      451.7      451.7      451.7          0        236        232        232          0          3     213.74          0          0          0          0          0          0          0      12.10          0         12     301.08        457      35.74         37        1.2       1.17       41.3       37.7       0.00       0.00       0.00       0.00          0 
10-01-2014 03:58:30    3925.90    5139.42    4104.95    5141.00      451.7      451.7      451.7          0        232        232        232          0          2     213.74          0          0          0          0          0          0          0      12.10          0         11     301.42        424      35.76         37        1.2       1.17       41.4       37.7       0.00       0.00       0.00       0.00          0 
10-01-2014 03:58:40    3925.90    5139.42    4104.95    5141.00      451.6      451.6      451.6          0        236        232        232          0          2     213.74          0          0          0          0          0          0          0      12.10          0         10     300.93        361      35.75         34        1.2       1.17       41.3       37.7       0.00       0.00       0.00       0.00          0 
10-01-2014 03:58:50    3925.90    5139.42    4104.95    5141.00      451.7      451.7      451.7          0        232        232        232          0          3     213.74          0          0          0          0          0          0          0      12.10          0         14     300.61        345      35.73         28        1.2       1.17       41.3       37.7       0.00       0.00       0.00       0.00          0 
10-01-2014 03:59:00    3925.90    5139.42    4104.95    5141.00      451.4      451.4      451.4          0        232        232        232          0          2     213.74          0          0          0          0          0          0          0      12.10          0         13     300.50        328      35.77         30        1.2       1.17       41.3       37.7       0.00       0.00       0.00       0.00          0 
10-01-2014 03:59:10    3925.90    5139.42    4104.95    5141.00      451.8      451.8      451.8          0        234        232        232          0          3     213.74          0          0          0          0          0          0          0      12.10          0          7     300.35        307      35.77         23        1.2       1.17       41.3       37.7       0.00       0.00       0.00       0.00          0 
10-01-2014 03:59:20    3925.90    5139.42    4104.95    5141.00      451.0      451.0      451.0          0        233        232        232          0          3     213.74          0          0          0          0          0          0          0      12.10          0         14     300.35        296      35.78         20        1.2       1.17       41.3       37.7       0.00       0.00       0.00       0.00          0 
10-01-2014 03:59:30    3925.90    5139.42    4104.95    5141.00      451.5      451.5      451.5          0        232        232        232          0          3     213.74          0          0          0          0          0          0          0      12.10          0         13     300.34        281      35.72         24        1.2       1.17       41.4       37.6       0.00       0.00       0.00       0.00          0 
10-01-2014 03:59:40    3925.90    5139.42    4104.95    5141.00      451.9      451.9      451.9          0        233        232        232          0          3     213.74          0          0          0          0          0          0          0      12.10          0         15     300.29        242      35.70         24        1.2       1.17       41.4       37.7       0.00       0.00       0.00       0.00          0 
10-01-2014 03:59:50    3925.90    5139.42    4104.95    5141.00      451.7      451.7      451.7          0        234        232        232          0          2     213.74          0          0          0          0          0          0          0      12.10          0         12     300.63        271      35.70         19        1.2       1.17       41.4       37.7       0.00       0.00       0.00       0.00          0 
10-01-2014 04:00:00    3925.90    5139.42    4104.95    5141.00      451.7      451.7      451.7          0        234        232        232          0          1     213.74          0          0          0          0          0          0          0      12.10          0         10     300.99        291      35.72         24        1.2       1.17       41.3       37.7       0.00       0.00       0.00       0.00          0 
10-01-2014 04:00:10    3925.90    5139.42    4104.95    5141.00      452.7      452.7      452.7          0        232        232        232          0          1     213.74          0          0          0          0          0          0          0      12.10          0          9     301.06        353      35.71         22        1.2       1.17       41.3       37.7       0.00       0.00       0.00       0.00          0 
10-01-2014 04:00:20    3925.91    5139.42    4104.95    5141.00      453.8      453.8      453.8          0        232        232        232          0          0     213.74          0          0          0          0          0          0          0      12.10          0          9     300.13        466      35.71         21        1.2       1.17       41.3       37.7       0.00       0.00       0.00       0.00          0 
10-01-2014 04:00:30    3925.91    5139.42    4104.95    5141.00      451.9      451.9      451.9          0        232        232        232          0          1     213.74          0          0          0          0          0          0          0      12.10          0         13     299.70        539      35.73         16        1.2       1.17       41.4       37.6       0.00       0.00       0.00       0.00          0 
10-01-2014 04:00:40    3925.91    5139.42    4104.95    5141.00      451.8      451.8      451.8          0        234        232        232          0          1     213.74          0          0          0          0          0          0          0      12.10          0          9     300.71        681      35.73         18        1.2       1.17       41.3       37.7       0.00       0.00       0.00       0.00          0 
10-01-2014 04:00:50    3925.91    5139.42    4104.95    5141.00      451.8      451.8      451.8          0        232        232        232          0          1     213.74          0          0          0          0          0          0          0      12.10          0         15     300.73        633      35.73         19        1.2       1.17       41.3       37.7       0.00       0.00       0.00       0.00          0 
10-01-2014 04:01:00    3925.91    5139.42    4104.95    5141.00      452.5      452.5      452.5          0        233        232        232          0          1     213.74          0          0          0          0          0          0          0      12.10          0         14     300.97        709      35.69         24        1.2       1.17       41.3       37.7       0.00       0.00       0.00       0.00          0 
10-01-2014 04:01:10    3925.91    5139.42    4104.95    5141.00      451.8      451.8      451.8          0        233        232        232          0          2     213.74          0          0          0          0          0          0          0      12.10          0         12     300.29        673      35.73         48        1.2       1.17       41.3       37.7       0.00       0.00       0.00       0.00          0 

